numero_expedient,codi_districte,nom_districte,codi_barri,nom_barri,nom_carrer,descripcio_dia_setmana,nk_any,mes_any,nom_mes,dia_mes,hora_dia,descripcio_torn,descripcio_causa_vianant,numero_morts,numero_lesionats_lleus,numero_lesionats_greus,numero_victimes,numero_vehicles_implicats,longitud,latitud,fecha,dia_semana,fin_de_semana,franja_horaria,total_lesionados,gravedad,accidente_con_victimas
20190,5,Sarrià-Sant Gervasi,26,Sant Gervasi - Galvany,Diagonal / Augusta,Dimarts,2019,1,Gener,1,1,Nit,No és causa del  vianant,0,0,1,1,1,2,41,2019-01-01,Tuesday,Laborable,Madrugada (00-06h),1,Grave,TRUE
201900,9,Sant Andreu,62,el Congrés i els Indians,Felip II / Congrés Eucarístic,Dimarts,2019,1,Gener,1,4,Nit,No és causa del  vianant,0,1,0,1,2,2,41,2019-01-01,Tuesday,Laborable,Madrugada (00-06h),1,Leve,TRUE
2019000,10,Sant Martí,66,el Parc i la Llacuna del Poblenou,Pallars,Dimarts,2019,1,Gener,1,5,Nit,Creuar per fora pas de vianants,0,1,0,1,1,2,41,2019-01-01,Tuesday,Laborable,Madrugada (00-06h),1,Leve,TRUE
20190000,6,Gràcia,32,el Camp d'en Grassot i Gràcia Nova,Taxdirt / Nogués,Dimarts,2019,1,Gener,1,8,Matí,No és causa del  vianant,0,1,0,1,2,2,41,2019-01-01,Tuesday,Laborable,Manana (06-12h),1,Leve,TRUE
201900000,2,Eixample,7,la Dreta de l'Eixample,Consell de Cent / Girona,Dimarts,2019,1,Gener,1,12,Matí,No és causa del  vianant,0,2,0,2,1,2,41,2019-01-01,Tuesday,Laborable,Tarde (12-18h),2,Leve,TRUE
2.019e+09,6,Gràcia,32,el Camp d'en Grassot i Gràcia Nova,Còrsega,Dimarts,2019,1,Gener,1,7,Matí,No és causa del  vianant,0,1,0,1,2,2,41,2019-01-01,Tuesday,Laborable,Manana (06-12h),1,Leve,TRUE
2.019e+10,2,Eixample,7,la Dreta de l'Eixample,Aragó / Balmes,Dimarts,2019,1,Gener,1,13,Matí,No és causa del  vianant,0,1,0,1,6,2,41,2019-01-01,Tuesday,Laborable,Tarde (12-18h),1,Leve,TRUE
2.019e+11,2,Eixample,7,la Dreta de l'Eixample,Mossèn Jacint Verdaguer,Dimarts,2019,1,Gener,1,13,Matí,No és causa del  vianant,0,1,0,1,2,2,41,2019-01-01,Tuesday,Laborable,Tarde (12-18h),1,Leve,TRUE
2.019e+12,10,Sant Martí,67,la Vila Olímpica del Poblenou,Joan Miró / Doctor Trueta,Dimarts,2019,1,Gener,1,10,Matí,No és causa del  vianant,0,0,0,0,1,2,41,2019-01-01,Tuesday,Laborable,Manana (06-12h),0,Leve,FALSE
2.019e+13,2,Eixample,5,el Fort Pienc,Lepant / Alí Bei,Dimarts,2019,1,Gener,1,18,Tarda,No és causa del  vianant,0,1,0,1,2,2,41,2019-01-01,Tuesday,Laborable,Noche (18-24h),1,Leve,TRUE
2.019e+14,7,Horta-Guinardó,36,la Font d'en Fargues,Maragall,Dimarts,2019,1,Gener,1,19,Tarda,No és causa del  vianant,0,1,0,1,2,2,41,2019-01-01,Tuesday,Laborable,Noche (18-24h),1,Leve,TRUE
2.019e+15,2,Eixample,8,l'Antiga Esquerra de l'Eixample,Consell de Cent / Comte d'Urgell,Dimarts,2019,1,Gener,1,13,Matí,No és causa del  vianant,0,1,0,1,2,2,41,2019-01-01,Tuesday,Laborable,Tarde (12-18h),1,Leve,TRUE
2.019e+16,10,Sant Martí,69,Diagonal Mar i el Front Marítim del Poblenou,Bac de Roda,Dimarts,2019,1,Gener,1,21,Tarda,No és causa del  vianant,0,1,0,1,2,2,41,2019-01-01,Tuesday,Laborable,Noche (18-24h),1,Leve,TRUE
2.019e+17,5,Sarrià-Sant Gervasi,26,Sant Gervasi - Galvany,Muntaner / Copèrnic,Dimecres,2019,1,Gener,2,0,Nit,No és causa del  vianant,0,1,0,1,2,2,41,2019-01-02,Wednesday,Laborable,Madrugada (00-06h),1,Leve,TRUE
2.019e+18,7,Horta-Guinardó,43,Horta,Dante Alighieri,Dimecres,2019,1,Gener,2,3,Nit,No és causa del  vianant,0,0,0,0,3,2,41,2019-01-02,Wednesday,Laborable,Madrugada (00-06h),0,Leve,FALSE
2.019e+19,5,Sarrià-Sant Gervasi,26,Sant Gervasi - Galvany,General Mitre / Prats de Molló,Dimecres,2019,1,Gener,2,7,Matí,No és causa del  vianant,0,1,0,1,3,2,41,2019-01-02,Wednesday,Laborable,Manana (06-12h),1,Leve,TRUE
2.019e+20,4,Les Corts,20,la Maternitat i Sant Ramon,Diagonal,Dimecres,2019,1,Gener,2,8,Matí,No és causa del  vianant,0,1,0,1,2,2,41,2019-01-02,Wednesday,Laborable,Manana (06-12h),1,Leve,TRUE
2.019e+21,4,Les Corts,21,Pedralbes,Diagonal / Albert Bastardas,Dimecres,2019,1,Gener,2,9,Matí,No és causa del  vianant,0,3,0,3,2,2,41,2019-01-02,Wednesday,Laborable,Manana (06-12h),3,Leve,TRUE
2.019e+22,8,Nou Barris,45,Porta,Fabra i Puig,Dimecres,2019,1,Gener,2,9,Matí,No és causa del  vianant,0,1,0,1,3,2,41,2019-01-02,Wednesday,Laborable,Manana (06-12h),1,Leve,TRUE
2.019e+23,3,Sants-Montjuïc,16,la Bordeta,Corts Catalanes,Dimecres,2019,1,Gener,2,10,Matí,No és causa del  vianant,0,1,0,1,2,2,41,2019-01-02,Wednesday,Laborable,Manana (06-12h),1,Leve,TRUE
2.019e+24,10,Sant Martí,73,la Verneda i la Pau,Santander,Dimecres,2019,1,Gener,2,10,Matí,No és causa del  vianant,0,2,0,2,2,2,41,2019-01-02,Wednesday,Laborable,Manana (06-12h),2,Leve,TRUE
2.019e+25,8,Nou Barris,45,Porta,Pintor Alsamora / Selva,Dimecres,2019,1,Gener,2,10,Matí,Altres,0,1,0,1,1,2,41,2019-01-02,Wednesday,Laborable,Manana (06-12h),1,Leve,TRUE
2.019e+26,3,Sants-Montjuïc,16,la Bordeta,Cadena,Dimecres,2019,1,Gener,2,8,Matí,No és causa del  vianant,0,1,0,1,2,2,41,2019-01-02,Wednesday,Laborable,Manana (06-12h),1,Leve,TRUE
2.019e+27,7,Horta-Guinardó,33,el Baix Guinardó,Lepant / Llorens i Barba,Dimecres,2019,1,Gener,2,10,Matí,No és causa del  vianant,0,2,0,2,2,2,41,2019-01-02,Wednesday,Laborable,Manana (06-12h),2,Leve,TRUE
2.019e+28,4,Les Corts,19,les Corts,Numància,Dimecres,2019,1,Gener,2,12,Matí,No és causa del  vianant,0,1,0,1,2,2,41,2019-01-02,Wednesday,Laborable,Tarde (12-18h),1,Leve,TRUE
2.019e+29,5,Sarrià-Sant Gervasi,23,Sarrià,Sarrià a Vallvidrera,Dimecres,2019,1,Gener,2,13,Matí,No és causa del  vianant,0,1,0,1,2,2,41,2019-01-02,Wednesday,Laborable,Tarde (12-18h),1,Leve,TRUE
2.019e+30,4,Les Corts,20,la Maternitat i Sant Ramon,John M. Keynes / Diagonal,Dimecres,2019,1,Gener,2,14,Tarda,No és causa del  vianant,0,1,0,1,1,2,41,2019-01-02,Wednesday,Laborable,Tarde (12-18h),1,Leve,TRUE
2.019e+31,7,Horta-Guinardó,33,el Baix Guinardó,Sardenya / Sant Antoni Maria Claret,Dimecres,2019,1,Gener,2,14,Tarda,No és causa del  vianant,0,1,0,1,2,2,41,2019-01-02,Wednesday,Laborable,Tarde (12-18h),1,Leve,TRUE
2.019e+32,10,Sant Martí,72,Sant Martí de Provençals,Bac de Roda / Andrade,Dimecres,2019,1,Gener,2,15,Tarda,No és causa del  vianant,0,1,0,1,2,2,41,2019-01-02,Wednesday,Laborable,Tarde (12-18h),1,Leve,TRUE
2.019e+33,10,Sant Martí,65,el Clot,València / Las Navas de Tolosa,Dimecres,2019,1,Gener,2,13,Matí,No és causa del  vianant,0,1,0,1,2,2,41,2019-01-02,Wednesday,Laborable,Tarde (12-18h),1,Leve,TRUE
2.019e+34,5,Sarrià-Sant Gervasi,26,Sant Gervasi - Galvany,Muntaner,Dimecres,2019,1,Gener,2,13,Matí,No és causa del  vianant,0,1,0,1,2,2,41,2019-01-02,Wednesday,Laborable,Tarde (12-18h),1,Leve,TRUE
2.019e+35,10,Sant Martí,68,el Poblenou,Llacuna / Pujades,Dimecres,2019,1,Gener,2,15,Tarda,No és causa del  vianant,0,1,0,1,2,2,41,2019-01-02,Wednesday,Laborable,Tarde (12-18h),1,Leve,TRUE
2.019e+36,9,Sant Andreu,60,Sant Andreu,Doctor Santponç / Peronella,Dimecres,2019,1,Gener,2,16,Tarda,No és causa del  vianant,0,1,0,1,2,2,41,2019-01-02,Wednesday,Laborable,Tarde (12-18h),1,Leve,TRUE
2.019e+37,7,Horta-Guinardó,33,el Baix Guinardó,Padilla / Mas Casanovas,Dimecres,2019,1,Gener,2,15,Tarda,No és causa del  vianant,0,1,0,1,2,2,41,2019-01-02,Wednesday,Laborable,Tarde (12-18h),1,Leve,TRUE
2.019e+38,6,Gràcia,31,la Vila de Gràcia,Gràcia,Dimecres,2019,1,Gener,2,16,Tarda,Altres,0,1,0,1,1,2,41,2019-01-02,Wednesday,Laborable,Tarde (12-18h),1,Leve,TRUE
2.019e+39,5,Sarrià-Sant Gervasi,24,les Tres Torres,General Mitre,Dimecres,2019,1,Gener,2,14,Tarda,No és causa del  vianant,0,1,0,1,2,2,41,2019-01-02,Wednesday,Laborable,Tarde (12-18h),1,Leve,TRUE
2.019e+40,10,Sant Martí,66,el Parc i la Llacuna del Poblenou,Buenaventura Muñoz,Dimecres,2019,1,Gener,2,17,Tarda,No és causa del  vianant,0,1,0,1,2,2,41,2019-01-02,Wednesday,Laborable,Tarde (12-18h),1,Leve,TRUE
2.019e+41,10,Sant Martí,69,Diagonal Mar i el Front Marítim del Poblenou,Litoral,Dimecres,2019,1,Gener,2,17,Tarda,No és causa del  vianant,0,1,0,1,2,2,41,2019-01-02,Wednesday,Laborable,Tarde (12-18h),1,Leve,TRUE
2.019e+42,2,Eixample,8,l'Antiga Esquerra de l'Eixample,Muntaner / Diputació,Dimecres,2019,1,Gener,2,19,Tarda,No és causa del  vianant,0,1,0,1,2,2,41,2019-01-02,Wednesday,Laborable,Noche (18-24h),1,Leve,TRUE
2.019e+43,9,Sant Andreu,63,Navas,Meridiana / Biscaia,Dimecres,2019,1,Gener,2,17,Tarda,No és causa del  vianant,0,1,0,1,2,2,41,2019-01-02,Wednesday,Laborable,Tarde (12-18h),1,Leve,TRUE
2.019e+44,4,Les Corts,19,les Corts,Numància,Dimecres,2019,1,Gener,2,20,Tarda,No és causa del  vianant,0,1,0,1,1,2,41,2019-01-02,Wednesday,Laborable,Noche (18-24h),1,Leve,TRUE
2.019e+45,2,Eixample,10,Sant Antoni,Paral·lel,Dimecres,2019,1,Gener,2,19,Tarda,Creuar per fora pas de vianants,0,1,0,1,1,2,41,2019-01-02,Wednesday,Laborable,Noche (18-24h),1,Leve,TRUE
2.019e+46,8,Nou Barris,52,la Prosperitat,Valldaura / Artesania,Dimecres,2019,1,Gener,2,20,Tarda,No és causa del  vianant,0,1,0,1,2,2,41,2019-01-02,Wednesday,Laborable,Noche (18-24h),1,Leve,TRUE
2.019e+47,2,Eixample,7,la Dreta de l'Eixample,Sant Joan,Dimecres,2019,1,Gener,2,21,Tarda,No és causa del  vianant,0,2,0,2,2,2,41,2019-01-02,Wednesday,Laborable,Noche (18-24h),2,Leve,TRUE
2.019e+48,2,Eixample,7,la Dreta de l'Eixample,Catalunya / Provença,Dimecres,2019,1,Gener,2,21,Tarda,No és causa del  vianant,0,1,0,1,2,2,41,2019-01-02,Wednesday,Laborable,Noche (18-24h),1,Leve,TRUE
2.019e+49,1,Ciutat Vella,1,el Raval,Rambla / Portal de Santa Madrona,Dimecres,2019,1,Gener,2,21,Tarda,No és causa del  vianant,0,1,0,1,2,2,41,2019-01-02,Wednesday,Laborable,Noche (18-24h),1,Leve,TRUE
2.019e+50,2,Eixample,7,la Dreta de l'Eixample,Corts Catalanes / Gràcia,Dimecres,2019,1,Gener,2,19,Tarda,No és causa del  vianant,0,1,0,1,2,2,41,2019-01-02,Wednesday,Laborable,Noche (18-24h),1,Leve,TRUE
2.019e+51,5,Sarrià-Sant Gervasi,26,Sant Gervasi - Galvany,Balmes / Diagonal,Dimecres,2019,1,Gener,2,22,Nit,No és causa del  vianant,0,1,0,1,2,2,41,2019-01-02,Wednesday,Laborable,Noche (18-24h),1,Leve,TRUE
2.019e+52,8,Nou Barris,44,Vilapicina i la Torre Llobeta,Fabra i Puig / Teide,Dimecres,2019,1,Gener,2,22,Nit,No és causa del  vianant,0,0,0,0,2,2,41,2019-01-02,Wednesday,Laborable,Noche (18-24h),0,Leve,FALSE
2.019e+53,7,Horta-Guinardó,37,el Carmel,Llobregós / Ramon Rocafull,Dijous,2019,1,Gener,3,1,Nit,No és causa del  vianant,0,1,0,1,2,2,41,2019-01-03,Thursday,Laborable,Madrugada (00-06h),1,Leve,TRUE
2.019e+54,1,Ciutat Vella,2,el Barri Gòtic,Ferran / Sant Jaume,Dijous,2019,1,Gener,3,8,Matí,No és causa del  vianant,0,0,0,0,1,2,41,2019-01-03,Thursday,Laborable,Manana (06-12h),0,Leve,FALSE
2.019e+55,6,Gràcia,30,la Salut,Coll del Portell,Dijous,2019,1,Gener,3,8,Matí,Altres,0,1,0,1,1,2,41,2019-01-03,Thursday,Laborable,Manana (06-12h),1,Leve,TRUE
2.019e+56,2,Eixample,7,la Dreta de l'Eixample,Corts Catalanes / Roger de Flor,Dijous,2019,1,Gener,3,9,Matí,No és causa del  vianant,0,1,0,1,2,2,41,2019-01-03,Thursday,Laborable,Manana (06-12h),1,Leve,TRUE
2.019e+57,10,Sant Martí,68,el Poblenou,Marítim del Bogatell / Jaume Vicens i Vives,Dijous,2019,1,Gener,3,11,Matí,No és causa del  vianant,0,2,0,2,3,2,41,2019-01-03,Thursday,Laborable,Manana (06-12h),2,Leve,TRUE
2.019e+58,9,Sant Andreu,59,el Bon Pastor,Litoral (Besòs),Dijous,2019,1,Gener,3,11,Matí,No és causa del  vianant,0,1,0,1,2,2,41,2019-01-03,Thursday,Laborable,Manana (06-12h),1,Leve,TRUE
2.019e+59,2,Eixample,6,la Sagrada Família,Rosselló / Padilla,Dijous,2019,1,Gener,3,10,Matí,No és causa del  vianant,0,1,0,1,2,2,41,2019-01-03,Thursday,Laborable,Manana (06-12h),1,Leve,TRUE
2.019e+60,2,Eixample,7,la Dreta de l'Eixample,Aragó / Catalunya,Dijous,2019,1,Gener,3,12,Matí,No és causa del  vianant,0,1,0,1,2,2,41,2019-01-03,Thursday,Laborable,Tarde (12-18h),1,Leve,TRUE
2.019e+61,2,Eixample,7,la Dreta de l'Eixample,Consell de Cent / Roger de Llúria,Dijous,2019,1,Gener,3,12,Matí,No és causa del  vianant,0,1,0,1,1,2,41,2019-01-03,Thursday,Laborable,Tarde (12-18h),1,Leve,TRUE
2.019e+62,1,Ciutat Vella,2,el Barri Gòtic,Rambla,Dijous,2019,1,Gener,3,11,Matí,No és causa del  vianant,0,0,0,0,1,2,41,2019-01-03,Thursday,Laborable,Manana (06-12h),0,Leve,FALSE
2.019e+63,9,Sant Andreu,62,el Congrés i els Indians,Maragall,Dijous,2019,1,Gener,3,12,Matí,No és causa del  vianant,0,1,0,1,1,2,41,2019-01-03,Thursday,Laborable,Tarde (12-18h),1,Leve,TRUE
2.019e+64,2,Eixample,7,la Dreta de l'Eixample,Diputació / Bailèn,Dijous,2019,1,Gener,3,13,Matí,No és causa del  vianant,0,1,0,1,1,2,41,2019-01-03,Thursday,Laborable,Tarde (12-18h),1,Leve,TRUE
2.019e+65,3,Sants-Montjuïc,18,Sants,Comtes de Bell-lloc,Dijous,2019,1,Gener,3,12,Matí,No és causa del  vianant,0,1,0,1,1,2,41,2019-01-03,Thursday,Laborable,Tarde (12-18h),1,Leve,TRUE
2.019e+66,2,Eixample,7,la Dreta de l'Eixample,Diagonal,Dijous,2019,1,Gener,3,13,Matí,No és causa del  vianant,0,1,0,1,2,2,41,2019-01-03,Thursday,Laborable,Tarde (12-18h),1,Leve,TRUE
2.019e+67,2,Eixample,9,la Nova Esquerra de l'Eixample,Diputació / Rocafort,Dijous,2019,1,Gener,3,14,Tarda,No és causa del  vianant,0,1,0,1,2,2,41,2019-01-03,Thursday,Laborable,Tarde (12-18h),1,Leve,TRUE
2.019e+68,10,Sant Martí,68,el Poblenou,Pujades / Ciutat de Granada,Dijous,2019,1,Gener,3,14,Tarda,Creuar per fora pas de vianants,0,1,0,1,1,2,41,2019-01-03,Thursday,Laborable,Tarde (12-18h),1,Leve,TRUE
2.019e+69,10,Sant Martí,68,el Poblenou,Litoral,Dijous,2019,1,Gener,3,14,Tarda,No és causa del  vianant,0,1,0,1,2,2,41,2019-01-03,Thursday,Laborable,Tarde (12-18h),1,Leve,TRUE
2.019e+70,9,Sant Andreu,59,el Bon Pastor,Caracas / Potosí,Dijous,2019,1,Gener,3,13,Matí,No és causa del  vianant,0,1,0,1,2,2,41,2019-01-03,Thursday,Laborable,Tarde (12-18h),1,Leve,TRUE
2.019e+71,2,Eixample,9,la Nova Esquerra de l'Eixample,Espanya,Dijous,2019,1,Gener,3,15,Tarda,No és causa del  vianant,0,1,0,1,2,2,41,2019-01-03,Thursday,Laborable,Tarde (12-18h),1,Leve,TRUE
2.019e+72,10,Sant Martí,65,el Clot,Mallorca,Dijous,2019,1,Gener,3,15,Tarda,No és causa del  vianant,0,1,0,1,2,2,41,2019-01-03,Thursday,Laborable,Tarde (12-18h),1,Leve,TRUE
2.019e+73,2,Eixample,7,la Dreta de l'Eixample,Urquinaona,Dijous,2019,1,Gener,3,15,Tarda,No és causa del  vianant,0,1,0,1,2,2,41,2019-01-03,Thursday,Laborable,Tarde (12-18h),1,Leve,TRUE
2.019e+74,6,Gràcia,30,la Salut,Dalt / Ca l'Alegre de Dalt,Dijous,2019,1,Gener,3,13,Matí,No és causa del  vianant,0,0,0,0,1,2,41,2019-01-03,Thursday,Laborable,Tarde (12-18h),0,Leve,FALSE
2.019e+75,8,Nou Barris,53,la Trinitat Nova,Aiguablava,Dijous,2019,1,Gener,3,19,Tarda,No és causa del  vianant,0,1,0,1,2,2,41,2019-01-03,Thursday,Laborable,Noche (18-24h),1,Leve,TRUE
2.019e+76,2,Eixample,7,la Dreta de l'Eixample,Catalunya,Dijous,2019,1,Gener,3,19,Tarda,Altres,0,0,1,1,1,2,41,2019-01-03,Thursday,Laborable,Noche (18-24h),1,Grave,TRUE
2.019e+77,2,Eixample,6,la Sagrada Família,Rosselló / Castillejos,Dijous,2019,1,Gener,3,15,Tarda,No és causa del  vianant,0,1,0,1,2,2,41,2019-01-03,Thursday,Laborable,Tarde (12-18h),1,Leve,TRUE
2.019e+78,2,Eixample,8,l'Antiga Esquerra de l'Eixample,Aragó / Villarroel,Dijous,2019,1,Gener,3,23,Nit,No és causa del  vianant,0,1,0,1,2,2,41,2019-01-03,Thursday,Laborable,Noche (18-24h),1,Leve,TRUE
2.019e+79,5,Sarrià-Sant Gervasi,25,Sant Gervasi - la Bonanova,General Mitre,Divendres,2019,1,Gener,4,7,Matí,No és causa del  vianant,0,1,0,1,2,2,41,2019-01-04,Friday,Laborable,Manana (06-12h),1,Leve,TRUE
2.019e+80,2,Eixample,10,Sant Antoni,Viladomat,Divendres,2019,1,Gener,4,8,Matí,No és causa del  vianant,0,1,0,1,1,2,41,2019-01-04,Friday,Laborable,Manana (06-12h),1,Leve,TRUE
2.019e+81,7,Horta-Guinardó,43,Horta,Dalt (Llobregat),Divendres,2019,1,Gener,4,8,Matí,No és causa del  vianant,0,1,0,1,2,2,41,2019-01-04,Friday,Laborable,Manana (06-12h),1,Leve,TRUE
2.019e+82,9,Sant Andreu,63,Navas,Maragall / Villar,Divendres,2019,1,Gener,4,9,Matí,No és causa del  vianant,0,1,0,1,1,2,41,2019-01-04,Friday,Laborable,Manana (06-12h),1,Leve,TRUE
2.019e+83,8,Nou Barris,45,Porta,Estudiant / Maladeta,Divendres,2019,1,Gener,4,11,Matí,No és causa del  vianant,0,2,0,2,2,2,41,2019-01-04,Friday,Laborable,Manana (06-12h),2,Leve,TRUE
2.019e+84,2,Eixample,5,el Fort Pienc,Corts Catalanes / Sardenya,Divendres,2019,1,Gener,4,12,Matí,No és causa del  vianant,0,1,0,1,2,2,41,2019-01-04,Friday,Laborable,Tarde (12-18h),1,Leve,TRUE
2.019e+85,5,Sarrià-Sant Gervasi,26,Sant Gervasi - Galvany,Augusta / Muntaner,Divendres,2019,1,Gener,4,13,Matí,No és causa del  vianant,0,1,0,1,2,2,41,2019-01-04,Friday,Laborable,Tarde (12-18h),1,Leve,TRUE
2.019e+86,2,Eixample,7,la Dreta de l'Eixample,Diputació / Girona,Divendres,2019,1,Gener,4,13,Matí,No és causa del  vianant,0,1,0,1,2,2,41,2019-01-04,Friday,Laborable,Tarde (12-18h),1,Leve,TRUE
2.019e+87,8,Nou Barris,50,les Roquetes,Favència,Divendres,2019,1,Gener,4,13,Matí,No és causa del  vianant,0,1,0,1,2,2,41,2019-01-04,Friday,Laborable,Tarde (12-18h),1,Leve,TRUE
2.019e+88,7,Horta-Guinardó,41,la Vall d'Hebron,Dalt (Besòs),Divendres,2019,1,Gener,4,14,Tarda,No és causa del  vianant,0,1,0,1,3,2,41,2019-01-04,Friday,Laborable,Tarde (12-18h),1,Leve,TRUE
2.019e+89,6,Gràcia,30,la Salut,Dalt / Massens,Divendres,2019,1,Gener,4,15,Tarda,No és causa del  vianant,0,1,0,1,2,2,41,2019-01-04,Friday,Laborable,Tarde (12-18h),1,Leve,TRUE
2.019e+90,2,Eixample,8,l'Antiga Esquerra de l'Eixample,Buenos Aires / Comte d'Urgell,Divendres,2019,1,Gener,4,16,Tarda,No és causa del  vianant,0,1,0,1,2,2,41,2019-01-04,Friday,Laborable,Tarde (12-18h),1,Leve,TRUE
2.019e+91,2,Eixample,6,la Sagrada Família,Aragó / Cartagena,Divendres,2019,1,Gener,4,15,Tarda,No és causa del  vianant,0,2,0,2,2,2,41,2019-01-04,Friday,Laborable,Tarde (12-18h),2,Leve,TRUE
2.019e+92,4,Les Corts,21,Pedralbes,Pedralbes / Dulcet,Divendres,2019,1,Gener,4,18,Tarda,No és causa del  vianant,0,1,0,1,2,2,41,2019-01-04,Friday,Laborable,Noche (18-24h),1,Leve,TRUE
2.019e+93,5,Sarrià-Sant Gervasi,26,Sant Gervasi - Galvany,Tenor Viñas,Divendres,2019,1,Gener,4,20,Tarda,No és causa del  vianant,0,1,0,1,1,2,41,2019-01-04,Friday,Laborable,Noche (18-24h),1,Leve,TRUE
2.019e+94,4,Les Corts,19,les Corts,Sarrià / Doctor Fleming,Divendres,2019,1,Gener,4,19,Tarda,No és causa del  vianant,0,1,0,1,2,2,41,2019-01-04,Friday,Laborable,Noche (18-24h),1,Leve,TRUE
2.019e+95,6,Gràcia,28,Vallcarca i els Penitents,B-20 (Besòs),Divendres,2019,1,Gener,4,19,Tarda,No és causa del  vianant,0,1,0,1,2,2,41,2019-01-04,Friday,Laborable,Noche (18-24h),1,Leve,TRUE
2.019e+96,2,Eixample,6,la Sagrada Família,Rosselló / Castillejos,Divendres,2019,1,Gener,4,17,Tarda,No és causa del  vianant,0,0,1,1,1,2,41,2019-01-04,Friday,Laborable,Tarde (12-18h),1,Grave,TRUE
2.019e+97,2,Eixample,6,la Sagrada Família,València / Cartagena,Divendres,2019,1,Gener,4,19,Tarda,No és causa del  vianant,0,2,0,2,2,2,41,2019-01-04,Friday,Laborable,Noche (18-24h),2,Leve,TRUE
2.019e+98,6,Gràcia,32,el Camp d'en Grassot i Gràcia Nova,Pi i Margall / Encarnació,Divendres,2019,1,Gener,4,22,Nit,No és causa del  vianant,0,1,0,1,2,2,41,2019-01-04,Friday,Laborable,Noche (18-24h),1,Leve,TRUE
2.019e+99,5,Sarrià-Sant Gervasi,26,Sant Gervasi - Galvany,Amigó / Laforja,Dissabte,2019,1,Gener,5,2,Nit,No és causa del  vianant,0,1,0,1,2,2,41,2019-01-05,Saturday,Fin de semana,Madrugada (00-06h),1,Leve,TRUE
2.019e+100,8,Nou Barris,44,Vilapicina i la Torre Llobeta,Borbó,Dissabte,2019,1,Gener,5,0,Nit,No és causa del  vianant,0,0,0,0,3,2,41,2019-01-05,Saturday,Fin de semana,Madrugada (00-06h),0,Leve,FALSE
2.019e+101,3,Sants-Montjuïc,13,la Marina de Port,Foneria / Jane Addams,Dissabte,2019,1,Gener,5,5,Nit,No és causa del  vianant,0,1,0,1,2,2,41,2019-01-05,Saturday,Fin de semana,Madrugada (00-06h),1,Leve,TRUE
2.019e+102,7,Horta-Guinardó,43,Horta,Fabra i Puig,Dissabte,2019,1,Gener,5,7,Matí,No és causa del  vianant,0,1,0,1,1,2,41,2019-01-05,Saturday,Fin de semana,Manana (06-12h),1,Leve,TRUE
2.019e+103,7,Horta-Guinardó,33,el Baix Guinardó,Guinardó,Dijous,2019,1,Gener,3,13,Matí,No és causa del  vianant,0,1,0,1,2,2,41,2019-01-03,Thursday,Laborable,Tarde (12-18h),1,Leve,TRUE
2.019e+104,10,Sant Martí,64,el Camp de l'Arpa del Clot,Còrsega / Conca,Dissabte,2019,1,Gener,5,10,Matí,No és causa del  vianant,0,1,0,1,2,2,41,2019-01-05,Saturday,Fin de semana,Manana (06-12h),1,Leve,TRUE
2.019e+105,3,Sants-Montjuïc,16,la Bordeta,Corts Catalanes,Dissabte,2019,1,Gener,5,11,Matí,No és causa del  vianant,0,1,0,1,2,2,41,2019-01-05,Saturday,Fin de semana,Manana (06-12h),1,Leve,TRUE
2.019e+106,4,Les Corts,20,la Maternitat i Sant Ramon,Carles III,Dissabte,2019,1,Gener,5,15,Tarda,No és causa del  vianant,0,0,0,0,2,2,41,2019-01-05,Saturday,Fin de semana,Tarde (12-18h),0,Leve,FALSE
2.019e+107,3,Sants-Montjuïc,11,el Poble-sec,Palaudàries / Paral·lel,Dissabte,2019,1,Gener,5,18,Tarda,No és causa del  vianant,0,1,0,1,2,2,41,2019-01-05,Saturday,Fin de semana,Noche (18-24h),1,Leve,TRUE
2.019e+108,2,Eixample,5,el Fort Pienc,Padilla / Corts Catalanes,Dissabte,2019,1,Gener,5,17,Tarda,No és causa del  vianant,0,1,0,1,2,2,41,2019-01-05,Saturday,Fin de semana,Tarde (12-18h),1,Leve,TRUE
2.019e+109,5,Sarrià-Sant Gervasi,26,Sant Gervasi - Galvany,Balmes / Marià Cubí,Dissabte,2019,1,Gener,5,18,Tarda,No és causa del  vianant,0,2,0,2,2,2,41,2019-01-05,Saturday,Fin de semana,Noche (18-24h),2,Leve,TRUE
2.019e+110,10,Sant Martí,66,el Parc i la Llacuna del Poblenou,Zamora,Dissabte,2019,1,Gener,5,21,Tarda,No és causa del  vianant,0,1,0,1,2,2,41,2019-01-05,Saturday,Fin de semana,Noche (18-24h),1,Leve,TRUE
2.019e+111,10,Sant Martí,68,el Poblenou,Bilbao / Taulat,Dissabte,2019,1,Gener,5,17,Tarda,No és causa del  vianant,0,1,0,1,1,2,41,2019-01-05,Saturday,Fin de semana,Tarde (12-18h),1,Leve,TRUE
2.019e+112,2,Eixample,8,l'Antiga Esquerra de l'Eixample,Corts Catalanes,Dissabte,2019,1,Gener,5,23,Nit,No és causa del  vianant,0,1,0,1,2,2,41,2019-01-05,Saturday,Fin de semana,Noche (18-24h),1,Leve,TRUE
2.019e+113,9,Sant Andreu,59,el Bon Pastor,Claramunt,Dissabte,2019,1,Gener,5,21,Tarda,Creuar per fora pas de vianants,0,1,0,1,1,2,41,2019-01-05,Saturday,Fin de semana,Noche (18-24h),1,Leve,TRUE
2.019e+114,6,Gràcia,32,el Camp d'en Grassot i Gràcia Nova,Pi i Margall / Secretari Coloma,Dissabte,2019,1,Gener,5,23,Nit,No és causa del  vianant,0,1,0,1,1,2,41,2019-01-05,Saturday,Fin de semana,Noche (18-24h),1,Leve,TRUE
2.019e+115,10,Sant Martí,64,el Camp de l'Arpa del Clot,Rosselló / Dos de Maig,Dissabte,2019,1,Gener,5,23,Nit,No és causa del  vianant,0,2,0,2,2,2,41,2019-01-05,Saturday,Fin de semana,Noche (18-24h),2,Leve,TRUE
2.019e+116,1,Ciutat Vella,3,la Barceloneta,Litoral (Llobregat),Diumenge,2019,1,Gener,6,3,Nit,No és causa del  vianant,0,2,0,2,1,2,41,2019-01-06,Sunday,Fin de semana,Madrugada (00-06h),2,Leve,TRUE
2.019e+117,3,Sants-Montjuïc,13,la Marina de Port,Jane Addams / Prat,Diumenge,2019,1,Gener,6,5,Nit,No és causa del  vianant,0,1,0,1,2,2,41,2019-01-06,Sunday,Fin de semana,Madrugada (00-06h),1,Leve,TRUE
2.019e+118,2,Eixample,9,la Nova Esquerra de l'Eixample,Viladomat,Diumenge,2019,1,Gener,6,6,Matí,No és causa del  vianant,0,0,0,0,4,2,41,2019-01-06,Sunday,Fin de semana,Manana (06-12h),0,Leve,FALSE
2.019e+119,5,Sarrià-Sant Gervasi,23,Sarrià,B-20 (Llobregat),Diumenge,2019,1,Gener,6,11,Matí,No és causa del  vianant,0,1,0,1,2,2,41,2019-01-06,Sunday,Fin de semana,Manana (06-12h),1,Leve,TRUE
2.019e+120,4,Les Corts,19,les Corts,Carles III / Diagonal,Diumenge,2019,1,Gener,6,10,Matí,No és causa del  vianant,0,1,0,1,1,2,41,2019-01-06,Sunday,Fin de semana,Manana (06-12h),1,Leve,TRUE
2.019e+121,9,Sant Andreu,59,el Bon Pastor,Enric Sanchis,Divendres,2019,1,Gener,4,18,Tarda,No és causa del  vianant,0,1,0,1,1,2,41,2019-01-04,Friday,Laborable,Noche (18-24h),1,Leve,TRUE
2.019e+122,3,Sants-Montjuïc,11,el Poble-sec,Reina Maria Cristina / Rius i Taulet,Diumenge,2019,1,Gener,6,12,Matí,No és causa del  vianant,0,2,0,2,2,2,41,2019-01-06,Sunday,Fin de semana,Tarde (12-18h),2,Leve,TRUE
2.019e+123,9,Sant Andreu,59,el Bon Pastor,B-10 (Besòs),Diumenge,2019,1,Gener,6,13,Matí,No és causa del  vianant,0,1,0,1,2,2,41,2019-01-06,Sunday,Fin de semana,Tarde (12-18h),1,Leve,TRUE
2.019e+124,4,Les Corts,20,la Maternitat i Sant Ramon,Diagonal,Diumenge,2019,1,Gener,6,13,Matí,No és causa del  vianant,0,1,0,1,2,2,41,2019-01-06,Sunday,Fin de semana,Tarde (12-18h),1,Leve,TRUE
2.019e+125,9,Sant Andreu,60,Sant Andreu,Torras i Bages / Santa Marta,Diumenge,2019,1,Gener,6,12,Matí,No és causa del  vianant,0,2,0,2,3,2,41,2019-01-06,Sunday,Fin de semana,Tarde (12-18h),2,Leve,TRUE
2.019e+126,1,Ciutat Vella,3,la Barceloneta,Doctor Aiguader,Diumenge,2019,1,Gener,6,13,Matí,No és causa del  vianant,0,1,0,1,2,2,41,2019-01-06,Sunday,Fin de semana,Tarde (12-18h),1,Leve,TRUE
2.019e+127,8,Nou Barris,49,Canyelles,Dalt (Llobregat),Diumenge,2019,1,Gener,6,14,Tarda,No és causa del  vianant,0,2,0,2,3,2,41,2019-01-06,Sunday,Fin de semana,Tarde (12-18h),2,Leve,TRUE
2.019e+128,2,Eixample,5,el Fort Pienc,Marina / Casp,Diumenge,2019,1,Gener,6,14,Tarda,No és causa del  vianant,0,1,0,1,2,2,41,2019-01-06,Sunday,Fin de semana,Tarde (12-18h),1,Leve,TRUE
2.019e+129,7,Horta-Guinardó,35,el Guinardó,Mare de Déu de Montserrat / Segle XX,Diumenge,2019,1,Gener,6,14,Tarda,No és causa del  vianant,0,1,0,1,1,2,41,2019-01-06,Sunday,Fin de semana,Tarde (12-18h),1,Leve,TRUE
2.019e+130,2,Eixample,7,la Dreta de l'Eixample,Diputació / Balmes,Dissabte,2019,1,Gener,5,20,Tarda,No és causa del  vianant,0,1,0,1,2,2,41,2019-01-05,Saturday,Fin de semana,Noche (18-24h),1,Leve,TRUE
2.019e+131,5,Sarrià-Sant Gervasi,24,les Tres Torres,Escoles Pies / Pau Alcover,Diumenge,2019,1,Gener,6,13,Matí,No és causa del  vianant,0,1,0,1,1,2,41,2019-01-06,Sunday,Fin de semana,Tarde (12-18h),1,Leve,TRUE
2.019e+132,2,Eixample,7,la Dreta de l'Eixample,Mossèn Jacint Verdaguer,Diumenge,2019,1,Gener,6,17,Tarda,No és causa del  vianant,0,2,0,2,2,2,41,2019-01-06,Sunday,Fin de semana,Tarde (12-18h),2,Leve,TRUE
2.019e+133,9,Sant Andreu,57,la Trinitat Vella,Peníscola,Diumenge,2019,1,Gener,6,17,Tarda,No és causa del  vianant,0,1,0,1,2,2,41,2019-01-06,Sunday,Fin de semana,Tarde (12-18h),1,Leve,TRUE
2.019e+134,10,Sant Martí,68,el Poblenou,Amistat,Diumenge,2019,1,Gener,6,14,Tarda,No és causa del  vianant,0,1,0,1,2,2,41,2019-01-06,Sunday,Fin de semana,Tarde (12-18h),1,Leve,TRUE
2.019e+135,2,Eixample,9,la Nova Esquerra de l'Eixample,Entença / Diputació,Dilluns,2019,1,Gener,7,10,Matí,No és causa del  vianant,0,1,0,1,2,2,41,2019-01-07,Monday,Laborable,Manana (06-12h),1,Leve,TRUE
2.019e+136,2,Eixample,7,la Dreta de l'Eixample,Gràcia,Dilluns,2019,1,Gener,7,10,Matí,No és causa del  vianant,0,0,1,1,1,2,41,2019-01-07,Monday,Laborable,Manana (06-12h),1,Grave,TRUE
2.019e+137,6,Gràcia,28,Vallcarca i els Penitents,General Mendoza / Vall d'Hebron,Dilluns,2019,1,Gener,7,12,Matí,No és causa del  vianant,0,2,0,2,1,2,41,2019-01-07,Monday,Laborable,Tarde (12-18h),2,Leve,TRUE
2.019e+138,3,Sants-Montjuïc,12,la Marina del Prat Vermell,Zona Franca / Cisell,Dilluns,2019,1,Gener,7,13,Matí,No és causa del  vianant,0,1,0,1,2,2,41,2019-01-07,Monday,Laborable,Tarde (12-18h),1,Leve,TRUE
2.019e+139,6,Gràcia,31,la Vila de Gràcia,Verdi / Bellver,Dilluns,2019,1,Gener,7,12,Matí,No és causa del  vianant,0,1,0,1,2,2,41,2019-01-07,Monday,Laborable,Tarde (12-18h),1,Leve,TRUE
2.019e+140,7,Horta-Guinardó,36,la Font d'en Fargues,Ciències,Dilluns,2019,1,Gener,7,13,Matí,No és causa del  vianant,0,1,0,1,2,2,41,2019-01-07,Monday,Laborable,Tarde (12-18h),1,Leve,TRUE
2.019e+141,9,Sant Andreu,61,la Sagrera,Concepción Arenal / Felip II,Dilluns,2019,1,Gener,7,13,Matí,No és causa del  vianant,0,1,0,1,2,2,41,2019-01-07,Monday,Laborable,Tarde (12-18h),1,Leve,TRUE
2.019e+142,2,Eixample,7,la Dreta de l'Eixample,Diagonal / Roger de Flor,Dilluns,2019,1,Gener,7,14,Tarda,No és causa del  vianant,0,2,0,2,2,2,41,2019-01-07,Monday,Laborable,Tarde (12-18h),2,Leve,TRUE
2.019e+143,3,Sants-Montjuïc,17,Sants - Badal,Sants,Dilluns,2019,1,Gener,7,15,Tarda,No és causa del  vianant,0,1,0,1,2,2,41,2019-01-07,Monday,Laborable,Tarde (12-18h),1,Leve,TRUE
2.019e+144,10,Sant Martí,66,el Parc i la Llacuna del Poblenou,Pujades,Dilluns,2019,1,Gener,7,13,Matí,No és causa del  vianant,0,0,0,0,1,2,41,2019-01-07,Monday,Laborable,Tarde (12-18h),0,Leve,FALSE
2.019e+145,2,Eixample,5,el Fort Pienc,Lluís Companys / Vilanova,Dilluns,2019,1,Gener,7,16,Tarda,Creuar per fora pas de vianants,0,2,0,2,1,2,41,2019-01-07,Monday,Laborable,Tarde (12-18h),2,Leve,TRUE
2.019e+146,2,Eixample,9,la Nova Esquerra de l'Eixample,Corts Catalanes / Entença,Dilluns,2019,1,Gener,7,17,Tarda,No és causa del  vianant,0,1,0,1,2,2,41,2019-01-07,Monday,Laborable,Tarde (12-18h),1,Leve,TRUE
2.019e+147,6,Gràcia,31,la Vila de Gràcia,Gran de Gràcia,Dilluns,2019,1,Gener,7,14,Tarda,No és causa del  vianant,0,1,0,1,2,2,41,2019-01-07,Monday,Laborable,Tarde (12-18h),1,Leve,TRUE
2.019e+148,2,Eixample,7,la Dreta de l'Eixample,València,Dilluns,2019,1,Gener,7,18,Tarda,No és causa del  vianant,0,1,0,1,2,2,41,2019-01-07,Monday,Laborable,Noche (18-24h),1,Leve,TRUE
2.019e+149,1,Ciutat Vella,1,el Raval,Drassanes / Josep Carner,Dilluns,2019,1,Gener,7,17,Tarda,No és causa del  vianant,0,1,0,1,1,2,41,2019-01-07,Monday,Laborable,Tarde (12-18h),1,Leve,TRUE
2.019e+150,2,Eixample,10,Sant Antoni,Paral·lel / Manso,Dilluns,2019,1,Gener,7,17,Tarda,No és causa del  vianant,0,1,0,1,1,2,41,2019-01-07,Monday,Laborable,Tarde (12-18h),1,Leve,TRUE
2.019e+151,4,Les Corts,19,les Corts,Berlín / Equador,Dilluns,2019,1,Gener,7,18,Tarda,No és causa del  vianant,0,3,0,3,2,2,41,2019-01-07,Monday,Laborable,Noche (18-24h),3,Leve,TRUE
2.019e+152,2,Eixample,6,la Sagrada Família,València / Castillejos,Dilluns,2019,1,Gener,7,19,Tarda,No és causa del  vianant,0,1,0,1,2,2,41,2019-01-07,Monday,Laborable,Noche (18-24h),1,Leve,TRUE
2.019e+153,2,Eixample,7,la Dreta de l'Eixample,València / Sant Joan,Dilluns,2019,1,Gener,7,20,Tarda,No és causa del  vianant,0,1,0,1,2,2,41,2019-01-07,Monday,Laborable,Noche (18-24h),1,Leve,TRUE
2.019e+154,9,Sant Andreu,59,el Bon Pastor,Potosí / Monterrey,Dilluns,2019,1,Gener,7,19,Tarda,No és causa del  vianant,0,1,0,1,2,2,41,2019-01-07,Monday,Laborable,Noche (18-24h),1,Leve,TRUE
2.019e+155,2,Eixample,7,la Dreta de l'Eixample,Diagonal / Pau Claris,Dilluns,2019,1,Gener,7,20,Tarda,No és causa del  vianant,0,2,0,2,2,2,41,2019-01-07,Monday,Laborable,Noche (18-24h),2,Leve,TRUE
2.019e+156,2,Eixample,8,l'Antiga Esquerra de l'Eixample,Aribau / Diagonal,Dilluns,2019,1,Gener,7,20,Tarda,No és causa del  vianant,0,1,0,1,2,2,41,2019-01-07,Monday,Laborable,Noche (18-24h),1,Leve,TRUE
2.019e+157,3,Sants-Montjuïc,14,la Font de la Guatlla,Corts Catalanes,Dilluns,2019,1,Gener,7,22,Nit,No és causa del  vianant,0,3,0,3,3,2,41,2019-01-07,Monday,Laborable,Noche (18-24h),3,Leve,TRUE
2.019e+158,3,Sants-Montjuïc,13,la Marina de Port,Mineria / Sarah Bernhardt,Dimarts,2019,1,Gener,8,3,Nit,No és causa del  vianant,0,0,0,0,1,2,41,2019-01-08,Tuesday,Laborable,Madrugada (00-06h),0,Leve,FALSE
2.019e+159,10,Sant Martí,69,Diagonal Mar i el Front Marítim del Poblenou,Litoral (Llobregat),Dimarts,2019,1,Gener,8,7,Matí,No és causa del  vianant,0,1,0,1,2,2,41,2019-01-08,Tuesday,Laborable,Manana (06-12h),1,Leve,TRUE
2.019e+160,5,Sarrià-Sant Gervasi,27,el Putxet i el Farró,Sant Gervasi / Mas Yebra,Dimarts,2019,1,Gener,8,7,Matí,No és causa del  vianant,0,1,0,1,5,2,41,2019-01-08,Tuesday,Laborable,Manana (06-12h),1,Leve,TRUE
2.019e+161,2,Eixample,7,la Dreta de l'Eixample,Ausiàs Marc / Urquinaona,Dimarts,2019,1,Gener,8,9,Matí,No és causa del  vianant,0,1,0,1,1,2,41,2019-01-08,Tuesday,Laborable,Manana (06-12h),1,Leve,TRUE
2.019e+162,10,Sant Martí,65,el Clot,Independència / Meridiana,Dimarts,2019,1,Gener,8,8,Matí,No és causa del  vianant,0,1,0,1,1,2,41,2019-01-08,Tuesday,Laborable,Manana (06-12h),1,Leve,TRUE
2.019e+163,1,Ciutat Vella,3,la Barceloneta,Pepe Rubianes / Joan Borbó Comte Barcelona,Dimarts,2019,1,Gener,8,8,Matí,No és causa del  vianant,0,1,0,1,2,2,41,2019-01-08,Tuesday,Laborable,Manana (06-12h),1,Leve,TRUE
2.019e+164,3,Sants-Montjuïc,12,la Marina del Prat Vermell,Transversal 6,Dimarts,2019,1,Gener,8,11,Matí,Transitar a peu per la calçada,0,1,0,1,1,2,41,2019-01-08,Tuesday,Laborable,Manana (06-12h),1,Leve,TRUE
2.019e+165,6,Gràcia,28,Vallcarca i els Penitents,Vallcarca,Dimarts,2019,1,Gener,8,10,Matí,No és causa del  vianant,0,1,0,1,2,2,41,2019-01-08,Tuesday,Laborable,Manana (06-12h),1,Leve,TRUE
2.019e+166,3,Sants-Montjuïc,18,Sants,Daoíz i Velarde / Sant Medir,Dimarts,2019,1,Gener,8,12,Matí,No és causa del  vianant,0,1,0,1,1,2,41,2019-01-08,Tuesday,Laborable,Tarde (12-18h),1,Leve,TRUE
2.019e+167,4,Les Corts,20,la Maternitat i Sant Ramon,Diagonal,Dimarts,2019,1,Gener,8,13,Matí,No és causa del  vianant,0,1,0,1,3,2,41,2019-01-08,Tuesday,Laborable,Tarde (12-18h),1,Leve,TRUE
2.019e+168,2,Eixample,7,la Dreta de l'Eixample,Balmes,Dimarts,2019,1,Gener,8,14,Tarda,No és causa del  vianant,0,1,0,1,2,2,41,2019-01-08,Tuesday,Laborable,Tarde (12-18h),1,Leve,TRUE
2.019e+169,2,Eixample,7,la Dreta de l'Eixample,Aragó / Catalunya,Dimarts,2019,1,Gener,8,16,Tarda,No és causa del  vianant,0,1,0,1,2,2,41,2019-01-08,Tuesday,Laborable,Tarde (12-18h),1,Leve,TRUE
2.019e+170,7,Horta-Guinardó,41,la Vall d'Hebron,Can Marcet,Dimarts,2019,1,Gener,8,16,Tarda,No és causa del  vianant,0,0,0,0,1,2,41,2019-01-08,Tuesday,Laborable,Tarde (12-18h),0,Leve,FALSE
2.019e+171,4,Les Corts,20,la Maternitat i Sant Ramon,Diagonal / Pere Duran Farell,Dimarts,2019,1,Gener,8,15,Tarda,No és causa del  vianant,0,1,0,1,2,2,41,2019-01-08,Tuesday,Laborable,Tarde (12-18h),1,Leve,TRUE
2.019e+172,5,Sarrià-Sant Gervasi,26,Sant Gervasi - Galvany,Ganduxer,Dimarts,2019,1,Gener,8,17,Tarda,No és causa del  vianant,0,1,0,1,2,2,41,2019-01-08,Tuesday,Laborable,Tarde (12-18h),1,Leve,TRUE
2.019e+173,2,Eixample,10,Sant Antoni,Floridablanca,Dimarts,2019,1,Gener,8,19,Tarda,No és causa del  vianant,0,1,0,1,2,2,41,2019-01-08,Tuesday,Laborable,Noche (18-24h),1,Leve,TRUE
2.019e+174,5,Sarrià-Sant Gervasi,26,Sant Gervasi - Galvany,Diagonal,Dimarts,2019,1,Gener,8,18,Tarda,No és causa del  vianant,0,0,2,2,2,2,41,2019-01-08,Tuesday,Laborable,Noche (18-24h),2,Grave,TRUE
2.019e+175,3,Sants-Montjuïc,18,Sants,Nicaragua / Josep Tarradellas,Dimarts,2019,1,Gener,8,20,Tarda,Altres,0,2,0,2,1,2,41,2019-01-08,Tuesday,Laborable,Noche (18-24h),2,Leve,TRUE
2.019e+176,5,Sarrià-Sant Gervasi,22,"Vallvidrera, el Tibidabo i les Planes",Robínia,Dimarts,2019,1,Gener,8,21,Tarda,No és causa del  vianant,0,1,0,1,1,2,41,2019-01-08,Tuesday,Laborable,Noche (18-24h),1,Leve,TRUE
2.019e+177,1,Ciutat Vella,3,la Barceloneta,Joan Borbó Comte Barcelona,Dimecres,2019,1,Gener,9,0,Nit,No és causa del  vianant,0,0,0,0,1,2,41,2019-01-09,Wednesday,Laborable,Madrugada (00-06h),0,Leve,FALSE
2.019e+178,3,Sants-Montjuïc,15,Hostafrancs,Espanya,Dimarts,2019,1,Gener,8,23,Nit,No és causa del  vianant,0,1,0,1,2,2,41,2019-01-08,Tuesday,Laborable,Noche (18-24h),1,Leve,TRUE
2.019e+179,2,Eixample,8,l'Antiga Esquerra de l'Eixample,Aribau / Consell de Cent,Dimarts,2019,1,Gener,8,4,Nit,No és causa del  vianant,0,1,0,1,2,2,41,2019-01-08,Tuesday,Laborable,Madrugada (00-06h),1,Leve,TRUE
2.019e+180,1,Ciutat Vella,1,el Raval,Tallers / Valldonzella,Dimarts,2019,1,Gener,8,12,Matí,No és causa del  vianant,0,0,0,0,1,2,41,2019-01-08,Tuesday,Laborable,Tarde (12-18h),0,Leve,FALSE
2.019e+181,10,Sant Martí,72,Sant Martí de Provençals,Selva de Mar / Guipúscoa,Dimecres,2019,1,Gener,9,9,Matí,No és causa del  vianant,0,1,0,1,2,2,41,2019-01-09,Wednesday,Laborable,Manana (06-12h),1,Leve,TRUE
2.019e+182,7,Horta-Guinardó,33,el Baix Guinardó,Padilla / Mas Casanovas,Dimecres,2019,1,Gener,9,9,Matí,No és causa del  vianant,0,1,0,1,2,2,41,2019-01-09,Wednesday,Laborable,Manana (06-12h),1,Leve,TRUE
2.019e+183,2,Eixample,9,la Nova Esquerra de l'Eixample,València / Llança,Dimecres,2019,1,Gener,9,9,Matí,No és causa del  vianant,0,1,0,1,2,2,41,2019-01-09,Wednesday,Laborable,Manana (06-12h),1,Leve,TRUE
2.019e+184,3,Sants-Montjuïc,16,la Bordeta,Bartomeu Pi,Dimecres,2019,1,Gener,9,10,Matí,No és causa del  vianant,0,2,0,2,1,2,41,2019-01-09,Wednesday,Laborable,Manana (06-12h),2,Leve,TRUE
2.019e+185,2,Eixample,7,la Dreta de l'Eixample,Corts Catalanes / Pau Claris,Dimecres,2019,1,Gener,9,9,Matí,No és causa del  vianant,0,3,0,3,2,2,41,2019-01-09,Wednesday,Laborable,Manana (06-12h),3,Leve,TRUE
2.019e+186,7,Horta-Guinardó,35,el Guinardó,Sant Quintí,Dimecres,2019,1,Gener,9,11,Matí,No és causa del  vianant,0,1,0,1,2,2,41,2019-01-09,Wednesday,Laborable,Manana (06-12h),1,Leve,TRUE
2.019e+187,6,Gràcia,28,Vallcarca i els Penitents,Vallcarca,Dimecres,2019,1,Gener,9,9,Matí,No és causa del  vianant,0,1,0,1,2,2,41,2019-01-09,Wednesday,Laborable,Manana (06-12h),1,Leve,TRUE
2.019e+188,5,Sarrià-Sant Gervasi,23,Sarrià,Cornet i Mas,Dimarts,2019,1,Gener,8,9,Matí,No és causa del  vianant,0,1,0,1,2,2,41,2019-01-08,Tuesday,Laborable,Manana (06-12h),1,Leve,TRUE
2.019e+189,8,Nou Barris,52,la Prosperitat,Tissó / Nou Pins,Dimecres,2019,1,Gener,9,12,Matí,No és causa del  vianant,0,1,0,1,1,2,41,2019-01-09,Wednesday,Laborable,Tarde (12-18h),1,Leve,TRUE
2.019e+190,5,Sarrià-Sant Gervasi,23,Sarrià,Eduardo Conde / Santa Amèlia,Dimecres,2019,1,Gener,9,12,Matí,No és causa del  vianant,0,1,0,1,1,2,41,2019-01-09,Wednesday,Laborable,Tarde (12-18h),1,Leve,TRUE
2.019e+191,10,Sant Martí,69,Diagonal Mar i el Front Marítim del Poblenou,Josep Pla / Taulat,Dimecres,2019,1,Gener,9,14,Tarda,No és causa del  vianant,0,1,0,1,2,2,41,2019-01-09,Wednesday,Laborable,Tarde (12-18h),1,Leve,TRUE
2.019e+192,7,Horta-Guinardó,41,la Vall d'Hebron,Dalt (Llobregat),Dimecres,2019,1,Gener,9,14,Tarda,No és causa del  vianant,0,1,0,1,2,2,41,2019-01-09,Wednesday,Laborable,Tarde (12-18h),1,Leve,TRUE
2.019e+193,4,Les Corts,19,les Corts,Diagonal / Entença,Dimecres,2019,1,Gener,9,17,Tarda,No és causa del  vianant,0,1,0,1,2,2,41,2019-01-09,Wednesday,Laborable,Tarde (12-18h),1,Leve,TRUE
2.019e+194,4,Les Corts,21,Pedralbes,Pedralbes / Til·lers,Dimecres,2019,1,Gener,9,17,Tarda,No és causa del  vianant,0,2,0,2,2,2,41,2019-01-09,Wednesday,Laborable,Tarde (12-18h),2,Leve,TRUE
2.019e+195,8,Nou Barris,45,Porta,Estudiant,Dimecres,2019,1,Gener,9,17,Tarda,Creuar per fora pas de vianants,0,1,0,1,1,2,41,2019-01-09,Wednesday,Laborable,Tarde (12-18h),1,Leve,TRUE
2.019e+196,5,Sarrià-Sant Gervasi,25,Sant Gervasi - la Bonanova,Dalt (Besòs),Dimecres,2019,1,Gener,9,18,Tarda,No és causa del  vianant,0,1,0,1,2,2,41,2019-01-09,Wednesday,Laborable,Noche (18-24h),1,Leve,TRUE
2.019e+197,4,Les Corts,19,les Corts,Corts,Dimecres,2019,1,Gener,9,18,Tarda,No és causa del  vianant,0,2,1,3,2,2,41,2019-01-09,Wednesday,Laborable,Noche (18-24h),3,Grave,TRUE
2.019e+198,5,Sarrià-Sant Gervasi,23,Sarrià,Dalt (Llobregat),Dimecres,2019,1,Gener,9,19,Tarda,No és causa del  vianant,0,1,0,1,2,2,41,2019-01-09,Wednesday,Laborable,Noche (18-24h),1,Leve,TRUE
2.019e+199,3,Sants-Montjuïc,12,la Marina del Prat Vermell,Litoral (Llobregat),Dimecres,2019,1,Gener,9,18,Tarda,No és causa del  vianant,0,1,0,1,2,2,41,2019-01-09,Wednesday,Laborable,Noche (18-24h),1,Leve,TRUE
2.019e+200,7,Horta-Guinardó,43,Horta,Botticelli / Estatut de Catalunya,Dimecres,2019,1,Gener,9,13,Matí,No és causa del  vianant,0,1,0,1,1,2,41,2019-01-09,Wednesday,Laborable,Tarde (12-18h),1,Leve,TRUE
2.019e+201,2,Eixample,8,l'Antiga Esquerra de l'Eixample,Provença / Villarroel,Dimecres,2019,1,Gener,9,18,Tarda,No és causa del  vianant,0,1,0,1,2,2,41,2019-01-09,Wednesday,Laborable,Noche (18-24h),1,Leve,TRUE
2.019e+202,8,Nou Barris,55,Ciutat Meridiana,Rasos de Peguera,Dimecres,2019,1,Gener,9,21,Tarda,Altres,0,1,0,1,1,2,41,2019-01-09,Wednesday,Laborable,Noche (18-24h),1,Leve,TRUE
2.019e+203,5,Sarrià-Sant Gervasi,24,les Tres Torres,Doctor Roux / Doctor Carulla,Dimecres,2019,1,Gener,9,20,Tarda,No és causa del  vianant,0,1,0,1,1,2,41,2019-01-09,Wednesday,Laborable,Noche (18-24h),1,Leve,TRUE
2.019e+204,2,Eixample,7,la Dreta de l'Eixample,Aragó / Catalunya,Dimecres,2019,1,Gener,9,23,Nit,No és causa del  vianant,0,1,0,1,3,2,41,2019-01-09,Wednesday,Laborable,Noche (18-24h),1,Leve,TRUE
2.019e+205,10,Sant Martí,66,el Parc i la Llacuna del Poblenou,Corts Catalanes / Llacuna,Dimecres,2019,1,Gener,9,22,Nit,No és causa del  vianant,0,1,0,1,2,2,41,2019-01-09,Wednesday,Laborable,Noche (18-24h),1,Leve,TRUE
2.019e+206,7,Horta-Guinardó,33,el Baix Guinardó,Guinardó,Dimecres,2019,1,Gener,9,22,Nit,No és causa del  vianant,0,2,0,2,2,2,41,2019-01-09,Wednesday,Laborable,Noche (18-24h),2,Leve,TRUE
2.019e+207,2,Eixample,7,la Dreta de l'Eixample,Ausiàs Marc,Dijous,2019,1,Gener,10,1,Nit,No és causa del  vianant,0,2,0,2,2,2,41,2019-01-10,Thursday,Laborable,Madrugada (00-06h),2,Leve,TRUE
2.019e+208,9,Sant Andreu,61,la Sagrera,Meridiana / Pegàs,Dijous,2019,1,Gener,10,1,Nit,No és causa del  vianant,0,1,0,1,2,2,41,2019-01-10,Thursday,Laborable,Madrugada (00-06h),1,Leve,TRUE
2.019e+209,5,Sarrià-Sant Gervasi,26,Sant Gervasi - Galvany,Balmes / Diagonal,Dijous,2019,1,Gener,10,2,Nit,No és causa del  vianant,0,1,0,1,2,2,41,2019-01-10,Thursday,Laborable,Madrugada (00-06h),1,Leve,TRUE
2.019e+210,10,Sant Martí,68,el Poblenou,Isabel II,Dijous,2019,1,Gener,10,5,Nit,No és causa del  vianant,0,3,0,3,2,2,41,2019-01-10,Thursday,Laborable,Madrugada (00-06h),3,Leve,TRUE
2.019e+211,6,Gràcia,28,Vallcarca i els Penitents,B-20 (Llobregat),Dijous,2019,1,Gener,10,7,Matí,No és causa del  vianant,0,1,0,1,2,2,41,2019-01-10,Thursday,Laborable,Manana (06-12h),1,Leve,TRUE
2.019e+212,1,Ciutat Vella,3,la Barceloneta,Litoral (Llobregat),Dijous,2019,1,Gener,10,7,Matí,No és causa del  vianant,0,1,0,1,2,2,41,2019-01-10,Thursday,Laborable,Manana (06-12h),1,Leve,TRUE
2.019e+213,5,Sarrià-Sant Gervasi,26,Sant Gervasi - Galvany,Balmes,Dijous,2019,1,Gener,10,8,Matí,No és causa del  vianant,0,1,0,1,2,2,41,2019-01-10,Thursday,Laborable,Manana (06-12h),1,Leve,TRUE
2.019e+214,4,Les Corts,20,la Maternitat i Sant Ramon,Mig (Descendent),Dijous,2019,1,Gener,10,8,Matí,No és causa del  vianant,0,1,0,1,1,2,41,2019-01-10,Thursday,Laborable,Manana (06-12h),1,Leve,TRUE
2.019e+215,4,Les Corts,19,les Corts,Diagonal / Doctor Fleming,Dijous,2019,1,Gener,10,9,Matí,No és causa del  vianant,0,1,0,1,2,2,41,2019-01-10,Thursday,Laborable,Manana (06-12h),1,Leve,TRUE
2.019e+216,2,Eixample,8,l'Antiga Esquerra de l'Eixample,París / Muntaner,Dijous,2019,1,Gener,10,9,Matí,No és causa del  vianant,0,1,0,1,3,2,41,2019-01-10,Thursday,Laborable,Manana (06-12h),1,Leve,TRUE
2.019e+217,9,Sant Andreu,63,Navas,Maragall / Las Navas de Tolosa,Dijous,2019,1,Gener,10,9,Matí,No és causa del  vianant,0,1,0,1,2,2,41,2019-01-10,Thursday,Laborable,Manana (06-12h),1,Leve,TRUE
2.019e+218,9,Sant Andreu,60,Sant Andreu,Concepción Arenal,Dijous,2019,1,Gener,10,10,Matí,Creuar per fora pas de vianants,0,1,0,1,1,2,41,2019-01-10,Thursday,Laborable,Manana (06-12h),1,Leve,TRUE
2.019e+219,5,Sarrià-Sant Gervasi,25,Sant Gervasi - la Bonanova,B-20 (Llobregat),Dijous,2019,1,Gener,10,9,Matí,No és causa del  vianant,0,1,0,1,2,2,41,2019-01-10,Thursday,Laborable,Manana (06-12h),1,Leve,TRUE
2.019e+220,3,Sants-Montjuïc,17,Sants - Badal,Blanca,Dijous,2019,1,Gener,10,10,Matí,No és causa del  vianant,0,1,0,1,1,2,41,2019-01-10,Thursday,Laborable,Manana (06-12h),1,Leve,TRUE
2.019e+221,2,Eixample,7,la Dreta de l'Eixample,Balmes,Dijous,2019,1,Gener,10,13,Matí,No és causa del  vianant,0,1,0,1,2,2,41,2019-01-10,Thursday,Laborable,Tarde (12-18h),1,Leve,TRUE
2.019e+222,9,Sant Andreu,59,el Bon Pastor,Alfarràs / Claramunt,Dijous,2019,1,Gener,10,13,Matí,No és causa del  vianant,0,1,0,1,2,2,41,2019-01-10,Thursday,Laborable,Tarde (12-18h),1,Leve,TRUE
2.019e+223,2,Eixample,5,el Fort Pienc,Sant Joan,Dijous,2019,1,Gener,10,13,Matí,No és causa del  vianant,0,1,0,1,2,2,41,2019-01-10,Thursday,Laborable,Tarde (12-18h),1,Leve,TRUE
2.019e+224,5,Sarrià-Sant Gervasi,26,Sant Gervasi - Galvany,Bori i Fontestà,Dijous,2019,1,Gener,10,14,Tarda,No és causa del  vianant,0,1,0,1,2,2,41,2019-01-10,Thursday,Laborable,Tarde (12-18h),1,Leve,TRUE
2.019e+225,5,Sarrià-Sant Gervasi,27,el Putxet i el Farró,General Mitre,Dijous,2019,1,Gener,10,15,Tarda,No és causa del  vianant,0,1,0,1,1,2,41,2019-01-10,Thursday,Laborable,Tarde (12-18h),1,Leve,TRUE
2.019e+226,2,Eixample,9,la Nova Esquerra de l'Eixample,París,Dijous,2019,1,Gener,10,16,Tarda,No és causa del  vianant,0,1,0,1,2,2,41,2019-01-10,Thursday,Laborable,Tarde (12-18h),1,Leve,TRUE
2.019e+227,9,Sant Andreu,62,el Congrés i els Indians,Felip II,Dijous,2019,1,Gener,10,16,Tarda,No és causa del  vianant,0,1,0,1,1,2,41,2019-01-10,Thursday,Laborable,Tarde (12-18h),1,Leve,TRUE
2.019e+228,2,Eixample,9,la Nova Esquerra de l'Eixample,Sarrià,Dijous,2019,1,Gener,10,17,Tarda,No és causa del  vianant,0,1,0,1,2,2,41,2019-01-10,Thursday,Laborable,Tarde (12-18h),1,Leve,TRUE
2.019e+229,9,Sant Andreu,60,Sant Andreu,Favència,Dijous,2019,1,Gener,10,18,Tarda,No és causa del  vianant,0,1,0,1,3,2,41,2019-01-10,Thursday,Laborable,Noche (18-24h),1,Leve,TRUE
2.019e+230,2,Eixample,8,l'Antiga Esquerra de l'Eixample,Mallorca / Casanova,Dijous,2019,1,Gener,10,19,Tarda,No és causa del  vianant,0,1,0,1,2,2,41,2019-01-10,Thursday,Laborable,Noche (18-24h),1,Leve,TRUE
2.019e+231,4,Les Corts,19,les Corts,Diagonal / Numància,Dijous,2019,1,Gener,10,19,Tarda,No és causa del  vianant,0,1,0,1,2,2,41,2019-01-10,Thursday,Laborable,Noche (18-24h),1,Leve,TRUE
2.019e+232,2,Eixample,7,la Dreta de l'Eixample,Bruc / Diputació,Dijous,2019,1,Gener,10,17,Tarda,No és causa del  vianant,0,1,0,1,2,2,41,2019-01-10,Thursday,Laborable,Tarde (12-18h),1,Leve,TRUE
2.019e+233,10,Sant Martí,68,el Poblenou,Diagonal / Poblenou,Dijous,2019,1,Gener,10,19,Tarda,No és causa del  vianant,0,1,0,1,1,2,41,2019-01-10,Thursday,Laborable,Noche (18-24h),1,Leve,TRUE
2.019e+234,6,Gràcia,31,la Vila de Gràcia,Gran de Gràcia,Dijous,2019,1,Gener,10,19,Tarda,No és causa del  vianant,0,1,0,1,2,2,41,2019-01-10,Thursday,Laborable,Noche (18-24h),1,Leve,TRUE
2.019e+235,2,Eixample,6,la Sagrada Família,València / Lepant,Dijous,2019,1,Gener,10,21,Tarda,No és causa del  vianant,0,1,0,1,2,2,41,2019-01-10,Thursday,Laborable,Noche (18-24h),1,Leve,TRUE
2.019e+236,10,Sant Martí,69,Diagonal Mar i el Front Marítim del Poblenou,Diagonal,Dijous,2019,1,Gener,10,20,Tarda,No és causa del  vianant,0,0,0,0,1,2,41,2019-01-10,Thursday,Laborable,Noche (18-24h),0,Leve,FALSE
2.019e+237,5,Sarrià-Sant Gervasi,26,Sant Gervasi - Galvany,Bori i Fontestà / Beethoven,Dijous,2019,1,Gener,10,21,Tarda,No és causa del  vianant,0,1,0,1,2,2,41,2019-01-10,Thursday,Laborable,Noche (18-24h),1,Leve,TRUE
2.019e+238,5,Sarrià-Sant Gervasi,26,Sant Gervasi - Galvany,Gràcia,Dijous,2019,1,Gener,10,18,Tarda,No és causa del  vianant,0,1,0,1,2,2,41,2019-01-10,Thursday,Laborable,Noche (18-24h),1,Leve,TRUE
2.019e+239,5,Sarrià-Sant Gervasi,26,Sant Gervasi - Galvany,Aribau,Dijous,2019,1,Gener,10,18,Tarda,No és causa del  vianant,0,2,0,2,3,2,41,2019-01-10,Thursday,Laborable,Noche (18-24h),2,Leve,TRUE
2.019e+240,2,Eixample,6,la Sagrada Família,València / Lepant,Dijous,2019,1,Gener,10,17,Tarda,No és causa del  vianant,0,1,0,1,2,2,41,2019-01-10,Thursday,Laborable,Tarde (12-18h),1,Leve,TRUE
2.019e+241,1,Ciutat Vella,4,"Sant Pere, Santa Caterina i la Ribera",Picasso / Pujades,Divendres,2019,1,Gener,11,0,Nit,No és causa del  vianant,0,1,0,1,2,2,41,2019-01-11,Friday,Laborable,Madrugada (00-06h),1,Leve,TRUE
2.019e+242,8,Nou Barris,52,la Prosperitat,Júlia,Dijous,2019,1,Gener,10,23,Nit,Altres,0,2,0,2,1,2,41,2019-01-10,Thursday,Laborable,Noche (18-24h),2,Leve,TRUE
2.019e+243,2,Eixample,6,la Sagrada Família,Provença / Padilla,Divendres,2019,1,Gener,11,6,Matí,No és causa del  vianant,0,1,0,1,2,2,41,2019-01-11,Friday,Laborable,Manana (06-12h),1,Leve,TRUE
2.019e+244,2,Eixample,7,la Dreta de l'Eixample,Mallorca / Pau Claris,Divendres,2019,1,Gener,11,8,Matí,No és causa del  vianant,0,1,0,1,2,2,41,2019-01-11,Friday,Laborable,Manana (06-12h),1,Leve,TRUE
2.019e+245,2,Eixample,9,la Nova Esquerra de l'Eixample,Aragó,Divendres,2019,1,Gener,11,9,Matí,No és causa del  vianant,0,1,0,1,2,2,41,2019-01-11,Friday,Laborable,Manana (06-12h),1,Leve,TRUE
2.019e+246,8,Nou Barris,45,Porta,Rosselló i Porcel,Divendres,2019,1,Gener,11,7,Matí,No és causa del  vianant,0,1,0,1,2,2,41,2019-01-11,Friday,Laborable,Manana (06-12h),1,Leve,TRUE
2.019e+247,7,Horta-Guinardó,42,la Clota,Lisboa / Clota,Divendres,2019,1,Gener,11,8,Matí,Desobeir el senyal del semàfor,0,1,0,1,2,2,41,2019-01-11,Friday,Laborable,Manana (06-12h),1,Leve,TRUE
2.019e+248,1,Ciutat Vella,3,la Barceloneta,Litoral (Llobregat),Divendres,2019,1,Gener,11,7,Matí,No és causa del  vianant,0,1,0,1,2,2,41,2019-01-11,Friday,Laborable,Manana (06-12h),1,Leve,TRUE
2.019e+249,6,Gràcia,32,el Camp d'en Grassot i Gràcia Nova,Sardenya / Pi i Margall,Divendres,2019,1,Gener,11,8,Matí,No és causa del  vianant,0,2,0,2,2,2,41,2019-01-11,Friday,Laborable,Manana (06-12h),2,Leve,TRUE
2.019e+250,3,Sants-Montjuïc,17,Sants - Badal,Sugranyes,Divendres,2019,1,Gener,11,7,Matí,No és causa del  vianant,0,0,0,0,3,2,41,2019-01-11,Friday,Laborable,Manana (06-12h),0,Leve,FALSE
2.019e+251,5,Sarrià-Sant Gervasi,24,les Tres Torres,Augusta,Divendres,2019,1,Gener,11,9,Matí,No és causa del  vianant,0,1,0,1,2,2,41,2019-01-11,Friday,Laborable,Manana (06-12h),1,Leve,TRUE
2.019e+252,5,Sarrià-Sant Gervasi,23,Sarrià,Reina Elisenda de Montcada / Pere II de Montcada,Divendres,2019,1,Gener,11,8,Matí,No és causa del  vianant,0,1,0,1,2,2,41,2019-01-11,Friday,Laborable,Manana (06-12h),1,Leve,TRUE
2.019e+253,2,Eixample,7,la Dreta de l'Eixample,Diagonal,Divendres,2019,1,Gener,11,11,Matí,No és causa del  vianant,0,1,0,1,1,2,41,2019-01-11,Friday,Laborable,Manana (06-12h),1,Leve,TRUE
2.019e+254,3,Sants-Montjuïc,15,Hostafrancs,Portugalete / Moianès,Divendres,2019,1,Gener,11,11,Matí,No és causa del  vianant,0,1,0,1,1,2,41,2019-01-11,Friday,Laborable,Manana (06-12h),1,Leve,TRUE
2.019e+255,4,Les Corts,19,les Corts,Entença / Montnegre,Divendres,2019,1,Gener,11,11,Matí,No és causa del  vianant,0,1,0,1,2,2,41,2019-01-11,Friday,Laborable,Manana (06-12h),1,Leve,TRUE
2.019e+256,10,Sant Martí,64,el Camp de l'Arpa del Clot,Indústria,Divendres,2019,1,Gener,11,10,Matí,No és causa del  vianant,0,1,0,1,2,2,41,2019-01-11,Friday,Laborable,Manana (06-12h),1,Leve,TRUE
2.019e+257,5,Sarrià-Sant Gervasi,26,Sant Gervasi - Galvany,Gràcia / Alfons XII,Divendres,2019,1,Gener,11,12,Matí,Creuar per fora pas de vianants,0,1,0,1,1,2,41,2019-01-11,Friday,Laborable,Tarde (12-18h),1,Leve,TRUE
2.019e+258,10,Sant Martí,65,el Clot,Corts Catalanes,Divendres,2019,1,Gener,11,11,Matí,No és causa del  vianant,0,2,0,2,2,2,41,2019-01-11,Friday,Laborable,Manana (06-12h),2,Leve,TRUE
2.019e+259,10,Sant Martí,69,Diagonal Mar i el Front Marítim del Poblenou,Litoral / Josep Pla,Divendres,2019,1,Gener,11,12,Matí,No és causa del  vianant,0,1,0,1,1,2,41,2019-01-11,Friday,Laborable,Tarde (12-18h),1,Leve,TRUE
2.019e+260,7,Horta-Guinardó,37,el Carmel,Llobregós,Divendres,2019,1,Gener,11,13,Matí,No és causa del  vianant,0,1,0,1,1,2,41,2019-01-11,Friday,Laborable,Tarde (12-18h),1,Leve,TRUE
2.019e+261,1,Ciutat Vella,1,el Raval,Pelai,Divendres,2019,1,Gener,11,13,Matí,No és causa del  vianant,0,1,0,1,2,2,41,2019-01-11,Friday,Laborable,Tarde (12-18h),1,Leve,TRUE
2.019e+262,9,Sant Andreu,61,la Sagrera,Garcilaso,Divendres,2019,1,Gener,11,13,Matí,Creuar per fora pas de vianants,0,1,0,1,1,2,41,2019-01-11,Friday,Laborable,Tarde (12-18h),1,Leve,TRUE
2.019e+263,9,Sant Andreu,59,el Bon Pastor,B-10 (Besòs),Divendres,2019,1,Gener,11,14,Tarda,No és causa del  vianant,0,1,0,1,4,2,41,2019-01-11,Friday,Laborable,Tarde (12-18h),1,Leve,TRUE
2.019e+264,8,Nou Barris,52,la Prosperitat,Favència / Molí,Divendres,2019,1,Gener,11,14,Tarda,No és causa del  vianant,0,2,0,2,2,2,41,2019-01-11,Friday,Laborable,Tarde (12-18h),2,Leve,TRUE
2.019e+265,5,Sarrià-Sant Gervasi,25,Sant Gervasi - la Bonanova,B-20 (Llobregat),Divendres,2019,1,Gener,11,15,Tarda,No és causa del  vianant,0,3,0,3,3,2,41,2019-01-11,Friday,Laborable,Tarde (12-18h),3,Leve,TRUE
2.019e+266,4,Les Corts,20,la Maternitat i Sant Ramon,Madrid / Brasil,Divendres,2019,1,Gener,11,14,Tarda,No és causa del  vianant,0,1,0,1,1,2,41,2019-01-11,Friday,Laborable,Tarde (12-18h),1,Leve,TRUE
2.019e+267,5,Sarrià-Sant Gervasi,26,Sant Gervasi - Galvany,Copèrnic / Vico,Divendres,2019,1,Gener,11,15,Tarda,No és causa del  vianant,0,1,0,1,2,2,41,2019-01-11,Friday,Laborable,Tarde (12-18h),1,Leve,TRUE
2.019e+268,10,Sant Martí,70,el Besòs i el Maresme,Josep Pla,Divendres,2019,1,Gener,11,14,Tarda,No és causa del  vianant,0,1,0,1,2,2,41,2019-01-11,Friday,Laborable,Tarde (12-18h),1,Leve,TRUE
2.019e+269,10,Sant Martí,65,el Clot,Corts Catalanes / Glòries Catalanes,Divendres,2019,1,Gener,11,15,Tarda,No és causa del  vianant,0,1,0,1,2,2,41,2019-01-11,Friday,Laborable,Tarde (12-18h),1,Leve,TRUE
2.019e+270,5,Sarrià-Sant Gervasi,25,Sant Gervasi - la Bonanova,Iradier / Benedetti,Divendres,2019,1,Gener,11,17,Tarda,No és causa del  vianant,0,0,0,0,2,2,41,2019-01-11,Friday,Laborable,Tarde (12-18h),0,Leve,FALSE
2.019e+271,2,Eixample,5,el Fort Pienc,Corts Catalanes / Glòries Catalanes,Divendres,2019,1,Gener,11,17,Tarda,No és causa del  vianant,0,1,0,1,2,2,41,2019-01-11,Friday,Laborable,Tarde (12-18h),1,Leve,TRUE
2.019e+272,2,Eixample,7,la Dreta de l'Eixample,Corts Catalanes / Roger de Llúria,Divendres,2019,1,Gener,11,15,Tarda,No és causa del  vianant,0,1,0,1,2,2,41,2019-01-11,Friday,Laborable,Tarde (12-18h),1,Leve,TRUE
2.019e+273,9,Sant Andreu,59,el Bon Pastor,Ferran Junoy,Divendres,2019,1,Gener,11,13,Matí,No és causa del  vianant,0,3,0,3,2,2,41,2019-01-11,Friday,Laborable,Tarde (12-18h),3,Leve,TRUE
2.019e+274,3,Sants-Montjuïc,12,la Marina del Prat Vermell,Número 4 Zona Franca,Divendres,2019,1,Gener,11,14,Tarda,No és causa del  vianant,0,1,0,1,2,2,41,2019-01-11,Friday,Laborable,Tarde (12-18h),1,Leve,TRUE
2.019e+275,2,Eixample,7,la Dreta de l'Eixample,Bailèn / Consell de Cent,Divendres,2019,1,Gener,11,15,Tarda,Desobeir el senyal del semàfor,0,3,0,3,1,2,41,2019-01-11,Friday,Laborable,Tarde (12-18h),3,Leve,TRUE
2.019e+276,3,Sants-Montjuïc,18,Sants,Violant Hongria Reina Aragó / Galileu,Divendres,2019,1,Gener,11,21,Tarda,No és causa del  vianant,0,1,0,1,2,2,41,2019-01-11,Friday,Laborable,Noche (18-24h),1,Leve,TRUE
2.019e+277,10,Sant Martí,65,el Clot,Mallorca / Las Navas de Tolosa,Divendres,2019,1,Gener,11,23,Nit,Desobeir el senyal del semàfor,0,1,0,1,1,2,41,2019-01-11,Friday,Laborable,Noche (18-24h),1,Leve,TRUE
2.019e+278,5,Sarrià-Sant Gervasi,22,"Vallvidrera, el Tibidabo i les Planes",Vallvidrera al Tibidabo,Dissabte,2019,1,Gener,12,1,Nit,No és causa del  vianant,0,0,0,0,0,2,41,2019-01-12,Saturday,Fin de semana,Madrugada (00-06h),0,Leve,FALSE
2.019e+279,2,Eixample,8,l'Antiga Esquerra de l'Eixample,Roma,Dissabte,2019,1,Gener,12,5,Nit,No és causa del  vianant,0,0,0,0,2,2,41,2019-01-12,Saturday,Fin de semana,Madrugada (00-06h),0,Leve,FALSE
2.019e+280,10,Sant Martí,71,Provençals del Poblenou,Selva de Mar / Cristóbal de Moura,Dissabte,2019,1,Gener,12,9,Matí,No és causa del  vianant,0,0,0,0,1,2,41,2019-01-12,Saturday,Fin de semana,Manana (06-12h),0,Leve,FALSE
2.019e+281,6,Gràcia,32,el Camp d'en Grassot i Gràcia Nova,Sant Antoni Maria Claret,Dissabte,2019,1,Gener,12,10,Matí,No és causa del  vianant,0,1,0,1,2,2,41,2019-01-12,Saturday,Fin de semana,Manana (06-12h),1,Leve,TRUE
2.019e+282,2,Eixample,7,la Dreta de l'Eixample,Catalunya / Mallorca,Dissabte,2019,1,Gener,12,9,Matí,No és causa del  vianant,0,0,0,0,2,2,41,2019-01-12,Saturday,Fin de semana,Manana (06-12h),0,Leve,FALSE
2.019e+283,6,Gràcia,29,el Coll,Tirso,Dissabte,2019,1,Gener,12,11,Matí,No és causa del  vianant,0,0,0,0,1,2,41,2019-01-12,Saturday,Fin de semana,Manana (06-12h),0,Leve,FALSE
2.019e+284,5,Sarrià-Sant Gervasi,26,Sant Gervasi - Galvany,Diagonal / Augusta,Divendres,2019,1,Gener,11,14,Tarda,No és causa del  vianant,0,1,0,1,2,2,41,2019-01-11,Friday,Laborable,Tarde (12-18h),1,Leve,TRUE
2.019e+285,2,Eixample,8,l'Antiga Esquerra de l'Eixample,València / Muntaner,Dissabte,2019,1,Gener,12,12,Matí,No és causa del  vianant,0,1,0,1,1,2,41,2019-01-12,Saturday,Fin de semana,Tarde (12-18h),1,Leve,TRUE
2.019e+286,10,Sant Martí,71,Provençals del Poblenou,Corts Catalanes,Dissabte,2019,1,Gener,12,13,Matí,No és causa del  vianant,0,1,0,1,3,2,41,2019-01-12,Saturday,Fin de semana,Tarde (12-18h),1,Leve,TRUE
2.019e+287,10,Sant Martí,65,el Clot,Las Navas de Tolosa / València,Dissabte,2019,1,Gener,12,12,Matí,No és causa del  vianant,0,1,0,1,2,2,41,2019-01-12,Saturday,Fin de semana,Tarde (12-18h),1,Leve,TRUE
2.019e+288,2,Eixample,5,el Fort Pienc,Tetuan,Dissabte,2019,1,Gener,12,15,Tarda,No és causa del  vianant,0,1,0,1,2,2,41,2019-01-12,Saturday,Fin de semana,Tarde (12-18h),1,Leve,TRUE
2.019e+289,10,Sant Martí,71,Provençals del Poblenou,Corts Catalanes / Bac de Roda,Dissabte,2019,1,Gener,12,14,Tarda,Desobeir altres senyals,0,1,0,1,2,2,41,2019-01-12,Saturday,Fin de semana,Tarde (12-18h),1,Leve,TRUE
2.019e+290,2,Eixample,7,la Dreta de l'Eixample,Gràcia / Corts Catalanes,Dissabte,2019,1,Gener,12,14,Tarda,No és causa del  vianant,0,1,0,1,2,2,41,2019-01-12,Saturday,Fin de semana,Tarde (12-18h),1,Leve,TRUE
2.019e+291,9,Sant Andreu,59,el Bon Pastor,República Dominicana,Dissabte,2019,1,Gener,12,13,Matí,No és causa del  vianant,0,1,0,1,2,2,41,2019-01-12,Saturday,Fin de semana,Tarde (12-18h),1,Leve,TRUE
2.019e+292,2,Eixample,7,la Dreta de l'Eixample,Sant Joan / Rosselló,Dissabte,2019,1,Gener,12,14,Tarda,No és causa del  vianant,0,2,0,2,2,2,41,2019-01-12,Saturday,Fin de semana,Tarde (12-18h),2,Leve,TRUE
2.019e+293,10,Sant Martí,71,Provençals del Poblenou,Diagonal / Marroc,Dissabte,2019,1,Gener,12,16,Tarda,No és causa del  vianant,0,1,0,1,2,2,41,2019-01-12,Saturday,Fin de semana,Tarde (12-18h),1,Leve,TRUE
2.019e+294,5,Sarrià-Sant Gervasi,27,el Putxet i el Farró,General Mitre,Dissabte,2019,1,Gener,12,18,Tarda,No és causa del  vianant,0,1,0,1,2,2,41,2019-01-12,Saturday,Fin de semana,Noche (18-24h),1,Leve,TRUE
2.019e+295,9,Sant Andreu,59,el Bon Pastor,Caracas,Dissabte,2019,1,Gener,12,19,Tarda,No és causa del  vianant,0,1,0,1,2,2,41,2019-01-12,Saturday,Fin de semana,Noche (18-24h),1,Leve,TRUE
2.019e+296,2,Eixample,7,la Dreta de l'Eixample,Consell de Cent / Pau Claris,Dissabte,2019,1,Gener,12,20,Tarda,No és causa del  vianant,0,2,0,2,3,2,41,2019-01-12,Saturday,Fin de semana,Noche (18-24h),2,Leve,TRUE
2.019e+297,3,Sants-Montjuïc,18,Sants,Josep Tarradellas,Dissabte,2019,1,Gener,12,21,Tarda,No és causa del  vianant,0,1,0,1,2,2,41,2019-01-12,Saturday,Fin de semana,Noche (18-24h),1,Leve,TRUE
2.019e+298,9,Sant Andreu,63,Navas,Mallorca,Diumenge,2019,1,Gener,13,0,Nit,No és causa del  vianant,0,2,0,2,2,2,41,2019-01-13,Sunday,Fin de semana,Madrugada (00-06h),2,Leve,TRUE
2.019e+299,10,Sant Martí,65,el Clot,Aragó / Independència,Diumenge,2019,1,Gener,13,2,Nit,No és causa del  vianant,0,1,0,1,2,2,41,2019-01-13,Sunday,Fin de semana,Madrugada (00-06h),1,Leve,TRUE
2.019e+300,2,Eixample,7,la Dreta de l'Eixample,Catalunya,Diumenge,2019,1,Gener,13,5,Nit,Creuar per fora pas de vianants,0,1,0,1,1,2,41,2019-01-13,Sunday,Fin de semana,Madrugada (00-06h),1,Leve,TRUE
2.019e+301,10,Sant Martí,66,el Parc i la Llacuna del Poblenou,Marina / Pujades,Diumenge,2019,1,Gener,13,7,Matí,No és causa del  vianant,0,0,0,0,2,2,41,2019-01-13,Sunday,Fin de semana,Manana (06-12h),0,Leve,FALSE
2.019e+302,2,Eixample,6,la Sagrada Família,Diagonal,Diumenge,2019,1,Gener,13,11,Matí,No és causa del  vianant,0,1,0,1,1,2,41,2019-01-13,Sunday,Fin de semana,Manana (06-12h),1,Leve,TRUE
2.019e+303,2,Eixample,8,l'Antiga Esquerra de l'Eixample,París,Diumenge,2019,1,Gener,13,12,Matí,No és causa del  vianant,0,2,0,2,2,2,41,2019-01-13,Sunday,Fin de semana,Tarde (12-18h),2,Leve,TRUE
2.019e+304,1,Ciutat Vella,4,"Sant Pere, Santa Caterina i la Ribera",Princesa,Diumenge,2019,1,Gener,13,14,Tarda,No és causa del  vianant,0,1,0,1,2,2,41,2019-01-13,Sunday,Fin de semana,Tarde (12-18h),1,Leve,TRUE
2.019e+305,8,Nou Barris,53,la Trinitat Nova,Meridiana,Diumenge,2019,1,Gener,13,13,Matí,No és causa del  vianant,0,3,0,3,2,2,41,2019-01-13,Sunday,Fin de semana,Tarde (12-18h),3,Leve,TRUE
2.019e+306,6,Gràcia,28,Vallcarca i els Penitents,Agramunt / Bolívar,Dissabte,2019,1,Gener,12,21,Tarda,No és causa del  vianant,0,2,0,2,3,2,41,2019-01-12,Saturday,Fin de semana,Noche (18-24h),2,Leve,TRUE
2.019e+307,2,Eixample,9,la Nova Esquerra de l'Eixample,Roma / Entença,Diumenge,2019,1,Gener,13,16,Tarda,No és causa del  vianant,0,1,0,1,2,2,41,2019-01-13,Sunday,Fin de semana,Tarde (12-18h),1,Leve,TRUE
Inf,9,Sant Andreu,63,Navas,Las Navas de Tolosa / Ripollès,Diumenge,2019,1,Gener,13,15,Tarda,No és causa del  vianant,0,1,0,1,2,2,41,2019-01-13,Sunday,Fin de semana,Tarde (12-18h),1,Leve,TRUE
20200,7,Horta-Guinardó,NA,la Font d'en Fargues,Maragall,Dimecres,2020,1,Gener,1,0,Nit,NA,0,0,0,0,1,2,41,2020-01-01,Wednesday,Laborable,Madrugada (00-06h),0,Leve,FALSE
202000,3,Sants-Montjuïc,NA,la Bordeta,Corts Catalanes,Dimecres,2020,1,Gener,1,2,Nit,Desobeir el senyal del semàfor,0,1,0,1,1,2,41,2020-01-01,Wednesday,Laborable,Madrugada (00-06h),1,Leve,TRUE
2020000,2,Eixample,NA,l'Antiga Esquerra de l'Eixample,Sarrià,Dimecres,2020,1,Gener,1,2,Nit,NA,0,2,0,2,2,2,41,2020-01-01,Wednesday,Laborable,Madrugada (00-06h),2,Leve,TRUE
20200000,4,Les Corts,NA,les Corts,Doctor Fleming,Dimecres,2020,1,Gener,1,6,Matí,NA,0,2,0,2,2,2,41,2020-01-01,Wednesday,Laborable,Manana (06-12h),2,Leve,TRUE
2.02e+08,2,Eixample,NA,la Dreta de l'Eixample,Sant Pere,Dimecres,2020,1,Gener,1,4,Nit,Altres,0,1,0,1,1,2,41,2020-01-01,Wednesday,Laborable,Madrugada (00-06h),1,Leve,TRUE
2.02e+09,3,Sants-Montjuïc,NA,Sants - Badal,Sants,Dimecres,2020,1,Gener,1,10,Matí,NA,0,0,0,0,1,2,41,2020-01-01,Wednesday,Laborable,Manana (06-12h),0,Leve,FALSE
2.02e+10,9,Sant Andreu,NA,Sant Andreu,Meridiana,Dimecres,2020,1,Gener,1,13,Matí,NA,0,1,0,1,2,2,41,2020-01-01,Wednesday,Laborable,Tarde (12-18h),1,Leve,TRUE
2.02e+11,5,Sarrià-Sant Gervasi,NA,Sarrià,Santa Eulàlia,Dimecres,2020,1,Gener,1,14,Tarda,NA,0,1,0,1,1,2,41,2020-01-01,Wednesday,Laborable,Tarde (12-18h),1,Leve,TRUE
2.02e+12,2,Eixample,NA,la Dreta de l'Eixample,Aragó,Dimecres,2020,1,Gener,1,14,Tarda,NA,0,1,0,1,2,2,41,2020-01-01,Wednesday,Laborable,Tarde (12-18h),1,Leve,TRUE
2.02e+13,10,Sant Martí,NA,la Verneda i la Pau,Cantàbria,Dimecres,2020,1,Gener,1,18,Tarda,NA,0,1,0,1,2,2,41,2020-01-01,Wednesday,Laborable,Noche (18-24h),1,Leve,TRUE
2.02e+14,9,Sant Andreu,NA,Sant Andreu,Meridiana,Dimecres,2020,1,Gener,1,17,Tarda,NA,1,0,0,1,1,2,41,2020-01-01,Wednesday,Laborable,Tarde (12-18h),0,Mortal,TRUE
2.02e+15,3,Sants-Montjuïc,NA,la Marina de Port,Corts Catalanes,Dimecres,2020,1,Gener,1,21,Tarda,NA,0,1,0,1,2,2,41,2020-01-01,Wednesday,Laborable,Noche (18-24h),1,Leve,TRUE
2.02e+16,7,Horta-Guinardó,NA,Horta,Cartellà,Dimecres,2020,1,Gener,1,22,Nit,NA,0,1,0,1,1,2,41,2020-01-01,Wednesday,Laborable,Noche (18-24h),1,Leve,TRUE
2.02e+17,9,Sant Andreu,NA,la Sagrera,Gran de la Sagrera,Dijous,2020,1,Gener,2,0,Nit,NA,0,1,0,1,2,2,41,2020-01-02,Thursday,Laborable,Madrugada (00-06h),1,Leve,TRUE
2.02e+18,9,Sant Andreu,NA,Baró de Viver,B-10 (Llobregat),Dijous,2020,1,Gener,2,8,Matí,NA,0,1,0,1,2,2,41,2020-01-02,Thursday,Laborable,Manana (06-12h),1,Leve,TRUE
2.02e+19,7,Horta-Guinardó,NA,el Carmel,Sigüenza,Dimecres,2020,1,Gener,1,21,Tarda,NA,0,1,0,1,2,2,41,2020-01-01,Wednesday,Laborable,Noche (18-24h),1,Leve,TRUE
2.02e+20,3,Sants-Montjuïc,NA,la Marina de Port,Corts Catalanes,Dijous,2020,1,Gener,2,12,Matí,NA,0,1,0,1,2,2,41,2020-01-02,Thursday,Laborable,Tarde (12-18h),1,Leve,TRUE
2.02e+21,5,Sarrià-Sant Gervasi,NA,Sarrià,Bonanova,Dijous,2020,1,Gener,2,14,Tarda,NA,0,1,0,1,2,2,41,2020-01-02,Thursday,Laborable,Tarde (12-18h),1,Leve,TRUE
2.02e+22,3,Sants-Montjuïc,NA,la Marina de Port,Foc,Dijous,2020,1,Gener,2,16,Tarda,NA,0,1,0,1,2,2,41,2020-01-02,Thursday,Laborable,Tarde (12-18h),1,Leve,TRUE
2.02e+23,8,Nou Barris,NA,Vilapicina i la Torre Llobeta,Maragall,Dijous,2020,1,Gener,2,16,Tarda,NA,0,1,0,1,2,2,41,2020-01-02,Thursday,Laborable,Tarde (12-18h),1,Leve,TRUE
2.02e+24,2,Eixample,NA,la Nova Esquerra de l'Eixample,Aragó,Dijous,2020,1,Gener,2,16,Tarda,NA,0,1,0,1,2,2,41,2020-01-02,Thursday,Laborable,Tarde (12-18h),1,Leve,TRUE
2.02e+25,1,Ciutat Vella,NA,el Barri Gòtic,Laietana,Dijous,2020,1,Gener,2,14,Tarda,NA,0,1,0,1,1,2,41,2020-01-02,Thursday,Laborable,Tarde (12-18h),1,Leve,TRUE
2.02e+26,2,Eixample,NA,la Dreta de l'Eixample,Corts Catalanes,Dijous,2020,1,Gener,2,19,Tarda,NA,0,1,0,1,2,2,41,2020-01-02,Thursday,Laborable,Noche (18-24h),1,Leve,TRUE
2.02e+27,2,Eixample,NA,la Sagrada Família,Dos de Maig,Dijous,2020,1,Gener,2,16,Tarda,NA,0,1,0,1,2,2,41,2020-01-02,Thursday,Laborable,Tarde (12-18h),1,Leve,TRUE
2.02e+28,9,Sant Andreu,NA,la Trinitat Vella,Santa Coloma,Dijous,2020,1,Gener,2,19,Tarda,NA,0,1,0,1,2,2,41,2020-01-02,Thursday,Laborable,Noche (18-24h),1,Leve,TRUE
2.02e+29,2,Eixample,NA,Sant Antoni,Universitat,Dijous,2020,1,Gener,2,19,Tarda,NA,0,1,0,1,2,2,41,2020-01-02,Thursday,Laborable,Noche (18-24h),1,Leve,TRUE
2.02e+30,2,Eixample,NA,la Sagrada Família,València,Dijous,2020,1,Gener,2,19,Tarda,NA,0,1,0,1,2,2,41,2020-01-02,Thursday,Laborable,Noche (18-24h),1,Leve,TRUE
2.02e+31,2,Eixample,NA,l'Antiga Esquerra de l'Eixample,Villarroel,Dijous,2020,1,Gener,2,18,Tarda,NA,0,1,0,1,1,2,41,2020-01-02,Thursday,Laborable,Noche (18-24h),1,Leve,TRUE
2.02e+32,3,Sants-Montjuïc,NA,Sants - Badal,Mig (Descendent),Dijous,2020,1,Gener,2,21,Tarda,NA,0,1,0,1,2,2,41,2020-01-02,Thursday,Laborable,Noche (18-24h),1,Leve,TRUE
2.02e+33,3,Sants-Montjuïc,NA,la Font de la Guatlla,Sant Fructuós,Dijous,2020,1,Gener,2,21,Tarda,NA,0,2,0,2,2,2,41,2020-01-02,Thursday,Laborable,Noche (18-24h),2,Leve,TRUE
2.02e+34,3,Sants-Montjuïc,NA,la Bordeta,Corts Catalanes,Divendres,2020,1,Gener,3,6,Matí,NA,0,2,0,2,2,2,41,2020-01-03,Friday,Laborable,Manana (06-12h),2,Leve,TRUE
2.02e+35,4,Les Corts,NA,la Maternitat i Sant Ramon,Diagonal,Divendres,2020,1,Gener,3,8,Matí,Transitar a peu per la calçada,0,1,0,1,1,2,41,2020-01-03,Friday,Laborable,Manana (06-12h),1,Leve,TRUE
2.02e+36,6,Gràcia,NA,la Vila de Gràcia,Gal·la Placídia,Divendres,2020,1,Gener,3,11,Matí,NA,0,1,0,1,2,2,41,2020-01-03,Friday,Laborable,Manana (06-12h),1,Leve,TRUE
2.02e+37,10,Sant Martí,NA,el Besòs i el Maresme,Litoral (Besòs),Divendres,2020,1,Gener,3,12,Matí,NA,0,1,0,1,2,2,41,2020-01-03,Friday,Laborable,Tarde (12-18h),1,Leve,TRUE
2.02e+38,8,Nou Barris,NA,Porta,Rosselló i Porcel,Divendres,2020,1,Gener,3,12,Matí,NA,0,3,0,3,2,2,41,2020-01-03,Friday,Laborable,Tarde (12-18h),3,Leve,TRUE
2.02e+39,5,Sarrià-Sant Gervasi,NA,les Tres Torres,Augusta,Divendres,2020,1,Gener,3,13,Matí,NA,0,2,0,2,3,2,41,2020-01-03,Friday,Laborable,Tarde (12-18h),2,Leve,TRUE
2.02e+40,3,Sants-Montjuïc,NA,Sants,Sants,Divendres,2020,1,Gener,3,13,Matí,NA,0,1,0,1,2,2,41,2020-01-03,Friday,Laborable,Tarde (12-18h),1,Leve,TRUE
2.02e+41,NA,NA,NA,NA,NA,Divendres,2020,1,Gener,3,13,Matí,NA,0,1,0,1,2,-1,NA,2020-01-03,Friday,Laborable,Tarde (12-18h),1,Leve,TRUE
2.02e+42,2,Eixample,NA,l'Antiga Esquerra de l'Eixample,Aribau,Divendres,2020,1,Gener,3,14,Tarda,NA,0,1,0,1,2,2,41,2020-01-03,Friday,Laborable,Tarde (12-18h),1,Leve,TRUE
2.02e+43,10,Sant Martí,NA,la Vila Olímpica del Poblenou,Litoral,Divendres,2020,1,Gener,3,15,Tarda,NA,0,1,0,1,2,2,41,2020-01-03,Friday,Laborable,Tarde (12-18h),1,Leve,TRUE
2.02e+44,5,Sarrià-Sant Gervasi,NA,Sant Gervasi - Galvany,Diagonal,Divendres,2020,1,Gener,3,15,Tarda,NA,0,1,0,1,2,2,41,2020-01-03,Friday,Laborable,Tarde (12-18h),1,Leve,TRUE
2.02e+45,2,Eixample,NA,la Dreta de l'Eixample,Sant Joan,Divendres,2020,1,Gener,3,16,Tarda,NA,0,2,0,2,2,2,41,2020-01-03,Friday,Laborable,Tarde (12-18h),2,Leve,TRUE
2.02e+46,9,Sant Andreu,NA,Sant Andreu,Pare Manyanet,Divendres,2020,1,Gener,3,17,Tarda,NA,0,1,0,1,2,2,41,2020-01-03,Friday,Laborable,Tarde (12-18h),1,Leve,TRUE
2.02e+47,7,Horta-Guinardó,NA,la Vall d'Hebron,Vall d'Hebron,Divendres,2020,1,Gener,3,16,Tarda,NA,0,1,0,1,2,2,41,2020-01-03,Friday,Laborable,Tarde (12-18h),1,Leve,TRUE
2.02e+48,4,Les Corts,NA,les Corts,Corts,Divendres,2020,1,Gener,3,16,Tarda,NA,0,1,0,1,1,2,41,2020-01-03,Friday,Laborable,Tarde (12-18h),1,Leve,TRUE
2.02e+49,5,Sarrià-Sant Gervasi,NA,el Putxet i el Farró,Ballester,Divendres,2020,1,Gener,3,18,Tarda,NA,0,2,0,2,2,2,41,2020-01-03,Friday,Laborable,Noche (18-24h),2,Leve,TRUE
2.02e+50,9,Sant Andreu,NA,la Sagrera,Meridiana,Divendres,2020,1,Gener,3,21,Tarda,Creuar per fora pas de vianants,0,2,0,2,1,2,41,2020-01-03,Friday,Laborable,Noche (18-24h),2,Leve,TRUE
2.02e+51,3,Sants-Montjuïc,NA,la Marina del Prat Vermell,B Zona Franca,Divendres,2020,1,Gener,3,21,Tarda,NA,0,2,0,2,3,2,41,2020-01-03,Friday,Laborable,Noche (18-24h),2,Leve,TRUE
2.02e+52,1,Ciutat Vella,NA,el Raval,Portal de la Pau,Divendres,2020,1,Gener,3,21,Tarda,NA,0,1,0,1,2,2,41,2020-01-03,Friday,Laborable,Noche (18-24h),1,Leve,TRUE
2.02e+53,6,Gràcia,NA,el Coll,Beat Almató,Dissabte,2020,1,Gener,4,1,Nit,NA,0,0,1,1,2,2,41,2020-01-04,Saturday,Fin de semana,Madrugada (00-06h),1,Grave,TRUE
2.02e+54,2,Eixample,NA,la Dreta de l'Eixample,Mossèn Jacint Verdaguer,Dissabte,2020,1,Gener,4,5,Nit,NA,0,0,0,0,1,2,41,2020-01-04,Saturday,Fin de semana,Madrugada (00-06h),0,Leve,FALSE
2.02e+55,9,Sant Andreu,NA,Navas,Espronceda,Dissabte,2020,1,Gener,4,7,Matí,NA,0,1,0,1,3,2,41,2020-01-04,Saturday,Fin de semana,Manana (06-12h),1,Leve,TRUE
2.02e+56,3,Sants-Montjuïc,NA,la Marina de Port,Polvorí,Dissabte,2020,1,Gener,4,8,Matí,NA,0,1,0,1,3,2,41,2020-01-04,Saturday,Fin de semana,Manana (06-12h),1,Leve,TRUE
2.02e+57,10,Sant Martí,NA,el Poblenou,Ramon Turró,Dissabte,2020,1,Gener,4,10,Matí,NA,0,1,0,1,2,2,41,2020-01-04,Saturday,Fin de semana,Manana (06-12h),1,Leve,TRUE
2.02e+58,2,Eixample,NA,la Dreta de l'Eixample,Sant Joan,Dissabte,2020,1,Gener,4,12,Matí,NA,0,1,0,1,2,2,41,2020-01-04,Saturday,Fin de semana,Tarde (12-18h),1,Leve,TRUE
2.02e+59,8,Nou Barris,NA,la Prosperitat,Dalt (Llobregat),Dissabte,2020,1,Gener,4,13,Matí,NA,0,2,0,2,2,2,41,2020-01-04,Saturday,Fin de semana,Tarde (12-18h),2,Leve,TRUE
2.02e+60,3,Sants-Montjuïc,NA,el Poble-sec,Espanya,Dissabte,2020,1,Gener,4,14,Tarda,NA,0,1,0,1,2,2,41,2020-01-04,Saturday,Fin de semana,Tarde (12-18h),1,Leve,TRUE
2.02e+61,2,Eixample,NA,el Fort Pienc,Corts Catalanes,Dissabte,2020,1,Gener,4,14,Tarda,NA,0,2,0,2,3,2,41,2020-01-04,Saturday,Fin de semana,Tarde (12-18h),2,Leve,TRUE
2.02e+62,8,Nou Barris,NA,el Turó de la Peira,Fabra i Puig,Dissabte,2020,1,Gener,4,15,Tarda,Desobeir el senyal del semàfor,0,1,0,1,1,2,41,2020-01-04,Saturday,Fin de semana,Tarde (12-18h),1,Leve,TRUE
2.02e+63,2,Eixample,NA,la Dreta de l'Eixample,Corts Catalanes,Dissabte,2020,1,Gener,4,15,Tarda,NA,0,0,1,1,2,2,41,2020-01-04,Saturday,Fin de semana,Tarde (12-18h),1,Grave,TRUE
2.02e+64,1,Ciutat Vella,NA,el Raval,Rambla,Dissabte,2020,1,Gener,4,19,Tarda,Creuar per fora pas de vianants,0,1,0,1,1,2,41,2020-01-04,Saturday,Fin de semana,Noche (18-24h),1,Leve,TRUE
2.02e+65,5,Sarrià-Sant Gervasi,NA,"Vallvidrera, el Tibidabo i les Planes",Vallvidrera a les Planes,Dissabte,2020,1,Gener,4,20,Tarda,NA,0,0,0,0,2,2,41,2020-01-04,Saturday,Fin de semana,Noche (18-24h),0,Leve,FALSE
2.02e+66,1,Ciutat Vella,NA,"Sant Pere, Santa Caterina i la Ribera",Picasso,Dissabte,2020,1,Gener,4,16,Tarda,NA,0,1,0,1,2,2,41,2020-01-04,Saturday,Fin de semana,Tarde (12-18h),1,Leve,TRUE
2.02e+67,1,Ciutat Vella,NA,el Barri Gòtic,Litoral (Besòs),Dissabte,2020,1,Gener,4,17,Tarda,NA,0,1,0,1,2,2,41,2020-01-04,Saturday,Fin de semana,Tarde (12-18h),1,Leve,TRUE
2.02e+68,8,Nou Barris,NA,Vilapicina i la Torre Llobeta,Maragall,Dissabte,2020,1,Gener,4,12,Matí,NA,0,1,0,1,2,2,41,2020-01-04,Saturday,Fin de semana,Tarde (12-18h),1,Leve,TRUE
2.02e+69,2,Eixample,NA,la Dreta de l'Eixample,Diagonal,Dissabte,2020,1,Gener,4,19,Tarda,NA,0,2,0,2,2,2,41,2020-01-04,Saturday,Fin de semana,Noche (18-24h),2,Leve,TRUE
2.02e+70,10,Sant Martí,NA,el Besòs i el Maresme,C-31,Dissabte,2020,1,Gener,4,21,Tarda,NA,0,1,0,1,2,2,41,2020-01-04,Saturday,Fin de semana,Noche (18-24h),1,Leve,TRUE
2.02e+71,1,Ciutat Vella,NA,"Sant Pere, Santa Caterina i la Ribera",Isabel II,Dissabte,2020,1,Gener,4,23,Nit,NA,0,1,0,1,2,2,41,2020-01-04,Saturday,Fin de semana,Noche (18-24h),1,Leve,TRUE
2.02e+72,10,Sant Martí,NA,el Clot,Las Navas de Tolosa,Diumenge,2020,1,Gener,5,5,Nit,NA,0,3,0,3,2,2,41,2020-01-05,Sunday,Fin de semana,Madrugada (00-06h),3,Leve,TRUE
2.02e+73,10,Sant Martí,NA,el Poblenou,Litoral (Llobregat),Diumenge,2020,1,Gener,5,6,Matí,NA,0,1,0,1,1,2,41,2020-01-05,Sunday,Fin de semana,Manana (06-12h),1,Leve,TRUE
2.02e+74,7,Horta-Guinardó,NA,el Baix Guinardó,Sant Antoni Maria Claret,Diumenge,2020,1,Gener,5,9,Matí,NA,0,1,0,1,2,2,41,2020-01-05,Sunday,Fin de semana,Manana (06-12h),1,Leve,TRUE
2.02e+75,7,Horta-Guinardó,NA,el Baix Guinardó,Lepant,Diumenge,2020,1,Gener,5,11,Matí,NA,0,2,0,2,2,2,41,2020-01-05,Sunday,Fin de semana,Manana (06-12h),2,Leve,TRUE
2.02e+76,7,Horta-Guinardó,NA,la Font d'en Fargues,Ciències,Diumenge,2020,1,Gener,5,11,Matí,NA,0,2,0,2,2,2,41,2020-01-05,Sunday,Fin de semana,Manana (06-12h),2,Leve,TRUE
2.02e+77,9,Sant Andreu,NA,la Trinitat Vella,Santa Coloma,Diumenge,2020,1,Gener,5,13,Matí,NA,0,2,0,2,2,2,41,2020-01-05,Sunday,Fin de semana,Tarde (12-18h),2,Leve,TRUE
2.02e+78,2,Eixample,NA,l'Antiga Esquerra de l'Eixample,Balmes,Diumenge,2020,1,Gener,5,13,Matí,NA,0,1,0,1,2,2,41,2020-01-05,Sunday,Fin de semana,Tarde (12-18h),1,Leve,TRUE
2.02e+79,2,Eixample,NA,la Sagrada Família,Gaudí,Diumenge,2020,1,Gener,5,14,Tarda,NA,0,1,0,1,2,2,41,2020-01-05,Sunday,Fin de semana,Tarde (12-18h),1,Leve,TRUE
2.02e+80,1,Ciutat Vella,NA,el Barri Gòtic,Litoral (Llobregat),Diumenge,2020,1,Gener,5,16,Tarda,NA,0,2,0,2,2,2,41,2020-01-05,Sunday,Fin de semana,Tarde (12-18h),2,Leve,TRUE
2.02e+81,8,Nou Barris,NA,Canyelles,Favència,Diumenge,2020,1,Gener,5,18,Tarda,NA,0,1,0,1,2,2,41,2020-01-05,Sunday,Fin de semana,Noche (18-24h),1,Leve,TRUE
2.02e+82,3,Sants-Montjuïc,NA,el Poble-sec,Litoral (Llobregat),Diumenge,2020,1,Gener,5,18,Tarda,NA,0,2,0,2,2,2,41,2020-01-05,Sunday,Fin de semana,Noche (18-24h),2,Leve,TRUE
2.02e+83,5,Sarrià-Sant Gervasi,NA,Sant Gervasi - la Bonanova,Bonanova,Diumenge,2020,1,Gener,5,20,Tarda,NA,0,2,0,2,2,2,41,2020-01-05,Sunday,Fin de semana,Noche (18-24h),2,Leve,TRUE
2.02e+84,3,Sants-Montjuïc,NA,Sants,Galileu,Diumenge,2020,1,Gener,5,1,Nit,NA,0,2,0,2,3,2,41,2020-01-05,Sunday,Fin de semana,Madrugada (00-06h),2,Leve,TRUE
2.02e+85,10,Sant Martí,NA,el Poblenou,Poblenou,Diumenge,2020,1,Gener,5,20,Tarda,NA,0,1,0,1,2,2,41,2020-01-05,Sunday,Fin de semana,Noche (18-24h),1,Leve,TRUE
2.02e+86,8,Nou Barris,NA,la Trinitat Nova,S'Agaró,Diumenge,2020,1,Gener,5,15,Tarda,NA,0,3,0,3,2,2,41,2020-01-05,Sunday,Fin de semana,Tarde (12-18h),3,Leve,TRUE
2.02e+87,10,Sant Martí,NA,el Poblenou,Bilbao,Diumenge,2020,1,Gener,5,20,Tarda,NA,0,4,0,4,2,2,41,2020-01-05,Sunday,Fin de semana,Noche (18-24h),4,Leve,TRUE
2.02e+88,2,Eixample,NA,el Fort Pienc,Sardenya,Dilluns,2020,1,Gener,6,1,Nit,NA,0,4,0,4,3,2,41,2020-01-06,Monday,Laborable,Madrugada (00-06h),4,Leve,TRUE
2.02e+89,2,Eixample,NA,la Dreta de l'Eixample,Diagonal,Dilluns,2020,1,Gener,6,0,Nit,NA,0,2,0,2,2,2,41,2020-01-06,Monday,Laborable,Madrugada (00-06h),2,Leve,TRUE
2.02e+90,7,Horta-Guinardó,NA,Horta,Dalt (Besòs),Dilluns,2020,1,Gener,6,12,Matí,NA,0,2,0,2,2,2,41,2020-01-06,Monday,Laborable,Tarde (12-18h),2,Leve,TRUE
2.02e+91,2,Eixample,NA,l'Antiga Esquerra de l'Eixample,Consell de Cent,Dilluns,2020,1,Gener,6,13,Matí,NA,0,1,0,1,2,2,41,2020-01-06,Monday,Laborable,Tarde (12-18h),1,Leve,TRUE
2.02e+92,2,Eixample,NA,la Dreta de l'Eixample,Sant Pere,Dilluns,2020,1,Gener,6,21,Tarda,NA,0,2,0,2,1,2,41,2020-01-06,Monday,Laborable,Noche (18-24h),2,Leve,TRUE
2.02e+93,5,Sarrià-Sant Gervasi,NA,Sant Gervasi - Galvany,Balmes,Dilluns,2020,1,Gener,6,14,Tarda,NA,0,1,0,1,2,2,41,2020-01-06,Monday,Laborable,Tarde (12-18h),1,Leve,TRUE
2.02e+94,8,Nou Barris,NA,Vallbona,Oristà,Dilluns,2020,1,Gener,6,18,Tarda,NA,0,1,0,1,2,2,41,2020-01-06,Monday,Laborable,Noche (18-24h),1,Leve,TRUE
2.02e+95,2,Eixample,NA,la Sagrada Família,Provença,Dilluns,2020,1,Gener,6,18,Tarda,NA,0,1,0,1,2,2,41,2020-01-06,Monday,Laborable,Noche (18-24h),1,Leve,TRUE
2.02e+96,7,Horta-Guinardó,NA,Montbau,Sant Cugat,Dilluns,2020,1,Gener,6,2,Nit,NA,0,4,0,4,2,2,41,2020-01-06,Monday,Laborable,Madrugada (00-06h),4,Leve,TRUE
2.02e+97,5,Sarrià-Sant Gervasi,NA,Sarrià,Dalt (Besòs),Dilluns,2020,1,Gener,6,10,Matí,NA,0,1,0,1,2,2,41,2020-01-06,Monday,Laborable,Manana (06-12h),1,Leve,TRUE
2.02e+98,2,Eixample,NA,la Sagrada Família,Mallorca,Dimarts,2020,1,Gener,7,8,Matí,NA,0,1,0,1,2,2,41,2020-01-07,Tuesday,Laborable,Manana (06-12h),1,Leve,TRUE
2.02e+99,2,Eixample,NA,l'Antiga Esquerra de l'Eixample,Diputació,Dimarts,2020,1,Gener,7,8,Matí,NA,0,1,0,1,2,2,41,2020-01-07,Tuesday,Laborable,Manana (06-12h),1,Leve,TRUE
2.02e+100,3,Sants-Montjuïc,NA,la Font de la Guatlla,Corts Catalanes,Dimarts,2020,1,Gener,7,10,Matí,NA,0,1,0,1,2,2,41,2020-01-07,Tuesday,Laborable,Manana (06-12h),1,Leve,TRUE
2.02e+101,7,Horta-Guinardó,NA,el Baix Guinardó,Guinardó,Dimarts,2020,1,Gener,7,9,Matí,Desobeir el senyal del semàfor,0,2,0,2,1,2,41,2020-01-07,Tuesday,Laborable,Manana (06-12h),2,Leve,TRUE
2.02e+102,10,Sant Martí,NA,Provençals del Poblenou,Sant Joan de Malta,Dimarts,2020,1,Gener,7,10,Matí,NA,0,1,0,1,1,2,41,2020-01-07,Tuesday,Laborable,Manana (06-12h),1,Leve,TRUE
2.02e+103,2,Eixample,NA,la Nova Esquerra de l'Eixample,Viladomat,Dimarts,2020,1,Gener,7,12,Matí,NA,0,1,0,1,2,2,41,2020-01-07,Tuesday,Laborable,Tarde (12-18h),1,Leve,TRUE
2.02e+104,3,Sants-Montjuïc,NA,la Marina del Prat Vermell,Major de Mercabarna,Dimarts,2020,1,Gener,7,12,Matí,NA,0,1,0,1,2,2,41,2020-01-07,Tuesday,Laborable,Tarde (12-18h),1,Leve,TRUE
2.02e+105,10,Sant Martí,NA,Diagonal Mar i el Front Marítim del Poblenou,Litoral (Llobregat),Dimarts,2020,1,Gener,7,13,Matí,NA,0,1,0,1,2,2,41,2020-01-07,Tuesday,Laborable,Tarde (12-18h),1,Leve,TRUE
2.02e+106,5,Sarrià-Sant Gervasi,NA,Sant Gervasi - Galvany,Muntaner,Dimarts,2020,1,Gener,7,14,Tarda,NA,0,1,0,1,4,2,41,2020-01-07,Tuesday,Laborable,Tarde (12-18h),1,Leve,TRUE
2.02e+107,9,Sant Andreu,NA,la Trinitat Vella,Bàrcino,Dimarts,2020,1,Gener,7,14,Tarda,NA,0,1,0,1,2,2,41,2020-01-07,Tuesday,Laborable,Tarde (12-18h),1,Leve,TRUE
2.02e+108,5,Sarrià-Sant Gervasi,NA,Sant Gervasi - Galvany,Aribau,Dimarts,2020,1,Gener,7,16,Tarda,NA,0,1,0,1,2,2,41,2020-01-07,Tuesday,Laborable,Tarde (12-18h),1,Leve,TRUE
2.02e+109,5,Sarrià-Sant Gervasi,NA,Sant Gervasi - la Bonanova,Muntaner,Dimarts,2020,1,Gener,7,17,Tarda,NA,0,1,0,1,1,2,41,2020-01-07,Tuesday,Laborable,Tarde (12-18h),1,Leve,TRUE
2.02e+110,2,Eixample,NA,la Dreta de l'Eixample,Aragó,Dimarts,2020,1,Gener,7,17,Tarda,NA,0,1,0,1,2,2,41,2020-01-07,Tuesday,Laborable,Tarde (12-18h),1,Leve,TRUE
2.02e+111,5,Sarrià-Sant Gervasi,NA,Sant Gervasi - la Bonanova,Sant Gervasi,Dimarts,2020,1,Gener,7,18,Tarda,NA,0,1,0,1,2,2,41,2020-01-07,Tuesday,Laborable,Noche (18-24h),1,Leve,TRUE
2.02e+112,2,Eixample,NA,la Sagrada Família,Còrsega,Dimarts,2020,1,Gener,7,16,Tarda,Desobeir el senyal del semàfor,0,2,0,2,1,2,41,2020-01-07,Tuesday,Laborable,Tarde (12-18h),2,Leve,TRUE
2.02e+113,2,Eixample,NA,la Sagrada Família,València,Dimarts,2020,1,Gener,7,17,Tarda,NA,0,1,0,1,2,2,41,2020-01-07,Tuesday,Laborable,Tarde (12-18h),1,Leve,TRUE
2.02e+114,2,Eixample,NA,Sant Antoni,Paral·lel,Dimarts,2020,1,Gener,7,17,Tarda,NA,0,1,0,1,2,2,41,2020-01-07,Tuesday,Laborable,Tarde (12-18h),1,Leve,TRUE
2.02e+115,4,Les Corts,NA,les Corts,Nau Santa Maria,Dimarts,2020,1,Gener,7,19,Tarda,NA,0,1,0,1,2,2,41,2020-01-07,Tuesday,Laborable,Noche (18-24h),1,Leve,TRUE
2.02e+116,5,Sarrià-Sant Gervasi,NA,les Tres Torres,Augusta,Dimarts,2020,1,Gener,7,19,Tarda,NA,0,1,0,1,2,2,41,2020-01-07,Tuesday,Laborable,Noche (18-24h),1,Leve,TRUE
2.02e+117,5,Sarrià-Sant Gervasi,NA,les Tres Torres,Mig (Descendent),Dimarts,2020,1,Gener,7,22,Nit,NA,0,0,0,0,1,2,41,2020-01-07,Tuesday,Laborable,Noche (18-24h),0,Leve,FALSE
2.02e+118,2,Eixample,NA,Sant Antoni,Sepúlveda,Dimecres,2020,1,Gener,8,7,Matí,NA,0,1,0,1,2,2,41,2020-01-08,Wednesday,Laborable,Manana (06-12h),1,Leve,TRUE
2.02e+119,3,Sants-Montjuïc,NA,la Marina del Prat Vermell,Longitudinal 5,Dimecres,2020,1,Gener,8,6,Matí,NA,0,1,0,1,2,2,41,2020-01-08,Wednesday,Laborable,Manana (06-12h),1,Leve,TRUE
2.02e+120,3,Sants-Montjuïc,NA,la Marina del Prat Vermell,Longitudinal 9,Dimecres,2020,1,Gener,8,7,Matí,NA,0,1,0,1,2,2,41,2020-01-08,Wednesday,Laborable,Manana (06-12h),1,Leve,TRUE
2.02e+121,3,Sants-Montjuïc,NA,la Marina del Prat Vermell,Transversal 11,Dimecres,2020,1,Gener,8,8,Matí,NA,0,2,0,2,1,2,41,2020-01-08,Wednesday,Laborable,Manana (06-12h),2,Leve,TRUE
2.02e+122,4,Les Corts,NA,Pedralbes,Carles III,Dimecres,2020,1,Gener,8,9,Matí,NA,0,1,0,1,2,2,41,2020-01-08,Wednesday,Laborable,Manana (06-12h),1,Leve,TRUE
2.02e+123,6,Gràcia,NA,el Camp d'en Grassot i Gràcia Nova,Pi i Margall,Dimecres,2020,1,Gener,8,8,Matí,NA,0,1,0,1,2,2,41,2020-01-08,Wednesday,Laborable,Manana (06-12h),1,Leve,TRUE
2.02e+124,1,Ciutat Vella,NA,el Raval,Lluna,Dimecres,2020,1,Gener,8,6,Matí,NA,0,2,0,2,1,2,41,2020-01-08,Wednesday,Laborable,Manana (06-12h),2,Leve,TRUE
2.02e+125,2,Eixample,NA,l'Antiga Esquerra de l'Eixample,Comte d'Urgell,Dimecres,2020,1,Gener,8,6,Matí,NA,0,2,0,2,3,2,41,2020-01-08,Wednesday,Laborable,Manana (06-12h),2,Leve,TRUE
2.02e+126,7,Horta-Guinardó,NA,el Carmel,Carmel,Dimecres,2020,1,Gener,8,11,Matí,NA,0,1,0,1,2,2,41,2020-01-08,Wednesday,Laborable,Manana (06-12h),1,Leve,TRUE
2.02e+127,10,Sant Martí,NA,Sant Martí de Provençals,Guipúscoa,Dimecres,2020,1,Gener,8,7,Matí,NA,0,1,0,1,2,2,41,2020-01-08,Wednesday,Laborable,Manana (06-12h),1,Leve,TRUE
2.02e+128,5,Sarrià-Sant Gervasi,NA,Sarrià,Margenat,Dimecres,2020,1,Gener,8,9,Matí,NA,0,2,0,2,2,2,41,2020-01-08,Wednesday,Laborable,Manana (06-12h),2,Leve,TRUE
2.02e+129,9,Sant Andreu,NA,el Bon Pastor,Guayaquil,Dimecres,2020,1,Gener,8,12,Matí,NA,0,1,0,1,2,2,41,2020-01-08,Wednesday,Laborable,Tarde (12-18h),1,Leve,TRUE
2.02e+130,7,Horta-Guinardó,NA,Horta,Dalt (Llobregat),Dimecres,2020,1,Gener,8,13,Matí,NA,0,1,0,1,2,2,41,2020-01-08,Wednesday,Laborable,Tarde (12-18h),1,Leve,TRUE
2.02e+131,6,Gràcia,NA,el Camp d'en Grassot i Gràcia Nova,Sant Joan,Dimecres,2020,1,Gener,8,12,Matí,NA,0,1,0,1,2,2,41,2020-01-08,Wednesday,Laborable,Tarde (12-18h),1,Leve,TRUE
2.02e+132,10,Sant Martí,NA,la Verneda i la Pau,Concili de Trento,Dimecres,2020,1,Gener,8,13,Matí,NA,0,1,0,1,2,2,41,2020-01-08,Wednesday,Laborable,Tarde (12-18h),1,Leve,TRUE
2.02e+133,7,Horta-Guinardó,NA,el Guinardó,Rubió i Ors,Dimecres,2020,1,Gener,8,13,Matí,NA,0,1,0,1,2,2,41,2020-01-08,Wednesday,Laborable,Tarde (12-18h),1,Leve,TRUE
2.02e+134,5,Sarrià-Sant Gervasi,NA,les Tres Torres,Doctor Roux,Dimecres,2020,1,Gener,8,11,Matí,NA,0,0,0,0,2,2,41,2020-01-08,Wednesday,Laborable,Manana (06-12h),0,Leve,FALSE
2.02e+135,8,Nou Barris,NA,Vilapicina i la Torre Llobeta,Fabra i Puig,Dimecres,2020,1,Gener,8,15,Tarda,NA,0,0,2,2,2,2,41,2020-01-08,Wednesday,Laborable,Tarde (12-18h),2,Grave,TRUE
2.02e+136,3,Sants-Montjuïc,NA,la Marina del Prat Vermell,B-10 (Besòs),Dimecres,2020,1,Gener,8,18,Tarda,NA,0,1,0,1,2,2,41,2020-01-08,Wednesday,Laborable,Noche (18-24h),1,Leve,TRUE
2.02e+137,2,Eixample,NA,el Fort Pienc,Marina,Dimecres,2020,1,Gener,8,19,Tarda,NA,0,1,0,1,2,2,41,2020-01-08,Wednesday,Laborable,Noche (18-24h),1,Leve,TRUE
2.02e+138,5,Sarrià-Sant Gervasi,NA,Sant Gervasi - Galvany,Mig (Ascendent),Dimecres,2020,1,Gener,8,19,Tarda,NA,0,1,0,1,2,2,41,2020-01-08,Wednesday,Laborable,Noche (18-24h),1,Leve,TRUE
2.02e+139,10,Sant Martí,NA,el Poblenou,Llacuna,Dimecres,2020,1,Gener,8,19,Tarda,NA,0,1,0,1,2,2,41,2020-01-08,Wednesday,Laborable,Noche (18-24h),1,Leve,TRUE
2.02e+140,2,Eixample,NA,el Fort Pienc,Castillejos,Dimecres,2020,1,Gener,8,15,Tarda,NA,0,0,1,1,2,2,41,2020-01-08,Wednesday,Laborable,Tarde (12-18h),1,Grave,TRUE
2.02e+141,5,Sarrià-Sant Gervasi,NA,Sant Gervasi - la Bonanova,Bonanova,Dimecres,2020,1,Gener,8,19,Tarda,NA,0,1,0,1,2,2,41,2020-01-08,Wednesday,Laborable,Noche (18-24h),1,Leve,TRUE
2.02e+142,2,Eixample,NA,la Dreta de l'Eixample,Consell de Cent,Dimecres,2020,1,Gener,8,21,Tarda,NA,0,1,0,1,2,2,41,2020-01-08,Wednesday,Laborable,Noche (18-24h),1,Leve,TRUE
2.02e+143,2,Eixample,NA,la Sagrada Família,Padilla,Dimecres,2020,1,Gener,8,19,Tarda,NA,0,1,0,1,1,2,41,2020-01-08,Wednesday,Laborable,Noche (18-24h),1,Leve,TRUE
2.02e+144,2,Eixample,NA,el Fort Pienc,Tetuan,Dimecres,2020,1,Gener,8,16,Tarda,NA,0,2,0,2,2,2,41,2020-01-08,Wednesday,Laborable,Tarde (12-18h),2,Leve,TRUE
2.02e+145,9,Sant Andreu,NA,la Trinitat Vella,C-17 (Puigcerdà),Dimecres,2020,1,Gener,8,20,Tarda,NA,0,1,0,1,1,2,41,2020-01-08,Wednesday,Laborable,Noche (18-24h),1,Leve,TRUE
2.02e+146,8,Nou Barris,NA,Vilapicina i la Torre Llobeta,Fabra i Puig,Dimecres,2020,1,Gener,8,21,Tarda,Transitar a peu per la calçada,0,1,0,1,1,2,41,2020-01-08,Wednesday,Laborable,Noche (18-24h),1,Leve,TRUE
2.02e+147,5,Sarrià-Sant Gervasi,NA,Sant Gervasi - la Bonanova,Balmes,Dimecres,2020,1,Gener,8,22,Nit,NA,0,1,0,1,2,2,41,2020-01-08,Wednesday,Laborable,Noche (18-24h),1,Leve,TRUE
2.02e+148,7,Horta-Guinardó,NA,el Baix Guinardó,Cartagena,Dimecres,2020,1,Gener,8,23,Nit,NA,0,1,0,1,2,2,41,2020-01-08,Wednesday,Laborable,Noche (18-24h),1,Leve,TRUE
2.02e+149,2,Eixample,NA,l'Antiga Esquerra de l'Eixample,València,Dijous,2020,1,Gener,9,2,Nit,NA,0,0,0,0,3,2,41,2020-01-09,Thursday,Laborable,Madrugada (00-06h),0,Leve,FALSE
2.02e+150,2,Eixample,NA,la Sagrada Família,Diagonal,Dimecres,2020,1,Gener,8,21,Tarda,NA,0,1,0,1,2,2,41,2020-01-08,Wednesday,Laborable,Noche (18-24h),1,Leve,TRUE
2.02e+151,10,Sant Martí,NA,Diagonal Mar i el Front Marítim del Poblenou,Litoral,Dijous,2020,1,Gener,9,5,Nit,NA,0,2,0,2,1,2,41,2020-01-09,Thursday,Laborable,Madrugada (00-06h),2,Leve,TRUE
2.02e+152,3,Sants-Montjuïc,NA,la Marina del Prat Vermell,Zona Franca,Dijous,2020,1,Gener,9,8,Matí,NA,0,1,0,1,2,2,41,2020-01-09,Thursday,Laborable,Manana (06-12h),1,Leve,TRUE
2.02e+153,5,Sarrià-Sant Gervasi,NA,Sant Gervasi - la Bonanova,Dalt (Besòs),Dijous,2020,1,Gener,9,7,Matí,NA,0,1,0,1,2,2,41,2020-01-09,Thursday,Laborable,Manana (06-12h),1,Leve,TRUE
2.02e+154,10,Sant Martí,NA,el Parc i la Llacuna del Poblenou,Marina,Dijous,2020,1,Gener,9,9,Matí,NA,0,2,0,2,2,2,41,2020-01-09,Thursday,Laborable,Manana (06-12h),2,Leve,TRUE
2.02e+155,7,Horta-Guinardó,NA,la Teixonera,Josep Sangenís,Dijous,2020,1,Gener,9,8,Matí,NA,0,2,0,2,2,2,41,2020-01-09,Thursday,Laborable,Manana (06-12h),2,Leve,TRUE
2.02e+156,10,Sant Martí,NA,la Vila Olímpica del Poblenou,Litoral (Llobregat),Dijous,2020,1,Gener,9,9,Matí,NA,0,1,0,1,2,2,41,2020-01-09,Thursday,Laborable,Manana (06-12h),1,Leve,TRUE
2.02e+157,2,Eixample,NA,l'Antiga Esquerra de l'Eixample,Aragó,Dimecres,2020,1,Gener,8,20,Tarda,NA,0,1,0,1,2,2,41,2020-01-08,Wednesday,Laborable,Noche (18-24h),1,Leve,TRUE
2.02e+158,3,Sants-Montjuïc,NA,Hostafrancs,Bordeta,Dijous,2020,1,Gener,9,9,Matí,NA,0,1,0,1,2,2,41,2020-01-09,Thursday,Laborable,Manana (06-12h),1,Leve,TRUE
2.02e+159,8,Nou Barris,NA,la Prosperitat,Pablo Iglesias,Dijous,2020,1,Gener,9,9,Matí,NA,0,1,0,1,2,2,41,2020-01-09,Thursday,Laborable,Manana (06-12h),1,Leve,TRUE
2.02e+160,5,Sarrià-Sant Gervasi,NA,Sarrià,Bonanova,Dijous,2020,1,Gener,9,10,Matí,NA,0,1,0,1,2,2,41,2020-01-09,Thursday,Laborable,Manana (06-12h),1,Leve,TRUE
2.02e+161,5,Sarrià-Sant Gervasi,NA,Sant Gervasi - Galvany,Diagonal,Dijous,2020,1,Gener,9,11,Matí,NA,0,1,0,1,2,2,41,2020-01-09,Thursday,Laborable,Manana (06-12h),1,Leve,TRUE
2.02e+162,2,Eixample,NA,el Fort Pienc,Diputació,Dijous,2020,1,Gener,9,8,Matí,Desobeir el senyal del semàfor,0,1,0,1,1,2,41,2020-01-09,Thursday,Laborable,Manana (06-12h),1,Leve,TRUE
2.02e+163,7,Horta-Guinardó,NA,el Baix Guinardó,Lepant,Dijous,2020,1,Gener,9,10,Matí,NA,0,1,0,1,2,2,41,2020-01-09,Thursday,Laborable,Manana (06-12h),1,Leve,TRUE
2.02e+164,2,Eixample,NA,la Dreta de l'Eixample,Mallorca,Dijous,2020,1,Gener,9,11,Matí,NA,0,1,0,1,2,2,41,2020-01-09,Thursday,Laborable,Manana (06-12h),1,Leve,TRUE
2.02e+165,2,Eixample,NA,l'Antiga Esquerra de l'Eixample,Corts Catalanes,Dijous,2020,1,Gener,9,12,Matí,NA,0,1,0,1,2,2,41,2020-01-09,Thursday,Laborable,Tarde (12-18h),1,Leve,TRUE
2.02e+166,2,Eixample,NA,l'Antiga Esquerra de l'Eixample,Aragó,Dijous,2020,1,Gener,9,14,Tarda,NA,0,1,0,1,2,2,41,2020-01-09,Thursday,Laborable,Tarde (12-18h),1,Leve,TRUE
2.02e+167,2,Eixample,NA,la Dreta de l'Eixample,Roger de Flor,Dijous,2020,1,Gener,9,13,Matí,Desobeir el senyal del semàfor,0,2,0,2,1,2,41,2020-01-09,Thursday,Laborable,Tarde (12-18h),2,Leve,TRUE
2.02e+168,2,Eixample,NA,la Sagrada Família,Mallorca,Dijous,2020,1,Gener,9,12,Matí,NA,0,1,0,1,2,2,41,2020-01-09,Thursday,Laborable,Tarde (12-18h),1,Leve,TRUE
2.02e+169,1,Ciutat Vella,NA,el Raval,Litoral (Llobregat),Dijous,2020,1,Gener,9,15,Tarda,NA,0,1,0,1,2,2,41,2020-01-09,Thursday,Laborable,Tarde (12-18h),1,Leve,TRUE
2.02e+170,5,Sarrià-Sant Gervasi,NA,Sarrià,Fontcoberta,Dijous,2020,1,Gener,9,14,Tarda,Creuar per fora pas de vianants,0,1,0,1,1,2,41,2020-01-09,Thursday,Laborable,Tarde (12-18h),1,Leve,TRUE
2.02e+171,10,Sant Martí,NA,el Clot,Meridiana,Dijous,2020,1,Gener,9,17,Tarda,NA,0,1,0,1,2,2,41,2020-01-09,Thursday,Laborable,Tarde (12-18h),1,Leve,TRUE
2.02e+172,3,Sants-Montjuïc,NA,la Marina de Port,Ildefons Cerdà,Dimecres,2020,1,Gener,8,16,Tarda,NA,0,1,0,1,2,2,41,2020-01-08,Wednesday,Laborable,Tarde (12-18h),1,Leve,TRUE
2.02e+173,5,Sarrià-Sant Gervasi,NA,el Putxet i el Farró,Balmes,Dijous,2020,1,Gener,9,17,Tarda,NA,0,1,0,1,1,2,41,2020-01-09,Thursday,Laborable,Tarde (12-18h),1,Leve,TRUE
2.02e+174,8,Nou Barris,NA,la Trinitat Nova,Meridiana,Dijous,2020,1,Gener,9,18,Tarda,NA,0,1,0,1,2,2,41,2020-01-09,Thursday,Laborable,Noche (18-24h),1,Leve,TRUE
2.02e+175,2,Eixample,NA,la Nova Esquerra de l'Eixample,París,Dijous,2020,1,Gener,9,17,Tarda,NA,0,1,0,1,2,2,41,2020-01-09,Thursday,Laborable,Tarde (12-18h),1,Leve,TRUE
2.02e+176,2,Eixample,NA,la Dreta de l'Eixample,Gràcia,Dijous,2020,1,Gener,9,18,Tarda,NA,0,1,0,1,2,2,41,2020-01-09,Thursday,Laborable,Noche (18-24h),1,Leve,TRUE
2.02e+177,10,Sant Martí,NA,el Camp de l'Arpa del Clot,Freser,Dijous,2020,1,Gener,9,20,Tarda,NA,0,1,0,1,2,2,41,2020-01-09,Thursday,Laborable,Noche (18-24h),1,Leve,TRUE
2.02e+178,10,Sant Martí,NA,el Poblenou,Llull,Dijous,2020,1,Gener,9,21,Tarda,NA,0,1,0,1,2,2,41,2020-01-09,Thursday,Laborable,Noche (18-24h),1,Leve,TRUE
2.02e+179,10,Sant Martí,NA,el Poblenou,Ciutat de Granada,Dijous,2020,1,Gener,9,13,Matí,NA,0,1,0,1,2,2,41,2020-01-09,Thursday,Laborable,Tarde (12-18h),1,Leve,TRUE
2.02e+180,2,Eixample,NA,la Dreta de l'Eixample,Cinc d'Oros,Dijous,2020,1,Gener,9,23,Nit,NA,0,1,0,1,2,2,41,2020-01-09,Thursday,Laborable,Noche (18-24h),1,Leve,TRUE
2.02e+181,3,Sants-Montjuïc,NA,Hostafrancs,Corts Catalanes,Divendres,2020,1,Gener,10,7,Matí,NA,0,1,0,1,2,2,41,2020-01-10,Friday,Laborable,Manana (06-12h),1,Leve,TRUE
2.02e+182,2,Eixample,NA,l'Antiga Esquerra de l'Eixample,Comte d'Urgell,Divendres,2020,1,Gener,10,7,Matí,NA,0,1,0,1,2,2,41,2020-01-10,Friday,Laborable,Manana (06-12h),1,Leve,TRUE
2.02e+183,3,Sants-Montjuïc,NA,la Marina del Prat Vermell,Longitudinal 5,Divendres,2020,1,Gener,10,7,Matí,NA,0,0,1,1,1,2,41,2020-01-10,Friday,Laborable,Manana (06-12h),1,Grave,TRUE
2.02e+184,4,Les Corts,NA,les Corts,Gandesa,Divendres,2020,1,Gener,10,8,Matí,NA,0,1,0,1,1,2,41,2020-01-10,Friday,Laborable,Manana (06-12h),1,Leve,TRUE
2.02e+185,10,Sant Martí,NA,la Vila Olímpica del Poblenou,Ramon Trias Fargas,Divendres,2020,1,Gener,10,7,Matí,NA,0,1,0,1,2,2,41,2020-01-10,Friday,Laborable,Manana (06-12h),1,Leve,TRUE
2.02e+186,2,Eixample,NA,la Sagrada Família,Marina,Divendres,2020,1,Gener,10,8,Matí,NA,0,1,0,1,2,2,41,2020-01-10,Friday,Laborable,Manana (06-12h),1,Leve,TRUE
2.02e+187,7,Horta-Guinardó,NA,el Baix Guinardó,Guinardó,Divendres,2020,1,Gener,10,8,Matí,NA,0,1,0,1,2,2,41,2020-01-10,Friday,Laborable,Manana (06-12h),1,Leve,TRUE
2.02e+188,9,Sant Andreu,NA,Navas,Maragall,Divendres,2020,1,Gener,10,8,Matí,NA,0,2,0,2,1,2,41,2020-01-10,Friday,Laborable,Manana (06-12h),2,Leve,TRUE
2.02e+189,1,Ciutat Vella,NA,el Raval,Litoral (Besòs),Divendres,2020,1,Gener,10,10,Matí,NA,0,3,0,3,2,2,41,2020-01-10,Friday,Laborable,Manana (06-12h),3,Leve,TRUE
2.02e+190,4,Les Corts,NA,la Maternitat i Sant Ramon,Diagonal,Divendres,2020,1,Gener,10,11,Matí,NA,0,1,0,1,2,2,41,2020-01-10,Friday,Laborable,Manana (06-12h),1,Leve,TRUE
2.02e+191,2,Eixample,NA,la Dreta de l'Eixample,Diagonal,Divendres,2020,1,Gener,10,10,Matí,NA,0,1,0,1,1,2,41,2020-01-10,Friday,Laborable,Manana (06-12h),1,Leve,TRUE
2.02e+192,2,Eixample,NA,la Nova Esquerra de l'Eixample,Comte d'Urgell,Divendres,2020,1,Gener,10,13,Matí,Creuar per fora pas de vianants,0,1,0,1,1,2,41,2020-01-10,Friday,Laborable,Tarde (12-18h),1,Leve,TRUE
2.02e+193,2,Eixample,NA,la Sagrada Família,Mallorca,Divendres,2020,1,Gener,10,13,Matí,NA,0,2,0,2,2,2,41,2020-01-10,Friday,Laborable,Tarde (12-18h),2,Leve,TRUE
2.02e+194,5,Sarrià-Sant Gervasi,NA,Sant Gervasi - Galvany,Vallmajor,Divendres,2020,1,Gener,10,12,Matí,NA,0,1,0,1,2,2,41,2020-01-10,Friday,Laborable,Tarde (12-18h),1,Leve,TRUE
2.02e+195,5,Sarrià-Sant Gervasi,NA,les Tres Torres,Tres Torres,Divendres,2020,1,Gener,10,14,Tarda,NA,0,1,0,1,2,2,41,2020-01-10,Friday,Laborable,Tarde (12-18h),1,Leve,TRUE
2.02e+196,2,Eixample,NA,Sant Antoni,Espanya,Divendres,2020,1,Gener,10,14,Tarda,Desobeir el senyal del semàfor,0,1,0,1,1,2,41,2020-01-10,Friday,Laborable,Tarde (12-18h),1,Leve,TRUE
2.02e+197,9,Sant Andreu,NA,Navas,Biscaia,Divendres,2020,1,Gener,10,14,Tarda,NA,0,1,0,1,2,2,41,2020-01-10,Friday,Laborable,Tarde (12-18h),1,Leve,TRUE
2.02e+198,10,Sant Martí,NA,el Poblenou,Litoral (Besòs),Divendres,2020,1,Gener,10,16,Tarda,NA,0,1,0,1,2,2,41,2020-01-10,Friday,Laborable,Tarde (12-18h),1,Leve,TRUE
2.02e+199,2,Eixample,NA,la Sagrada Família,València,Divendres,2020,1,Gener,10,14,Tarda,NA,0,1,0,1,2,2,41,2020-01-10,Friday,Laborable,Tarde (12-18h),1,Leve,TRUE
2.02e+200,2,Eixample,NA,l'Antiga Esquerra de l'Eixample,València,Divendres,2020,1,Gener,10,13,Matí,NA,0,2,0,2,2,2,41,2020-01-10,Friday,Laborable,Tarde (12-18h),2,Leve,TRUE
2.02e+201,4,Les Corts,NA,la Maternitat i Sant Ramon,Carles III,Divendres,2020,1,Gener,10,14,Tarda,NA,0,1,0,1,2,2,41,2020-01-10,Friday,Laborable,Tarde (12-18h),1,Leve,TRUE
2.02e+202,10,Sant Martí,NA,el Camp de l'Arpa del Clot,Freser,Divendres,2020,1,Gener,10,15,Tarda,NA,0,1,0,1,2,2,41,2020-01-10,Friday,Laborable,Tarde (12-18h),1,Leve,TRUE
2.02e+203,7,Horta-Guinardó,NA,Horta,Estatut de Catalunya,Divendres,2020,1,Gener,10,15,Tarda,NA,0,2,0,2,2,2,41,2020-01-10,Friday,Laborable,Tarde (12-18h),2,Leve,TRUE
2.02e+204,5,Sarrià-Sant Gervasi,NA,Sant Gervasi - la Bonanova,Isaac Newton,Divendres,2020,1,Gener,10,17,Tarda,NA,0,3,0,3,3,2,41,2020-01-10,Friday,Laborable,Tarde (12-18h),3,Leve,TRUE
2.02e+205,2,Eixample,NA,la Dreta de l'Eixample,Corts Catalanes,Divendres,2020,1,Gener,10,16,Tarda,Desobeir el senyal del semàfor,0,2,0,2,1,2,41,2020-01-10,Friday,Laborable,Tarde (12-18h),2,Leve,TRUE
2.02e+206,4,Les Corts,NA,Pedralbes,Diagonal,Divendres,2020,1,Gener,10,17,Tarda,NA,0,1,0,1,2,2,41,2020-01-10,Friday,Laborable,Tarde (12-18h),1,Leve,TRUE
2.02e+207,2,Eixample,NA,la Dreta de l'Eixample,València,Divendres,2020,1,Gener,10,18,Tarda,NA,0,1,0,1,1,2,41,2020-01-10,Friday,Laborable,Noche (18-24h),1,Leve,TRUE
2.02e+208,10,Sant Martí,NA,el Parc i la Llacuna del Poblenou,Marina,Divendres,2020,1,Gener,10,17,Tarda,NA,0,2,0,2,2,2,41,2020-01-10,Friday,Laborable,Tarde (12-18h),2,Leve,TRUE
2.02e+209,6,Gràcia,NA,la Vila de Gràcia,Riera de Cassoles,Divendres,2020,1,Gener,10,19,Tarda,Altres,0,1,0,1,1,2,41,2020-01-10,Friday,Laborable,Noche (18-24h),1,Leve,TRUE
2.02e+210,5,Sarrià-Sant Gervasi,NA,Sant Gervasi - Galvany,Augusta,Divendres,2020,1,Gener,10,19,Tarda,NA,0,1,0,1,2,2,41,2020-01-10,Friday,Laborable,Noche (18-24h),1,Leve,TRUE
2.02e+211,8,Nou Barris,NA,el Turó de la Peira,Aneto,Dissabte,2020,1,Gener,11,16,Tarda,NA,0,1,0,1,1,2,41,2020-01-11,Saturday,Fin de semana,Tarde (12-18h),1,Leve,TRUE
2.02e+212,8,Nou Barris,NA,Vilapicina i la Torre Llobeta,Escòcia,Divendres,2020,1,Gener,10,23,Nit,NA,0,3,0,3,2,2,41,2020-01-10,Friday,Laborable,Noche (18-24h),3,Leve,TRUE
2.02e+213,4,Les Corts,NA,les Corts,Reina Maria Cristina,Dissabte,2020,1,Gener,11,9,Matí,NA,0,2,0,2,2,2,41,2020-01-11,Saturday,Fin de semana,Manana (06-12h),2,Leve,TRUE
2.02e+214,6,Gràcia,NA,la Vila de Gràcia,Còrsega,Dissabte,2020,1,Gener,11,11,Matí,NA,0,1,0,1,2,2,41,2020-01-11,Saturday,Fin de semana,Manana (06-12h),1,Leve,TRUE
2.02e+215,2,Eixample,NA,Sant Antoni,Paral·lel,Dissabte,2020,1,Gener,11,9,Matí,Desobeir el senyal del semàfor,0,1,0,1,1,2,41,2020-01-11,Saturday,Fin de semana,Manana (06-12h),1,Leve,TRUE
2.02e+216,10,Sant Martí,NA,la Vila Olímpica del Poblenou,Litoral (Llobregat),Dissabte,2020,1,Gener,11,13,Matí,NA,0,1,0,1,3,2,41,2020-01-11,Saturday,Fin de semana,Tarde (12-18h),1,Leve,TRUE
2.02e+217,3,Sants-Montjuïc,NA,la Marina de Port,Corts Catalanes,Dissabte,2020,1,Gener,11,13,Matí,NA,0,4,0,4,2,2,41,2020-01-11,Saturday,Fin de semana,Tarde (12-18h),4,Leve,TRUE
2.02e+218,2,Eixample,NA,el Fort Pienc,Sardenya,Dissabte,2020,1,Gener,11,10,Matí,NA,0,1,0,1,2,2,41,2020-01-11,Saturday,Fin de semana,Manana (06-12h),1,Leve,TRUE
2.02e+219,2,Eixample,NA,la Dreta de l'Eixample,Corts Catalanes,Dissabte,2020,1,Gener,11,13,Matí,NA,0,1,0,1,2,2,41,2020-01-11,Saturday,Fin de semana,Tarde (12-18h),1,Leve,TRUE
2.02e+220,3,Sants-Montjuïc,NA,la Font de la Guatlla,Corts Catalanes,Dissabte,2020,1,Gener,11,16,Tarda,NA,0,1,0,1,2,2,41,2020-01-11,Saturday,Fin de semana,Tarde (12-18h),1,Leve,TRUE
2.02e+221,10,Sant Martí,NA,el Clot,Escultors Claperós,Dissabte,2020,1,Gener,11,10,Matí,NA,0,1,0,1,1,2,41,2020-01-11,Saturday,Fin de semana,Manana (06-12h),1,Leve,TRUE
2.02e+222,10,Sant Martí,NA,el Clot,Clot,Dissabte,2020,1,Gener,11,12,Matí,NA,0,0,0,0,1,2,41,2020-01-11,Saturday,Fin de semana,Tarde (12-18h),0,Leve,FALSE
2.02e+223,8,Nou Barris,NA,Porta,Alcúdia,Dissabte,2020,1,Gener,11,20,Tarda,NA,0,1,0,1,2,2,41,2020-01-11,Saturday,Fin de semana,Noche (18-24h),1,Leve,TRUE
2.02e+224,1,Ciutat Vella,NA,el Raval,Petxina,Dissabte,2020,1,Gener,11,16,Tarda,NA,0,1,0,1,1,2,41,2020-01-11,Saturday,Fin de semana,Tarde (12-18h),1,Leve,TRUE
2.02e+225,5,Sarrià-Sant Gervasi,NA,Sant Gervasi - Galvany,Muntaner,Dissabte,2020,1,Gener,11,20,Tarda,NA,0,1,0,1,2,2,41,2020-01-11,Saturday,Fin de semana,Noche (18-24h),1,Leve,TRUE
2.02e+226,10,Sant Martí,NA,el Besòs i el Maresme,Taulat,Dissabte,2020,1,Gener,11,20,Tarda,NA,0,1,0,1,2,2,41,2020-01-11,Saturday,Fin de semana,Noche (18-24h),1,Leve,TRUE
2.02e+227,3,Sants-Montjuïc,NA,Sants,Brasil,Dissabte,2020,1,Gener,11,22,Nit,NA,0,0,0,0,3,2,41,2020-01-11,Saturday,Fin de semana,Noche (18-24h),0,Leve,FALSE
2.02e+228,6,Gràcia,NA,el Camp d'en Grassot i Gràcia Nova,Escorial,Dissabte,2020,1,Gener,11,22,Nit,NA,0,2,0,2,1,2,41,2020-01-11,Saturday,Fin de semana,Noche (18-24h),2,Leve,TRUE
2.02e+229,10,Sant Martí,NA,Diagonal Mar i el Front Marítim del Poblenou,Taulat,Dissabte,2020,1,Gener,11,23,Nit,NA,0,1,0,1,3,2,41,2020-01-11,Saturday,Fin de semana,Noche (18-24h),1,Leve,TRUE
2.02e+230,8,Nou Barris,NA,Porta,Horitzontal,Diumenge,2020,1,Gener,12,0,Nit,NA,0,1,0,1,1,2,41,2020-01-12,Sunday,Fin de semana,Madrugada (00-06h),1,Leve,TRUE
2.02e+231,8,Nou Barris,NA,les Roquetes,Artesania,Diumenge,2020,1,Gener,12,0,Nit,NA,0,0,0,0,2,2,41,2020-01-12,Sunday,Fin de semana,Madrugada (00-06h),0,Leve,FALSE
2.02e+232,6,Gràcia,NA,el Camp d'en Grassot i Gràcia Nova,Sardenya,Dissabte,2020,1,Gener,11,23,Nit,NA,0,2,0,2,2,2,41,2020-01-11,Saturday,Fin de semana,Noche (18-24h),2,Leve,TRUE
2.02e+233,4,Les Corts,NA,Pedralbes,Pius XII,Diumenge,2020,1,Gener,12,5,Nit,NA,0,1,0,1,1,2,41,2020-01-12,Sunday,Fin de semana,Madrugada (00-06h),1,Leve,TRUE
2.02e+234,2,Eixample,NA,la Dreta de l'Eixample,Aragó,Diumenge,2020,1,Gener,12,9,Matí,NA,0,1,0,1,2,2,41,2020-01-12,Sunday,Fin de semana,Manana (06-12h),1,Leve,TRUE
2.02e+235,3,Sants-Montjuïc,NA,la Marina del Prat Vermell,Zona Franca,Diumenge,2020,1,Gener,12,12,Matí,NA,0,3,0,3,2,2,41,2020-01-12,Sunday,Fin de semana,Tarde (12-18h),3,Leve,TRUE
2.02e+236,8,Nou Barris,NA,la Trinitat Nova,Aiguablava,Diumenge,2020,1,Gener,12,12,Matí,NA,0,1,0,1,2,2,41,2020-01-12,Sunday,Fin de semana,Tarde (12-18h),1,Leve,TRUE
2.02e+237,2,Eixample,NA,la Dreta de l'Eixample,Girona,Diumenge,2020,1,Gener,12,13,Matí,NA,0,1,0,1,2,2,41,2020-01-12,Sunday,Fin de semana,Tarde (12-18h),1,Leve,TRUE
2.02e+238,1,Ciutat Vella,NA,el Raval,Blanquerna,Diumenge,2020,1,Gener,12,9,Matí,NA,0,0,0,0,1,2,41,2020-01-12,Sunday,Fin de semana,Manana (06-12h),0,Leve,FALSE
2.02e+239,7,Horta-Guinardó,NA,el Guinardó,Guinardó,Diumenge,2020,1,Gener,12,12,Matí,NA,0,1,0,1,2,2,41,2020-01-12,Sunday,Fin de semana,Tarde (12-18h),1,Leve,TRUE
2.02e+240,3,Sants-Montjuïc,NA,el Poble-sec,Espanya,Diumenge,2020,1,Gener,12,15,Tarda,NA,0,1,0,1,2,2,41,2020-01-12,Sunday,Fin de semana,Tarde (12-18h),1,Leve,TRUE
2.02e+241,4,Les Corts,NA,les Corts,Loreto,Diumenge,2020,1,Gener,12,16,Tarda,NA,0,1,0,1,1,2,41,2020-01-12,Sunday,Fin de semana,Tarde (12-18h),1,Leve,TRUE
2.02e+242,3,Sants-Montjuïc,NA,Sants,Comtes de Bell-lloc,Diumenge,2020,1,Gener,12,6,Matí,NA,0,1,0,1,1,2,41,2020-01-12,Sunday,Fin de semana,Manana (06-12h),1,Leve,TRUE
2.02e+243,2,Eixample,NA,l'Antiga Esquerra de l'Eixample,Doctor Letamendi,Diumenge,2020,1,Gener,12,18,Tarda,NA,0,1,0,1,2,2,41,2020-01-12,Sunday,Fin de semana,Noche (18-24h),1,Leve,TRUE
2.02e+244,2,Eixample,NA,la Dreta de l'Eixample,Pau Claris,Diumenge,2020,1,Gener,12,18,Tarda,NA,0,1,0,1,2,2,41,2020-01-12,Sunday,Fin de semana,Noche (18-24h),1,Leve,TRUE
2.02e+245,8,Nou Barris,NA,Vilapicina i la Torre Llobeta,Escòcia,Diumenge,2020,1,Gener,12,20,Tarda,Altres,0,1,0,1,1,2,41,2020-01-12,Sunday,Fin de semana,Noche (18-24h),1,Leve,TRUE
2.02e+246,2,Eixample,NA,la Dreta de l'Eixample,Urquinaona,Diumenge,2020,1,Gener,12,20,Tarda,NA,0,1,0,1,2,2,41,2020-01-12,Sunday,Fin de semana,Noche (18-24h),1,Leve,TRUE
2.02e+247,2,Eixample,NA,la Dreta de l'Eixample,Corts Catalanes,Dilluns,2020,1,Gener,13,2,Nit,NA,0,1,0,1,1,2,41,2020-01-13,Monday,Laborable,Madrugada (00-06h),1,Leve,TRUE
2.02e+248,5,Sarrià-Sant Gervasi,NA,Sarrià,Enric Giménez,Dilluns,2020,1,Gener,13,3,Nit,NA,0,1,0,1,2,2,41,2020-01-13,Monday,Laborable,Madrugada (00-06h),1,Leve,TRUE
2.02e+249,9,Sant Andreu,NA,la Trinitat Vella,Dalt (Besòs),Dilluns,2020,1,Gener,13,7,Matí,NA,0,1,0,1,3,2,41,2020-01-13,Monday,Laborable,Manana (06-12h),1,Leve,TRUE
2.02e+250,1,Ciutat Vella,NA,la Barceloneta,Litoral (Besòs),Dilluns,2020,1,Gener,13,6,Matí,NA,0,1,0,1,2,2,41,2020-01-13,Monday,Laborable,Manana (06-12h),1,Leve,TRUE
2.02e+251,5,Sarrià-Sant Gervasi,NA,Sant Gervasi - Galvany,Bori i Fontestà,Dilluns,2020,1,Gener,13,8,Matí,NA,0,1,0,1,2,2,41,2020-01-13,Monday,Laborable,Manana (06-12h),1,Leve,TRUE
2.02e+252,1,Ciutat Vella,NA,el Barri Gòtic,Fontanella,Dilluns,2020,1,Gener,13,8,Matí,NA,0,1,0,1,2,2,41,2020-01-13,Monday,Laborable,Manana (06-12h),1,Leve,TRUE
2.02e+253,4,Les Corts,NA,Pedralbes,Pedralbes,Dilluns,2020,1,Gener,13,8,Matí,NA,0,2,0,2,2,2,41,2020-01-13,Monday,Laborable,Manana (06-12h),2,Leve,TRUE
2.02e+254,7,Horta-Guinardó,NA,Can Baró,Mare de Déu de Montserrat,Dilluns,2020,1,Gener,13,10,Matí,NA,0,1,0,1,2,2,41,2020-01-13,Monday,Laborable,Manana (06-12h),1,Leve,TRUE
2.02e+255,1,Ciutat Vella,NA,el Raval,Pelai,Dilluns,2020,1,Gener,13,10,Matí,NA,0,1,0,1,1,2,41,2020-01-13,Monday,Laborable,Manana (06-12h),1,Leve,TRUE
2.02e+256,10,Sant Martí,NA,el Clot,Corts Catalanes,Dilluns,2020,1,Gener,13,7,Matí,NA,0,1,0,1,2,2,41,2020-01-13,Monday,Laborable,Manana (06-12h),1,Leve,TRUE
2.02e+257,7,Horta-Guinardó,NA,la Teixonera,Fastenrath,Dilluns,2020,1,Gener,13,12,Matí,NA,0,1,0,1,2,2,41,2020-01-13,Monday,Laborable,Tarde (12-18h),1,Leve,TRUE
2.02e+258,2,Eixample,NA,la Dreta de l'Eixample,Mallorca,Dilluns,2020,1,Gener,13,12,Matí,NA,0,1,0,1,2,2,41,2020-01-13,Monday,Laborable,Tarde (12-18h),1,Leve,TRUE
2.02e+259,2,Eixample,NA,la Dreta de l'Eixample,Catalunya,Dilluns,2020,1,Gener,13,13,Matí,NA,0,2,0,2,2,2,41,2020-01-13,Monday,Laborable,Tarde (12-18h),2,Leve,TRUE
2.02e+260,6,Gràcia,NA,la Salut,Dalt,Dilluns,2020,1,Gener,13,13,Matí,NA,0,1,0,1,2,2,41,2020-01-13,Monday,Laborable,Tarde (12-18h),1,Leve,TRUE
2.02e+261,2,Eixample,NA,la Dreta de l'Eixample,Diagonal,Dilluns,2020,1,Gener,13,14,Tarda,NA,0,1,0,1,1,2,41,2020-01-13,Monday,Laborable,Tarde (12-18h),1,Leve,TRUE
2.02e+262,6,Gràcia,NA,el Coll,Móra d'Ebre,Dilluns,2020,1,Gener,13,14,Tarda,NA,0,1,0,1,2,2,41,2020-01-13,Monday,Laborable,Tarde (12-18h),1,Leve,TRUE
2.02e+263,7,Horta-Guinardó,NA,Horta,Maragall,Dilluns,2020,1,Gener,13,14,Tarda,Creuar per fora pas de vianants,0,2,0,2,1,2,41,2020-01-13,Monday,Laborable,Tarde (12-18h),2,Leve,TRUE
2.02e+264,9,Sant Andreu,NA,el Congrés i els Indians,Maragall,Dilluns,2020,1,Gener,13,15,Tarda,NA,0,1,0,1,2,2,41,2020-01-13,Monday,Laborable,Tarde (12-18h),1,Leve,TRUE
2.02e+265,8,Nou Barris,NA,la Trinitat Nova,Favència,Dilluns,2020,1,Gener,13,18,Tarda,NA,0,1,0,1,3,2,41,2020-01-13,Monday,Laborable,Noche (18-24h),1,Leve,TRUE
2.02e+266,10,Sant Martí,NA,el Parc i la Llacuna del Poblenou,Joan d'Àustria,Dilluns,2020,1,Gener,13,18,Tarda,NA,0,2,0,2,2,2,41,2020-01-13,Monday,Laborable,Noche (18-24h),2,Leve,TRUE
2.02e+267,4,Les Corts,NA,les Corts,Diagonal,Dilluns,2020,1,Gener,13,18,Tarda,NA,0,1,0,1,2,2,41,2020-01-13,Monday,Laborable,Noche (18-24h),1,Leve,TRUE
2.02e+268,2,Eixample,NA,la Nova Esquerra de l'Eixample,Viladomat,Dilluns,2020,1,Gener,13,18,Tarda,NA,0,1,0,1,2,2,41,2020-01-13,Monday,Laborable,Noche (18-24h),1,Leve,TRUE
2.02e+269,10,Sant Martí,NA,Sant Martí de Provençals,Corts Catalanes,Dilluns,2020,1,Gener,13,21,Tarda,NA,0,1,0,1,2,2,41,2020-01-13,Monday,Laborable,Noche (18-24h),1,Leve,TRUE
2.02e+270,5,Sarrià-Sant Gervasi,NA,Sant Gervasi - Galvany,Aribau,Dilluns,2020,1,Gener,13,22,Nit,NA,0,2,0,2,2,2,41,2020-01-13,Monday,Laborable,Noche (18-24h),2,Leve,TRUE
2.02e+271,10,Sant Martí,NA,el Clot,Mallorca,Dimarts,2020,1,Gener,14,7,Matí,NA,0,1,0,1,2,2,41,2020-01-14,Tuesday,Laborable,Manana (06-12h),1,Leve,TRUE
2.02e+272,9,Sant Andreu,NA,Sant Andreu,Borriana,Dimarts,2020,1,Gener,14,8,Matí,NA,0,1,0,1,2,2,41,2020-01-14,Tuesday,Laborable,Manana (06-12h),1,Leve,TRUE
2.02e+273,8,Nou Barris,NA,la Prosperitat,Valldaura,Dimarts,2020,1,Gener,14,8,Matí,NA,0,3,0,3,1,2,41,2020-01-14,Tuesday,Laborable,Manana (06-12h),3,Leve,TRUE
2.02e+274,5,Sarrià-Sant Gervasi,NA,Sant Gervasi - la Bonanova,Tibidabo,Dimarts,2020,1,Gener,14,9,Matí,NA,0,1,0,1,2,2,41,2020-01-14,Tuesday,Laborable,Manana (06-12h),1,Leve,TRUE
2.02e+275,2,Eixample,NA,la Dreta de l'Eixample,Gràcia,Dimarts,2020,1,Gener,14,9,Matí,NA,0,1,0,1,2,2,41,2020-01-14,Tuesday,Laborable,Manana (06-12h),1,Leve,TRUE
2.02e+276,3,Sants-Montjuïc,NA,la Marina del Prat Vermell,Número 62 Zona Franca,Dimarts,2020,1,Gener,14,10,Matí,NA,0,1,0,1,2,2,41,2020-01-14,Tuesday,Laborable,Manana (06-12h),1,Leve,TRUE
2.02e+277,3,Sants-Montjuïc,NA,la Bordeta,Corts Catalanes,Dimarts,2020,1,Gener,14,11,Matí,NA,0,1,0,1,2,2,41,2020-01-14,Tuesday,Laborable,Manana (06-12h),1,Leve,TRUE
2.02e+278,2,Eixample,NA,l'Antiga Esquerra de l'Eixample,Aragó,Dimarts,2020,1,Gener,14,10,Matí,NA,0,1,0,1,3,2,41,2020-01-14,Tuesday,Laborable,Manana (06-12h),1,Leve,TRUE
2.02e+279,10,Sant Martí,NA,el Clot,Aragó,Dimarts,2020,1,Gener,14,9,Matí,NA,0,1,0,1,2,2,41,2020-01-14,Tuesday,Laborable,Manana (06-12h),1,Leve,TRUE
2.02e+280,1,Ciutat Vella,NA,"Sant Pere, Santa Caterina i la Ribera",Urquinaona,Dimarts,2020,1,Gener,14,12,Matí,NA,0,1,0,1,2,2,41,2020-01-14,Tuesday,Laborable,Tarde (12-18h),1,Leve,TRUE
2.02e+281,2,Eixample,NA,l'Antiga Esquerra de l'Eixample,Aragó,Dimarts,2020,1,Gener,14,11,Matí,Desobeir el senyal del semàfor,0,2,0,2,1,2,41,2020-01-14,Tuesday,Laborable,Manana (06-12h),2,Leve,TRUE
2.02e+282,1,Ciutat Vella,NA,el Raval,Raval,Dimarts,2020,1,Gener,14,12,Matí,Creuar per fora pas de vianants,0,1,0,1,1,2,41,2020-01-14,Tuesday,Laborable,Tarde (12-18h),1,Leve,TRUE
2.02e+283,6,Gràcia,NA,el Camp d'en Grassot i Gràcia Nova,Sant Antoni Maria Claret,Dimarts,2020,1,Gener,14,11,Matí,NA,0,3,0,3,2,2,41,2020-01-14,Tuesday,Laborable,Manana (06-12h),3,Leve,TRUE
2.02e+284,2,Eixample,NA,la Nova Esquerra de l'Eixample,Aragó,Dimarts,2020,1,Gener,14,11,Matí,NA,0,1,0,1,2,2,41,2020-01-14,Tuesday,Laborable,Manana (06-12h),1,Leve,TRUE
2.02e+285,5,Sarrià-Sant Gervasi,NA,Sant Gervasi - la Bonanova,Escoles Pies,Dimarts,2020,1,Gener,14,14,Tarda,NA,0,1,0,1,2,2,41,2020-01-14,Tuesday,Laborable,Tarde (12-18h),1,Leve,TRUE
2.02e+286,2,Eixample,NA,la Dreta de l'Eixample,Sant Joan,Dimarts,2020,1,Gener,14,15,Tarda,NA,0,2,0,2,3,2,41,2020-01-14,Tuesday,Laborable,Tarde (12-18h),2,Leve,TRUE
2.02e+287,2,Eixample,NA,l'Antiga Esquerra de l'Eixample,Roma,Dimarts,2020,1,Gener,14,13,Matí,NA,0,1,0,1,2,2,41,2020-01-14,Tuesday,Laborable,Tarde (12-18h),1,Leve,TRUE
2.02e+288,2,Eixample,NA,la Sagrada Família,València,Dimarts,2020,1,Gener,14,15,Tarda,NA,0,1,0,1,2,2,41,2020-01-14,Tuesday,Laborable,Tarde (12-18h),1,Leve,TRUE
2.02e+289,1,Ciutat Vella,NA,"Sant Pere, Santa Caterina i la Ribera",Francesc Cambó,Dimarts,2020,1,Gener,14,14,Tarda,Transitar a peu per la calçada,0,1,0,1,1,2,41,2020-01-14,Tuesday,Laborable,Tarde (12-18h),1,Leve,TRUE
2.02e+290,2,Eixample,NA,la Dreta de l'Eixample,Catalunya,Dimarts,2020,1,Gener,14,16,Tarda,NA,0,1,0,1,2,2,41,2020-01-14,Tuesday,Laborable,Tarde (12-18h),1,Leve,TRUE
2.02e+291,5,Sarrià-Sant Gervasi,NA,Sarrià,Dalt (Besòs),Dimarts,2020,1,Gener,14,17,Tarda,NA,0,4,0,4,2,2,41,2020-01-14,Tuesday,Laborable,Tarde (12-18h),4,Leve,TRUE
2.02e+292,5,Sarrià-Sant Gervasi,NA,Sant Gervasi - Galvany,General Mitre,Dimarts,2020,1,Gener,14,18,Tarda,NA,0,1,0,1,3,2,41,2020-01-14,Tuesday,Laborable,Noche (18-24h),1,Leve,TRUE
2.02e+293,3,Sants-Montjuïc,NA,la Marina del Prat Vermell,Litoral (Besòs),Dimarts,2020,1,Gener,14,15,Tarda,NA,0,1,0,1,2,2,41,2020-01-14,Tuesday,Laborable,Tarde (12-18h),1,Leve,TRUE
2.02e+294,5,Sarrià-Sant Gervasi,NA,Sant Gervasi - Galvany,Augusta,Dimarts,2020,1,Gener,14,18,Tarda,NA,0,1,0,1,2,2,41,2020-01-14,Tuesday,Laborable,Noche (18-24h),1,Leve,TRUE
2.02e+295,5,Sarrià-Sant Gervasi,NA,Sant Gervasi - Galvany,Aribau,Dimarts,2020,1,Gener,14,17,Tarda,Desobeir el senyal del semàfor,0,1,0,1,1,2,41,2020-01-14,Tuesday,Laborable,Tarde (12-18h),1,Leve,TRUE
2.02e+296,4,Les Corts,NA,la Maternitat i Sant Ramon,Diagonal,Dimarts,2020,1,Gener,14,18,Tarda,NA,0,1,0,1,2,2,41,2020-01-14,Tuesday,Laborable,Noche (18-24h),1,Leve,TRUE
2.02e+297,8,Nou Barris,NA,la Guineueta,Favència,Dimarts,2020,1,Gener,14,18,Tarda,NA,0,1,0,1,2,2,41,2020-01-14,Tuesday,Laborable,Noche (18-24h),1,Leve,TRUE
2.02e+298,3,Sants-Montjuïc,NA,Hostafrancs,Consell de Cent,Dimarts,2020,1,Gener,14,19,Tarda,NA,0,0,0,0,1,2,41,2020-01-14,Tuesday,Laborable,Noche (18-24h),0,Leve,FALSE
2.02e+299,5,Sarrià-Sant Gervasi,NA,Sant Gervasi - Galvany,Calvet,Dimarts,2020,1,Gener,14,19,Tarda,NA,0,1,0,1,1,2,41,2020-01-14,Tuesday,Laborable,Noche (18-24h),1,Leve,TRUE
2.02e+300,7,Horta-Guinardó,NA,Horta,Valldaura,Dimarts,2020,1,Gener,14,19,Tarda,NA,0,1,0,1,3,2,41,2020-01-14,Tuesday,Laborable,Noche (18-24h),1,Leve,TRUE
2.02e+301,2,Eixample,NA,la Sagrada Família,Sicília,Dimarts,2020,1,Gener,14,19,Tarda,Creuar per fora pas de vianants,0,1,0,1,1,2,41,2020-01-14,Tuesday,Laborable,Noche (18-24h),1,Leve,TRUE
2.02e+302,2,Eixample,NA,el Fort Pienc,Corts Catalanes,Dimarts,2020,1,Gener,14,19,Tarda,NA,0,0,0,0,1,2,41,2020-01-14,Tuesday,Laborable,Noche (18-24h),0,Leve,FALSE
2.02e+303,9,Sant Andreu,NA,el Bon Pastor,Sant Adrià,Dimecres,2020,1,Gener,15,4,Nit,NA,0,0,0,0,6,2,41,2020-01-15,Wednesday,Laborable,Madrugada (00-06h),0,Leve,FALSE
2.02e+304,2,Eixample,NA,el Fort Pienc,Lepant,Dimecres,2020,1,Gener,15,8,Matí,NA,0,1,0,1,2,2,41,2020-01-15,Wednesday,Laborable,Manana (06-12h),1,Leve,TRUE
2.02e+305,4,Les Corts,NA,la Maternitat i Sant Ramon,Diagonal,Dimecres,2020,1,Gener,15,7,Matí,NA,0,1,0,1,2,2,41,2020-01-15,Wednesday,Laborable,Manana (06-12h),1,Leve,TRUE
2.02e+306,5,Sarrià-Sant Gervasi,NA,Sant Gervasi - Galvany,Diagonal,Dimecres,2020,1,Gener,15,7,Matí,NA,0,1,0,1,2,2,41,2020-01-15,Wednesday,Laborable,Manana (06-12h),1,Leve,TRUE
2.02e+307,5,Sarrià-Sant Gervasi,NA,Sant Gervasi - Galvany,Laforja,Dimecres,2020,1,Gener,15,9,Matí,NA,0,1,0,1,2,2,41,2020-01-15,Wednesday,Laborable,Manana (06-12h),1,Leve,TRUE
2.021e+149,10,Sant Martí,72,Sant Martí de Provençals,Agricultura,Dilluns,2021,1,Gener,11,13,Matí,Desobeir el senyal del semàfor,0,1,0,1,1,2,41,2021-01-11,Monday,Laborable,Tarde (12-18h),1,Leve,TRUE
2.021e+158,10,Sant Martí,72,Sant Martí de Provençals,Treball,Dilluns,2021,1,Gener,11,17,Tarda,No és causa del  vianant,0,1,0,1,1,2,41,2021-01-11,Monday,Laborable,Tarde (12-18h),1,Leve,TRUE
2.021e+79,10,Sant Martí,71,Provençals del Poblenou,Bilbao,Dimecres,2021,1,Gener,6,13,Matí,No és causa del  vianant,0,1,0,1,2,2,41,2021-01-06,Wednesday,Laborable,Tarde (12-18h),1,Leve,TRUE
2.021e+109,10,Sant Martí,70,el Besòs i el Maresme,Marroc,Divendres,2021,1,Gener,8,14,Tarda,No és causa del  vianant,0,0,0,0,1,2,41,2021-01-08,Friday,Laborable,Tarde (12-18h),0,Leve,FALSE
2.021e+71,10,Sant Martí,71,Provençals del Poblenou,Josep Pla,Dimarts,2021,1,Gener,5,17,Tarda,No és causa del  vianant,0,1,0,1,2,2,41,2021-01-05,Tuesday,Laborable,Tarde (12-18h),1,Leve,TRUE
2.021e+142,10,Sant Martí,68,el Poblenou,Pujades,Dilluns,2021,1,Gener,11,9,Matí,No és causa del  vianant,0,1,0,1,2,2,41,2021-01-11,Monday,Laborable,Manana (06-12h),1,Leve,TRUE
2.021e+227,10,Sant Martí,68,el Poblenou,Pujades,Divendres,2021,1,Gener,15,12,Matí,No és causa del  vianant,0,1,0,1,1,2,41,2021-01-15,Friday,Laborable,Tarde (12-18h),1,Leve,TRUE
2.021e+20,1,Ciutat Vella,2,el Barri Gòtic,Portal de la Pau,Dissabte,2021,1,Gener,2,17,Tarda,No és causa del  vianant,0,2,0,2,2,2,41,2021-01-02,Saturday,Fin de semana,Tarde (12-18h),2,Leve,TRUE
2.021e+112,1,Ciutat Vella,1,el Raval,Àngels,Divendres,2021,1,Gener,8,16,Tarda,Creuar per fora pas de vianants,0,1,0,1,1,2,41,2021-01-08,Friday,Laborable,Tarde (12-18h),1,Leve,TRUE
2.021e+65,2,Eixample,8,l'Antiga Esquerra de l'Eixample,Provença,Dimarts,2021,1,Gener,5,15,Tarda,No és causa del  vianant,0,1,0,1,2,2,41,2021-01-05,Tuesday,Laborable,Tarde (12-18h),1,Leve,TRUE
2.021e+232,2,Eixample,10,Sant Antoni,Universitat,Divendres,2021,1,Gener,15,13,Matí,Creuar per fora pas de vianants,0,1,0,1,1,2,41,2021-01-15,Friday,Laborable,Tarde (12-18h),1,Leve,TRUE
2.021e+218,2,Eixample,8,l'Antiga Esquerra de l'Eixample,Londres,Dijous,2021,1,Gener,14,18,Tarda,No és causa del  vianant,0,1,0,1,2,2,41,2021-01-14,Thursday,Laborable,Noche (18-24h),1,Leve,TRUE
2.021e+295,2,Eixample,7,la Dreta de l'Eixample,Diagonal,Dimarts,2021,1,Gener,19,15,Tarda,No és causa del  vianant,0,2,0,2,2,2,41,2021-01-19,Tuesday,Laborable,Tarde (12-18h),2,Leve,TRUE
2.021e+48,2,Eixample,6,la Sagrada Família,Castillejos,Dilluns,2021,1,Gener,4,11,Matí,No és causa del  vianant,0,2,0,2,2,2,41,2021-01-04,Monday,Laborable,Manana (06-12h),2,Leve,TRUE
2.021e+156,2,Eixample,8,l'Antiga Esquerra de l'Eixample,Aragó,Dilluns,2021,1,Gener,11,19,Tarda,No és causa del  vianant,0,1,0,1,3,2,41,2021-01-11,Monday,Laborable,Noche (18-24h),1,Leve,TRUE
2.021e+281,2,Eixample,6,la Sagrada Família,Consell de Cent,Dimarts,2021,1,Gener,19,10,Matí,No és causa del  vianant,0,1,0,1,1,2,41,2021-01-19,Tuesday,Laborable,Manana (06-12h),1,Leve,TRUE
202100,2,Eixample,8,l'Antiga Esquerra de l'Eixample,Aragó,Divendres,2021,1,Gener,1,12,Matí,No és causa del  vianant,0,4,0,4,3,2,41,2021-01-01,Friday,Laborable,Tarde (12-18h),4,Leve,TRUE
2.021e+205,2,Eixample,6,la Sagrada Família,València,Dijous,2021,1,Gener,14,8,Matí,No és causa del  vianant,0,2,0,2,2,2,41,2021-01-14,Thursday,Laborable,Manana (06-12h),2,Leve,TRUE
2.021e+94,2,Eixample,7,la Dreta de l'Eixample,Corts Catalanes,Dijous,2021,1,Gener,7,19,Tarda,No és causa del  vianant,0,1,0,1,2,2,41,2021-01-07,Thursday,Laborable,Noche (18-24h),1,Leve,TRUE
2.021e+200,2,Eixample,5,el Fort Pienc,Marina,Dimecres,2021,1,Gener,13,20,Tarda,No és causa del  vianant,0,1,0,1,2,2,41,2021-01-13,Wednesday,Laborable,Noche (18-24h),1,Leve,TRUE
2.021e+126,2,Eixample,6,la Sagrada Família,València,Divendres,2021,1,Gener,8,20,Tarda,No és causa del  vianant,0,1,0,1,2,2,41,2021-01-08,Friday,Laborable,Noche (18-24h),1,Leve,TRUE
2.021e+105,3,Sants-Montjuïc,12,la Marina del Prat Vermell,Transversal 9,Divendres,2021,1,Gener,8,12,Matí,No és causa del  vianant,0,1,0,1,2,2,41,2021-01-08,Friday,Laborable,Tarde (12-18h),1,Leve,TRUE
2.021e+128,3,Sants-Montjuïc,16,la Bordeta,Corts Catalanes,Dissabte,2021,1,Gener,9,14,Tarda,No és causa del  vianant,0,0,0,0,1,2,41,2021-01-09,Saturday,Fin de semana,Tarde (12-18h),0,Leve,FALSE
2.021e+93,4,Les Corts,20,la Maternitat i Sant Ramon,Mig (Descendent),Dijous,2021,1,Gener,7,21,Tarda,No és causa del  vianant,0,1,0,1,2,2,41,2021-01-07,Thursday,Laborable,Noche (18-24h),1,Leve,TRUE
2.021e+132,5,Sarrià-Sant Gervasi,26,Sant Gervasi - Galvany,Copèrnic,Dissabte,2021,1,Gener,9,20,Tarda,No és causa del  vianant,0,1,0,1,2,2,41,2021-01-09,Saturday,Fin de semana,Noche (18-24h),1,Leve,TRUE
2.021e+306,5,Sarrià-Sant Gervasi,26,Sant Gervasi - Galvany,Freixa,Dimarts,2021,1,Gener,19,17,Tarda,No és causa del  vianant,0,1,0,1,2,2,41,2021-01-19,Tuesday,Laborable,Tarde (12-18h),1,Leve,TRUE
2.021e+260,5,Sarrià-Sant Gervasi,25,Sant Gervasi - la Bonanova,General Mitre,Diumenge,2021,1,Gener,17,12,Matí,No és causa del  vianant,0,3,0,3,2,2,41,2021-01-17,Sunday,Fin de semana,Tarde (12-18h),3,Leve,TRUE
2.021e+83,7,Horta-Guinardó,41,la Vall d'Hebron,Vall d'Hebron,Dijous,2021,1,Gener,7,7,Matí,No és causa del  vianant,0,1,0,1,3,2,41,2021-01-07,Thursday,Laborable,Manana (06-12h),1,Leve,TRUE
2.021e+154,7,Horta-Guinardó,35,el Guinardó,Maragall,Dilluns,2021,1,Gener,11,16,Tarda,No és causa del  vianant,0,3,0,3,2,2,41,2021-01-11,Monday,Laborable,Tarde (12-18h),3,Leve,TRUE
2.021e+276,7,Horta-Guinardó,35,el Guinardó,Mas Casanovas,Dilluns,2021,1,Gener,18,10,Matí,No és causa del  vianant,0,1,0,1,2,2,41,2021-01-18,Monday,Laborable,Manana (06-12h),1,Leve,TRUE
2.021e+23,8,Nou Barris,48,la Guineueta,Verdum,Dissabte,2021,1,Gener,2,20,Tarda,No és causa del  vianant,0,1,0,1,1,2,41,2021-01-02,Saturday,Fin de semana,Noche (18-24h),1,Leve,TRUE
2.021e+102,8,Nou Barris,53,la Trinitat Nova,Meridiana,Divendres,2021,1,Gener,8,9,Matí,No és causa del  vianant,0,1,0,1,2,2,41,2021-01-08,Friday,Laborable,Manana (06-12h),1,Leve,TRUE
2.021e+221,9,Sant Andreu,60,Sant Andreu,Meridiana,Divendres,2021,1,Gener,15,7,Matí,No és causa del  vianant,0,1,0,1,2,2,41,2021-01-15,Friday,Laborable,Manana (06-12h),1,Leve,TRUE
2.021e+168,8,Nou Barris,44,Vilapicina i la Torre Llobeta,Vilapicina,Dimarts,2021,1,Gener,12,11,Matí,No és causa del  vianant,0,0,1,1,1,2,41,2021-01-12,Tuesday,Laborable,Manana (06-12h),1,Grave,TRUE
2.021e+303,NA,NA,NA,NA,NA,Dilluns,2021,1,Gener,18,21,Tarda,No és causa del  vianant,0,1,0,1,1,NA,NA,2021-01-18,Monday,Laborable,Noche (18-24h),1,Leve,TRUE
2.021e+87,10,Sant Martí,72,Sant Martí de Provençals,Bac de Roda,Dijous,2021,1,Gener,7,15,Tarda,No és causa del  vianant,0,1,0,1,2,2,41,2021-01-07,Thursday,Laborable,Tarde (12-18h),1,Leve,TRUE
2.021e+279,10,Sant Martí,70,el Besòs i el Maresme,Josep Narcís Roca,Dimarts,2021,1,Gener,19,7,Matí,No és causa del  vianant,0,1,0,1,2,2,41,2021-01-19,Tuesday,Laborable,Manana (06-12h),1,Leve,TRUE
2.021e+18,10,Sant Martí,70,el Besòs i el Maresme,Maresme,Dissabte,2021,1,Gener,2,15,Tarda,No és causa del  vianant,0,1,0,1,2,2,41,2021-01-02,Saturday,Fin de semana,Tarde (12-18h),1,Leve,TRUE
2.021e+266,10,Sant Martí,68,el Poblenou,Bac de Roda,Dilluns,2021,1,Gener,18,8,Matí,No és causa del  vianant,0,1,0,1,2,2,41,2021-01-18,Monday,Laborable,Manana (06-12h),1,Leve,TRUE
2.021e+209,2,Eixample,6,la Sagrada Família,Padilla,Dijous,2021,1,Gener,14,14,Tarda,No és causa del  vianant,0,1,0,1,1,2,41,2021-01-14,Thursday,Laborable,Tarde (12-18h),1,Leve,TRUE
2.021e+253,3,Sants-Montjuïc,11,el Poble-sec,Paral·lel,Dissabte,2021,1,Gener,16,16,Tarda,No és causa del  vianant,0,1,0,1,2,2,41,2021-01-16,Saturday,Fin de semana,Tarde (12-18h),1,Leve,TRUE
2.021e+63,3,Sants-Montjuïc,13,la Marina de Port,Zona Franca,Dimarts,2021,1,Gener,5,15,Tarda,No és causa del  vianant,0,1,0,1,2,2,41,2021-01-05,Tuesday,Laborable,Tarde (12-18h),1,Leve,TRUE
2.021e+261,3,Sants-Montjuïc,14,la Font de la Guatlla,Francesc Ferrer i Guàrdia,Diumenge,2021,1,Gener,17,12,Matí,No és causa del  vianant,0,1,0,1,2,2,41,2021-01-17,Sunday,Fin de semana,Tarde (12-18h),1,Leve,TRUE
2.021e+92,3,Sants-Montjuïc,14,la Font de la Guatlla,Indíbil,Dijous,2021,1,Gener,7,16,Tarda,No és causa del  vianant,0,1,0,1,2,2,41,2021-01-07,Thursday,Laborable,Tarde (12-18h),1,Leve,TRUE
2.021e+223,3,Sants-Montjuïc,18,Sants,Sants,Divendres,2021,1,Gener,15,9,Matí,No és causa del  vianant,0,1,0,1,2,2,41,2021-01-15,Friday,Laborable,Manana (06-12h),1,Leve,TRUE
2.021e+157,4,Les Corts,20,la Maternitat i Sant Ramon,Sant Ramon Nonat,Dilluns,2021,1,Gener,11,15,Tarda,No és causa del  vianant,0,1,0,1,2,2,41,2021-01-11,Monday,Laborable,Tarde (12-18h),1,Leve,TRUE
2.021e+240,5,Sarrià-Sant Gervasi,26,Sant Gervasi - Galvany,Bori i Fontestà,Divendres,2021,1,Gener,15,15,Tarda,No és causa del  vianant,0,1,0,1,2,2,41,2021-01-15,Friday,Laborable,Tarde (12-18h),1,Leve,TRUE
2.021e+307,5,Sarrià-Sant Gervasi,24,les Tres Torres,Dalmases,Dimecres,2021,1,Gener,20,9,Matí,No és causa del  vianant,0,1,0,1,2,2,41,2021-01-20,Wednesday,Laborable,Manana (06-12h),1,Leve,TRUE
2.021e+256,5,Sarrià-Sant Gervasi,24,les Tres Torres,Pau Alcover,Dissabte,2021,1,Gener,16,18,Tarda,No és causa del  vianant,0,1,0,1,2,2,41,2021-01-16,Saturday,Fin de semana,Noche (18-24h),1,Leve,TRUE
2.021e+208,5,Sarrià-Sant Gervasi,23,Sarrià,Manuel Girona,Dijous,2021,1,Gener,14,13,Matí,No és causa del  vianant,0,1,0,1,2,2,41,2021-01-14,Thursday,Laborable,Tarde (12-18h),1,Leve,TRUE
2.021e+31,5,Sarrià-Sant Gervasi,25,Sant Gervasi - la Bonanova,Tibidabo,Diumenge,2021,1,Gener,3,13,Matí,No és causa del  vianant,0,1,0,1,2,2,41,2021-01-03,Sunday,Fin de semana,Tarde (12-18h),1,Leve,TRUE
2.021e+70,7,Horta-Guinardó,38,la Teixonera,Fastenrath,Dimarts,2021,1,Gener,5,17,Tarda,No és causa del  vianant,0,1,0,1,2,2,41,2021-01-05,Tuesday,Laborable,Tarde (12-18h),1,Leve,TRUE
2.021e+09,7,Horta-Guinardó,41,la Vall d'Hebron,Can Marcet,Dissabte,2021,1,Gener,2,8,Matí,No és causa del  vianant,0,1,0,1,2,2,41,2021-01-02,Saturday,Fin de semana,Manana (06-12h),1,Leve,TRUE
2.021e+100,7,Horta-Guinardó,33,el Baix Guinardó,Padilla,Divendres,2021,1,Gener,8,8,Matí,No és causa del  vianant,0,1,0,1,2,2,41,2021-01-08,Friday,Laborable,Manana (06-12h),1,Leve,TRUE
2.021e+107,7,Horta-Guinardó,35,el Guinardó,Guinardó,Divendres,2021,1,Gener,8,14,Tarda,No és causa del  vianant,0,2,0,2,2,2,41,2021-01-08,Friday,Laborable,Tarde (12-18h),2,Leve,TRUE
2.021e+86,7,Horta-Guinardó,35,el Guinardó,Muntanya,Dijous,2021,1,Gener,7,10,Matí,No és causa del  vianant,0,1,0,1,2,2,41,2021-01-07,Thursday,Laborable,Manana (06-12h),1,Leve,TRUE
2.021e+287,8,Nou Barris,53,la Trinitat Nova,Meridiana,Dimarts,2021,1,Gener,19,13,Matí,No és causa del  vianant,0,4,0,4,3,2,41,2021-01-19,Tuesday,Laborable,Tarde (12-18h),4,Leve,TRUE
2.021e+247,8,Nou Barris,52,la Prosperitat,Pablo Iglesias,Dissabte,2021,1,Gener,16,11,Matí,No és causa del  vianant,0,1,0,1,2,2,41,2021-01-16,Saturday,Fin de semana,Manana (06-12h),1,Leve,TRUE
2.021e+262,9,Sant Andreu,63,Navas,Felip II,Diumenge,2021,1,Gener,17,13,Matí,No és causa del  vianant,0,1,0,1,2,2,41,2021-01-17,Sunday,Fin de semana,Tarde (12-18h),1,Leve,TRUE
2.021e+151,9,Sant Andreu,59,el Bon Pastor,Ciutat d'Asunción,Dilluns,2021,1,Gener,11,17,Tarda,No és causa del  vianant,0,2,0,2,2,2,41,2021-01-11,Monday,Laborable,Tarde (12-18h),2,Leve,TRUE
2.021e+231,10,Sant Martí,64,el Camp de l'Arpa del Clot,Indústria,Divendres,2021,1,Gener,15,11,Matí,No és causa del  vianant,0,1,0,1,2,2,41,2021-01-15,Friday,Laborable,Manana (06-12h),1,Leve,TRUE
2.021e+140,10,Sant Martí,64,el Camp de l'Arpa del Clot,Aragó,Dilluns,2021,1,Gener,11,7,Matí,No és causa del  vianant,0,1,0,1,2,2,41,2021-01-11,Monday,Laborable,Manana (06-12h),1,Leve,TRUE
2.021e+95,10,Sant Martí,65,el Clot,Independència,Dijous,2021,1,Gener,7,19,Tarda,No és causa del  vianant,0,1,0,1,2,2,41,2021-01-07,Thursday,Laborable,Noche (18-24h),1,Leve,TRUE
2.021e+78,2,Eixample,10,Sant Antoni,Vilamarí,Dimecres,2021,1,Gener,6,15,Tarda,No és causa del  vianant,0,2,0,2,2,2,41,2021-01-06,Wednesday,Laborable,Tarde (12-18h),2,Leve,TRUE
2.021e+143,2,Eixample,9,la Nova Esquerra de l'Eixample,Corts Catalanes,Dilluns,2021,1,Gener,11,9,Matí,No és causa del  vianant,0,2,0,2,2,2,41,2021-01-11,Monday,Laborable,Manana (06-12h),2,Leve,TRUE
2.021e+196,2,Eixample,7,la Dreta de l'Eixample,València,Dimecres,2021,1,Gener,13,11,Matí,No és causa del  vianant,0,1,0,1,2,2,41,2021-01-13,Wednesday,Laborable,Manana (06-12h),1,Leve,TRUE
2.021e+53,2,Eixample,8,l'Antiga Esquerra de l'Eixample,Enric Granados,Dilluns,2021,1,Gener,4,15,Tarda,No és causa del  vianant,0,1,0,1,2,2,41,2021-01-04,Monday,Laborable,Tarde (12-18h),1,Leve,TRUE
2.021e+35,2,Eixample,7,la Dreta de l'Eixample,Provença,Diumenge,2021,1,Gener,3,13,Matí,No és causa del  vianant,0,2,0,2,2,2,41,2021-01-03,Sunday,Fin de semana,Tarde (12-18h),2,Leve,TRUE
2.021e+214,2,Eixample,8,l'Antiga Esquerra de l'Eixample,Casanova,Dijous,2021,1,Gener,14,18,Tarda,Transitar a peu per la calçada,0,1,0,1,1,2,41,2021-01-14,Thursday,Laborable,Noche (18-24h),1,Leve,TRUE
2.021e+106,2,Eixample,8,l'Antiga Esquerra de l'Eixample,Muntaner,Divendres,2021,1,Gener,8,14,Tarda,No és causa del  vianant,0,1,0,1,2,2,41,2021-01-08,Friday,Laborable,Tarde (12-18h),1,Leve,TRUE
2.021e+67,2,Eixample,7,la Dreta de l'Eixample,València,Dimarts,2021,1,Gener,5,14,Tarda,Creuar per fora pas de vianants,0,2,0,2,1,2,41,2021-01-05,Tuesday,Laborable,Tarde (12-18h),2,Leve,TRUE
2.021e+12,2,Eixample,7,la Dreta de l'Eixample,Catalunya,Dissabte,2021,1,Gener,2,11,Matí,No és causa del  vianant,0,2,0,2,2,2,41,2021-01-02,Saturday,Fin de semana,Manana (06-12h),2,Leve,TRUE
2.021e+124,2,Eixample,7,la Dreta de l'Eixample,Tetuan,Divendres,2021,1,Gener,8,22,Nit,No és causa del  vianant,0,2,0,2,2,2,41,2021-01-08,Friday,Laborable,Noche (18-24h),2,Leve,TRUE
2.021e+36,2,Eixample,7,la Dreta de l'Eixample,Diagonal,Diumenge,2021,1,Gener,3,14,Tarda,No és causa del  vianant,0,1,0,1,1,2,41,2021-01-03,Sunday,Fin de semana,Tarde (12-18h),1,Leve,TRUE
2.021e+74,2,Eixample,7,la Dreta de l'Eixample,Balmes,Dilluns,2021,1,Gener,4,19,Tarda,No és causa del  vianant,0,1,0,1,2,2,41,2021-01-04,Monday,Laborable,Noche (18-24h),1,Leve,TRUE
2.021e+195,2,Eixample,7,la Dreta de l'Eixample,Roger de Llúria,Dimecres,2021,1,Gener,13,13,Matí,No és causa del  vianant,0,1,0,1,2,2,41,2021-01-13,Wednesday,Laborable,Tarde (12-18h),1,Leve,TRUE
2.021e+252,2,Eixample,5,el Fort Pienc,Roger de Flor,Dissabte,2021,1,Gener,16,15,Tarda,No és causa del  vianant,0,1,0,1,2,2,41,2021-01-16,Saturday,Fin de semana,Tarde (12-18h),1,Leve,TRUE
2.021e+174,2,Eixample,6,la Sagrada Família,Marina,Dimarts,2021,1,Gener,12,16,Tarda,No és causa del  vianant,0,1,0,1,2,2,41,2021-01-12,Tuesday,Laborable,Tarde (12-18h),1,Leve,TRUE
2.021e+210,3,Sants-Montjuïc,15,Hostafrancs,Corts Catalanes,Dijous,2021,1,Gener,14,15,Tarda,No és causa del  vianant,0,1,0,1,2,2,41,2021-01-14,Thursday,Laborable,Tarde (12-18h),1,Leve,TRUE
2.021e+302,3,Sants-Montjuïc,18,Sants,Mig (Ascendent),Dimarts,2021,1,Gener,19,16,Tarda,No és causa del  vianant,0,1,0,1,2,2,41,2021-01-19,Tuesday,Laborable,Tarde (12-18h),1,Leve,TRUE
2.021e+207,3,Sants-Montjuïc,16,la Bordeta,Mig (Ascendent),Dijous,2021,1,Gener,14,12,Matí,No és causa del  vianant,0,1,0,1,2,2,41,2021-01-14,Thursday,Laborable,Tarde (12-18h),1,Leve,TRUE
2.021e+170,3,Sants-Montjuïc,16,la Bordeta,Constitució,Dimarts,2021,1,Gener,12,13,Matí,Creuar per fora pas de vianants,0,0,1,1,1,2,41,2021-01-12,Tuesday,Laborable,Tarde (12-18h),1,Grave,TRUE
2.021e+66,4,Les Corts,20,la Maternitat i Sant Ramon,Joan XXIII,Dilluns,2021,1,Gener,4,8,Matí,No és causa del  vianant,0,1,0,1,2,2,41,2021-01-04,Monday,Laborable,Manana (06-12h),1,Leve,TRUE
2.021e+217,5,Sarrià-Sant Gervasi,24,les Tres Torres,General Mitre,Dijous,2021,1,Gener,14,20,Tarda,No és causa del  vianant,0,1,0,1,3,2,41,2021-01-14,Thursday,Laborable,Noche (18-24h),1,Leve,TRUE
2.021e+225,5,Sarrià-Sant Gervasi,24,les Tres Torres,Augusta,Divendres,2021,1,Gener,15,9,Matí,No és causa del  vianant,0,2,0,2,2,2,41,2021-01-15,Friday,Laborable,Manana (06-12h),2,Leve,TRUE
2.021e+64,5,Sarrià-Sant Gervasi,25,Sant Gervasi - la Bonanova,Cementiri de Sant Gervasi,Dimarts,2021,1,Gener,5,14,Tarda,No és causa del  vianant,0,2,0,2,2,2,41,2021-01-05,Tuesday,Laborable,Tarde (12-18h),2,Leve,TRUE
2.021e+198,5,Sarrià-Sant Gervasi,25,Sant Gervasi - la Bonanova,Terré,Dimecres,2021,1,Gener,13,20,Tarda,No és causa del  vianant,0,1,0,1,2,2,41,2021-01-13,Wednesday,Laborable,Noche (18-24h),1,Leve,TRUE
2.021e+139,6,Gràcia,30,la Salut,Dalt,Diumenge,2021,1,Gener,10,22,Nit,No és causa del  vianant,0,1,0,1,2,2,41,2021-01-10,Sunday,Fin de semana,Noche (18-24h),1,Leve,TRUE
2.021e+136,6,Gràcia,31,la Vila de Gràcia,Torrent de l'Olla,Diumenge,2021,1,Gener,10,15,Tarda,No és causa del  vianant,0,1,0,1,2,2,41,2021-01-10,Sunday,Fin de semana,Tarde (12-18h),1,Leve,TRUE
2.021e+250,7,Horta-Guinardó,40,Montbau,Sant Cugat,Dissabte,2021,1,Gener,16,13,Matí,No és causa del  vianant,0,1,1,2,2,2,41,2021-01-16,Saturday,Fin de semana,Tarde (12-18h),2,Grave,TRUE
2.021e+37,7,Horta-Guinardó,35,el Guinardó,Flors de Maig,Diumenge,2021,1,Gener,3,15,Tarda,No és causa del  vianant,0,0,0,0,1,2,41,2021-01-03,Sunday,Fin de semana,Tarde (12-18h),0,Leve,FALSE
2.021e+77,8,Nou Barris,55,Ciutat Meridiana,Agudes,Dimecres,2021,1,Gener,6,11,Matí,No és causa del  vianant,0,1,0,1,1,2,41,2021-01-06,Wednesday,Laborable,Manana (06-12h),1,Leve,TRUE
2.021e+273,8,Nou Barris,48,la Guineueta,Valldaura,Dilluns,2021,1,Gener,18,15,Tarda,No és causa del  vianant,0,0,0,0,2,2,41,2021-01-18,Monday,Laborable,Tarde (12-18h),0,Leve,FALSE
2.021e+179,8,Nou Barris,53,la Trinitat Nova,Platja d'Aro,Dimarts,2021,1,Gener,12,19,Tarda,Creuar per fora pas de vianants,0,1,0,1,1,2,41,2021-01-12,Tuesday,Laborable,Noche (18-24h),1,Leve,TRUE
2.021e+75,8,Nou Barris,44,Vilapicina i la Torre Llobeta,Maragall,Dimecres,2021,1,Gener,6,9,Matí,No és causa del  vianant,0,1,0,1,2,2,41,2021-01-06,Wednesday,Laborable,Manana (06-12h),1,Leve,TRUE
2.021e+172,9,Sant Andreu,61,la Sagrera,Gran de la Sagrera,Dimarts,2021,1,Gener,12,12,Matí,No és causa del  vianant,0,1,0,1,1,2,41,2021-01-12,Tuesday,Laborable,Tarde (12-18h),1,Leve,TRUE
2.021e+22,9,Sant Andreu,60,Sant Andreu,Palomar,Dissabte,2021,1,Gener,2,18,Tarda,No és causa del  vianant,0,1,0,1,2,2,41,2021-01-02,Saturday,Fin de semana,Noche (18-24h),1,Leve,TRUE
2.021e+148,9,Sant Andreu,60,Sant Andreu,Orfila,Dilluns,2021,1,Gener,11,11,Matí,No és causa del  vianant,0,1,0,1,1,2,41,2021-01-11,Monday,Laborable,Manana (06-12h),1,Leve,TRUE
2.021e+249,9,Sant Andreu,59,el Bon Pastor,Camarasa,Dissabte,2021,1,Gener,16,14,Tarda,No és causa del  vianant,0,1,0,1,1,2,41,2021-01-16,Saturday,Fin de semana,Tarde (12-18h),1,Leve,TRUE
2.021e+282,9,Sant Andreu,59,el Bon Pastor,Litoral (Llobregat),Dimarts,2021,1,Gener,19,11,Matí,No és causa del  vianant,0,1,0,1,2,2,41,2021-01-19,Tuesday,Laborable,Manana (06-12h),1,Leve,TRUE
2.021e+191,9,Sant Andreu,59,el Bon Pastor,Potosí,Dimecres,2021,1,Gener,13,14,Tarda,No és causa del  vianant,0,1,0,1,2,2,41,2021-01-13,Wednesday,Laborable,Tarde (12-18h),1,Leve,TRUE
2.021e+254,NA,NA,NA,NA,NA,Dissabte,2021,1,Gener,16,16,Tarda,No és causa del  vianant,0,2,0,2,3,NA,NA,2021-01-16,Saturday,Fin de semana,Tarde (12-18h),2,Leve,TRUE
2.021e+146,10,Sant Martí,64,el Camp de l'Arpa del Clot,Indústria,Dilluns,2021,1,Gener,11,11,Matí,No és causa del  vianant,0,1,0,1,2,2,41,2021-01-11,Monday,Laborable,Manana (06-12h),1,Leve,TRUE
2.021e+90,10,Sant Martí,71,Provençals del Poblenou,C-31,Dijous,2021,1,Gener,7,18,Tarda,No és causa del  vianant,0,3,0,3,2,2,41,2021-01-07,Thursday,Laborable,Noche (18-24h),3,Leve,TRUE
2.021e+286,10,Sant Martí,71,Provençals del Poblenou,Espronceda,Dimarts,2021,1,Gener,19,14,Tarda,No és causa del  vianant,0,1,0,1,2,2,41,2021-01-19,Tuesday,Laborable,Tarde (12-18h),1,Leve,TRUE
2.021e+171,10,Sant Martí,71,Provençals del Poblenou,C-31,Dimarts,2021,1,Gener,12,7,Matí,No és causa del  vianant,0,1,0,1,2,2,41,2021-01-12,Tuesday,Laborable,Manana (06-12h),1,Leve,TRUE
2.021e+290,10,Sant Martí,69,Diagonal Mar i el Front Marítim del Poblenou,Litoral (Llobregat),Dimarts,2021,1,Gener,19,15,Tarda,No és causa del  vianant,0,1,0,1,1,2,41,2021-01-19,Tuesday,Laborable,Tarde (12-18h),1,Leve,TRUE
2.021e+178,10,Sant Martí,67,la Vila Olímpica del Poblenou,Litoral,Dimarts,2021,1,Gener,12,18,Tarda,No és causa del  vianant,0,1,0,1,3,2,41,2021-01-12,Tuesday,Laborable,Noche (18-24h),1,Leve,TRUE
2.021e+122,1,Ciutat Vella,2,el Barri Gòtic,Fontanella,Divendres,2021,1,Gener,8,20,Tarda,No és causa del  vianant,0,1,0,1,2,2,41,2021-01-08,Friday,Laborable,Noche (18-24h),1,Leve,TRUE
2.021e+272,1,Ciutat Vella,2,el Barri Gòtic,Fontanella,Dilluns,2021,1,Gener,18,12,Matí,No és causa del  vianant,0,2,0,2,2,2,41,2021-01-18,Monday,Laborable,Tarde (12-18h),2,Leve,TRUE
2.021e+255,1,Ciutat Vella,3,la Barceloneta,Litoral,Dissabte,2021,1,Gener,16,15,Tarda,No és causa del  vianant,0,1,0,1,2,2,41,2021-01-16,Saturday,Fin de semana,Tarde (12-18h),1,Leve,TRUE
2.021e+230,2,Eixample,7,la Dreta de l'Eixample,Mallorca,Divendres,2021,1,Gener,15,13,Matí,No és causa del  vianant,0,1,0,1,2,2,41,2021-01-15,Friday,Laborable,Tarde (12-18h),1,Leve,TRUE
2.021e+25,2,Eixample,8,l'Antiga Esquerra de l'Eixample,Comte d'Urgell,Dissabte,2021,1,Gener,2,22,Nit,No és causa del  vianant,0,1,0,1,2,2,41,2021-01-02,Saturday,Fin de semana,Noche (18-24h),1,Leve,TRUE
2.021e+296,2,Eixample,8,l'Antiga Esquerra de l'Eixample,Aribau,Dimarts,2021,1,Gener,19,19,Tarda,No és causa del  vianant,0,1,0,1,2,2,41,2021-01-19,Tuesday,Laborable,Noche (18-24h),1,Leve,TRUE
2.021e+61,2,Eixample,7,la Dreta de l'Eixample,Corts Catalanes,Dimarts,2021,1,Gener,5,12,Matí,No és causa del  vianant,0,2,0,2,2,2,41,2021-01-05,Tuesday,Laborable,Tarde (12-18h),2,Leve,TRUE
2.021e+166,2,Eixample,6,la Sagrada Família,Enamorats,Dimarts,2021,1,Gener,12,11,Matí,No és causa del  vianant,0,1,0,1,2,2,41,2021-01-12,Tuesday,Laborable,Manana (06-12h),1,Leve,TRUE
20210000,2,Eixample,5,el Fort Pienc,Diagonal,Divendres,2021,1,Gener,1,20,Tarda,No és causa del  vianant,0,4,0,4,3,2,41,2021-01-01,Friday,Laborable,Noche (18-24h),4,Leve,TRUE
2.021e+85,2,Eixample,7,la Dreta de l'Eixample,Roger de Llúria,Dijous,2021,1,Gener,7,11,Matí,No és causa del  vianant,0,3,0,3,2,2,41,2021-01-07,Thursday,Laborable,Manana (06-12h),3,Leve,TRUE
2.021e+152,2,Eixample,7,la Dreta de l'Eixample,Pau Claris,Dilluns,2021,1,Gener,11,15,Tarda,No és causa del  vianant,0,1,0,1,2,2,41,2021-01-11,Monday,Laborable,Tarde (12-18h),1,Leve,TRUE
2.021e+189,2,Eixample,7,la Dreta de l'Eixample,Sant Pere,Dimecres,2021,1,Gener,13,14,Tarda,No és causa del  vianant,0,1,0,1,2,2,41,2021-01-13,Wednesday,Laborable,Tarde (12-18h),1,Leve,TRUE
2.021e+16,2,Eixample,5,el Fort Pienc,Diputació,Dissabte,2021,1,Gener,2,14,Tarda,No és causa del  vianant,0,0,0,0,2,2,41,2021-01-02,Saturday,Fin de semana,Tarde (12-18h),0,Leve,FALSE
2.021e+88,3,Sants-Montjuïc,11,el Poble-sec,Creu dels Molers,Dijous,2021,1,Gener,7,14,Tarda,No és causa del  vianant,0,0,0,0,1,2,41,2021-01-07,Thursday,Laborable,Tarde (12-18h),0,Leve,FALSE
2.021e+268,3,Sants-Montjuïc,12,la Marina del Prat Vermell,Motors,Dilluns,2021,1,Gener,18,10,Matí,No és causa del  vianant,0,1,0,1,2,2,41,2021-01-18,Monday,Laborable,Manana (06-12h),1,Leve,TRUE
2.021e+283,3,Sants-Montjuïc,13,la Marina de Port,Zona Franca,Dimarts,2021,1,Gener,19,12,Matí,No és causa del  vianant,0,1,0,1,2,2,41,2021-01-19,Tuesday,Laborable,Tarde (12-18h),1,Leve,TRUE
2.021e+244,3,Sants-Montjuïc,16,la Bordeta,Mossèn Amadeu Oller,Divendres,2021,1,Gener,15,8,Matí,No és causa del  vianant,0,1,0,1,2,2,41,2021-01-15,Friday,Laborable,Manana (06-12h),1,Leve,TRUE
2.021e+120,3,Sants-Montjuïc,17,Sants - Badal,Sants,Divendres,2021,1,Gener,8,21,Tarda,No és causa del  vianant,0,1,0,1,2,2,41,2021-01-08,Friday,Laborable,Noche (18-24h),1,Leve,TRUE
2.021e+284,3,Sants-Montjuïc,17,Sants - Badal,Ventura Plaja,Dimarts,2021,1,Gener,19,9,Matí,No és causa del  vianant,0,0,0,0,2,2,41,2021-01-19,Tuesday,Laborable,Manana (06-12h),0,Leve,FALSE
2.021e+10,3,Sants-Montjuïc,18,Sants,Països Catalans,Dissabte,2021,1,Gener,2,9,Matí,No és causa del  vianant,0,1,0,1,1,2,41,2021-01-02,Saturday,Fin de semana,Manana (06-12h),1,Leve,TRUE
2.021e+270,3,Sants-Montjuïc,18,Sants,Tarragona,Dilluns,2021,1,Gener,18,5,Nit,No és causa del  vianant,0,0,0,0,2,2,41,2021-01-18,Monday,Laborable,Madrugada (00-06h),0,Leve,FALSE
2.021e+45,5,Sarrià-Sant Gervasi,25,Sant Gervasi - la Bonanova,B-20 (Llobregat),Dilluns,2021,1,Gener,4,11,Matí,No és causa del  vianant,0,1,0,1,2,2,41,2021-01-04,Monday,Laborable,Manana (06-12h),1,Leve,TRUE
2.021e+169,6,Gràcia,28,Vallcarca i els Penitents,Ballester,Dimarts,2021,1,Gener,12,10,Matí,No és causa del  vianant,0,1,0,1,2,2,41,2021-01-12,Tuesday,Laborable,Manana (06-12h),1,Leve,TRUE
202100000,6,Gràcia,32,el Camp d'en Grassot i Gràcia Nova,Sardenya,Divendres,2021,1,Gener,1,12,Matí,No és causa del  vianant,0,1,0,1,2,2,41,2021-01-01,Friday,Laborable,Tarde (12-18h),1,Leve,TRUE
2.021e+21,6,Gràcia,32,el Camp d'en Grassot i Gràcia Nova,Sant Joan,Dissabte,2021,1,Gener,2,17,Tarda,No és causa del  vianant,0,1,0,1,2,2,41,2021-01-02,Saturday,Fin de semana,Tarde (12-18h),1,Leve,TRUE
2.021e+59,7,Horta-Guinardó,33,el Baix Guinardó,Castillejos,Dimarts,2021,1,Gener,5,11,Matí,No és causa del  vianant,0,3,0,3,2,2,41,2021-01-05,Tuesday,Laborable,Manana (06-12h),3,Leve,TRUE
2.021e+161,8,Nou Barris,50,les Roquetes,Dalt (Besòs),Dilluns,2021,1,Gener,11,19,Tarda,No és causa del  vianant,0,1,0,1,3,2,41,2021-01-11,Monday,Laborable,Noche (18-24h),1,Leve,TRUE
2.021e+233,9,Sant Andreu,60,Sant Andreu,Meridiana,Divendres,2021,1,Gener,15,15,Tarda,No és causa del  vianant,0,3,0,3,2,2,41,2021-01-15,Friday,Laborable,Tarde (12-18h),3,Leve,TRUE
2021000,9,Sant Andreu,57,la Trinitat Vella,C-17 (Puigcerdà),Divendres,2021,1,Gener,1,18,Tarda,No és causa del  vianant,0,3,0,3,3,2,41,2021-01-01,Friday,Laborable,Noche (18-24h),3,Leve,TRUE
2.021e+32,9,Sant Andreu,60,Sant Andreu,Sant Adrià,Diumenge,2021,1,Gener,3,15,Tarda,No és causa del  vianant,0,1,0,1,1,2,41,2021-01-03,Sunday,Fin de semana,Tarde (12-18h),1,Leve,TRUE
2.021e+57,8,Nou Barris,45,Porta,Rosselló i Porcel,Dimarts,2021,1,Gener,5,10,Matí,Desobeir el senyal del semàfor,0,2,0,2,1,2,41,2021-01-05,Tuesday,Laborable,Manana (06-12h),2,Leve,TRUE
2.021e+219,NA,NA,NA,NA,NA,Divendres,2021,1,Gener,15,8,Matí,No és causa del  vianant,0,1,0,1,2,NA,NA,2021-01-15,Friday,Laborable,Manana (06-12h),1,Leve,TRUE
2.021e+60,10,Sant Martí,64,el Camp de l'Arpa del Clot,Maragall,Dimarts,2021,1,Gener,5,12,Matí,No és causa del  vianant,0,2,0,2,2,2,41,2021-01-05,Tuesday,Laborable,Tarde (12-18h),2,Leve,TRUE
2.021e+62,10,Sant Martí,70,el Besòs i el Maresme,Josep Pla,Dimarts,2021,1,Gener,5,13,Matí,No és causa del  vianant,0,1,0,1,1,2,41,2021-01-05,Tuesday,Laborable,Tarde (12-18h),1,Leve,TRUE
2.021e+301,10,Sant Martí,71,Provençals del Poblenou,Pere IV,Dimecres,2021,1,Gener,20,6,Matí,No és causa del  vianant,0,1,0,1,2,2,41,2021-01-20,Wednesday,Laborable,Manana (06-12h),1,Leve,TRUE
2.021e+110,2,Eixample,9,la Nova Esquerra de l'Eixample,Vilamarí,Divendres,2021,1,Gener,8,15,Tarda,No és causa del  vianant,0,1,0,1,2,2,41,2021-01-08,Friday,Laborable,Tarde (12-18h),1,Leve,TRUE
2.021e+130,2,Eixample,9,la Nova Esquerra de l'Eixample,Diputació,Dissabte,2021,1,Gener,9,16,Tarda,No és causa del  vianant,0,1,0,1,2,2,41,2021-01-09,Saturday,Fin de semana,Tarde (12-18h),1,Leve,TRUE
2.021e+150,2,Eixample,9,la Nova Esquerra de l'Eixample,Roma,Dilluns,2021,1,Gener,11,15,Tarda,No és causa del  vianant,0,2,0,2,2,2,41,2021-01-11,Monday,Laborable,Tarde (12-18h),2,Leve,TRUE
2.021e+30,2,Eixample,10,Sant Antoni,Corts Catalanes,Diumenge,2021,1,Gener,3,12,Matí,No és causa del  vianant,0,1,0,1,2,2,41,2021-01-03,Sunday,Fin de semana,Tarde (12-18h),1,Leve,TRUE
2.021e+271,2,Eixample,7,la Dreta de l'Eixample,Aragó,Dilluns,2021,1,Gener,18,13,Matí,No és causa del  vianant,0,1,0,1,3,2,41,2021-01-18,Monday,Laborable,Tarde (12-18h),1,Leve,TRUE
2.021e+147,2,Eixample,6,la Sagrada Família,Castillejos,Dilluns,2021,1,Gener,11,13,Matí,No és causa del  vianant,0,1,0,1,3,2,41,2021-01-11,Monday,Laborable,Tarde (12-18h),1,Leve,TRUE
2.021e+245,2,Eixample,8,l'Antiga Esquerra de l'Eixample,Muntaner,Dissabte,2021,1,Gener,16,9,Matí,No és causa del  vianant,0,1,0,1,2,2,41,2021-01-16,Saturday,Fin de semana,Manana (06-12h),1,Leve,TRUE
2.021e+275,2,Eixample,8,l'Antiga Esquerra de l'Eixample,Provença,Dilluns,2021,1,Gener,18,13,Matí,No és causa del  vianant,0,1,0,1,2,2,41,2021-01-18,Monday,Laborable,Tarde (12-18h),1,Leve,TRUE
2.021e+44,2,Eixample,8,l'Antiga Esquerra de l'Eixample,Aragó,Diumenge,2021,1,Gener,3,21,Tarda,No és causa del  vianant,0,2,0,2,1,2,41,2021-01-03,Sunday,Fin de semana,Noche (18-24h),2,Leve,TRUE
2.021e+72,2,Eixample,8,l'Antiga Esquerra de l'Eixample,París,Dimarts,2021,1,Gener,5,15,Tarda,No és causa del  vianant,0,1,0,1,2,2,41,2021-01-05,Tuesday,Laborable,Tarde (12-18h),1,Leve,TRUE
2.021e+96,2,Eixample,7,la Dreta de l'Eixample,Corts Catalanes,Dijous,2021,1,Gener,7,19,Tarda,No és causa del  vianant,0,1,0,1,2,2,41,2021-01-07,Thursday,Laborable,Noche (18-24h),1,Leve,TRUE
2.021e+145,2,Eixample,6,la Sagrada Família,València,Dilluns,2021,1,Gener,11,9,Matí,No és causa del  vianant,0,1,0,1,2,2,41,2021-01-11,Monday,Laborable,Manana (06-12h),1,Leve,TRUE
2.021e+177,2,Eixample,5,el Fort Pienc,Lepant,Dimarts,2021,1,Gener,12,13,Matí,No és causa del  vianant,0,1,0,1,2,2,41,2021-01-12,Tuesday,Laborable,Tarde (12-18h),1,Leve,TRUE
2.021e+187,2,Eixample,7,la Dreta de l'Eixample,Corts Catalanes,Dimecres,2021,1,Gener,13,11,Matí,No és causa del  vianant,0,1,0,1,2,2,41,2021-01-13,Wednesday,Laborable,Manana (06-12h),1,Leve,TRUE
2.021e+181,3,Sants-Montjuïc,12,la Marina del Prat Vermell,D Zona Franca,Dimarts,2021,1,Gener,12,21,Tarda,No és causa del  vianant,0,1,0,1,2,2,41,2021-01-12,Tuesday,Laborable,Noche (18-24h),1,Leve,TRUE
2.021e+133,3,Sants-Montjuïc,16,la Bordeta,Corts Catalanes,Dissabte,2021,1,Gener,9,21,Tarda,No és causa del  vianant,0,1,0,1,2,2,41,2021-01-09,Saturday,Fin de semana,Noche (18-24h),1,Leve,TRUE
2.021e+29,3,Sants-Montjuïc,15,Hostafrancs,Corts Catalanes,Diumenge,2021,1,Gener,3,12,Matí,No és causa del  vianant,0,2,0,2,3,2,41,2021-01-03,Sunday,Fin de semana,Tarde (12-18h),2,Leve,TRUE
2.021e+199,3,Sants-Montjuïc,16,la Bordeta,Constitució,Dimecres,2021,1,Gener,13,17,Tarda,No és causa del  vianant,0,1,0,1,2,2,41,2021-01-13,Wednesday,Laborable,Tarde (12-18h),1,Leve,TRUE
2.021e+162,3,Sants-Montjuïc,18,Sants,Vallespir,Dilluns,2021,1,Gener,11,21,Tarda,No és causa del  vianant,0,1,0,1,2,2,41,2021-01-11,Monday,Laborable,Noche (18-24h),1,Leve,TRUE
2.021e+111,3,Sants-Montjuïc,18,Sants,Sant Antoni,Divendres,2021,1,Gener,8,14,Tarda,Desobeir el senyal del semàfor,0,2,0,2,1,2,41,2021-01-08,Friday,Laborable,Tarde (12-18h),2,Leve,TRUE
2.021e+263,4,Les Corts,19,les Corts,Joan Güell,Dimarts,2021,1,Gener,12,12,Matí,No és causa del  vianant,0,1,0,1,2,2,41,2021-01-12,Tuesday,Laborable,Tarde (12-18h),1,Leve,TRUE
2.021e+202,4,Les Corts,21,Pedralbes,Pedralbes,Dimecres,2021,1,Gener,13,21,Tarda,No és causa del  vianant,0,1,1,2,2,2,41,2021-01-13,Wednesday,Laborable,Noche (18-24h),2,Grave,TRUE
20210,4,Les Corts,21,Pedralbes,Cavallers,Divendres,2021,1,Gener,1,0,Nit,No és causa del  vianant,0,2,0,2,2,2,41,2021-01-01,Friday,Laborable,Madrugada (00-06h),2,Leve,TRUE
2.021e+222,5,Sarrià-Sant Gervasi,23,Sarrià,Sarrià,Divendres,2021,1,Gener,15,8,Matí,No és causa del  vianant,0,1,0,1,2,2,41,2021-01-15,Friday,Laborable,Manana (06-12h),1,Leve,TRUE
2.021e+165,5,Sarrià-Sant Gervasi,27,el Putxet i el Farró,República Argentina,Dimarts,2021,1,Gener,12,10,Matí,No és causa del  vianant,0,1,0,1,2,2,41,2021-01-12,Tuesday,Laborable,Manana (06-12h),1,Leve,TRUE
2.021e+182,6,Gràcia,28,Vallcarca i els Penitents,Lesseps,Dimecres,2021,1,Gener,13,7,Matí,Desobeir el senyal del semàfor,0,2,0,2,1,2,41,2021-01-13,Wednesday,Laborable,Manana (06-12h),2,Leve,TRUE
2.021e+108,6,Gràcia,28,Vallcarca i els Penitents,Bolívar,Divendres,2021,1,Gener,8,14,Tarda,No és causa del  vianant,0,1,0,1,3,2,41,2021-01-08,Friday,Laborable,Tarde (12-18h),1,Leve,TRUE
2.021e+33,7,Horta-Guinardó,40,Montbau,Sant Cugat,Diumenge,2021,1,Gener,3,14,Tarda,No és causa del  vianant,0,1,0,1,2,2,41,2021-01-03,Sunday,Fin de semana,Tarde (12-18h),1,Leve,TRUE
2.021e+193,8,Nou Barris,46,el Turó de la Peira,Fabra i Puig,Dimecres,2021,1,Gener,13,13,Matí,No és causa del  vianant,0,2,0,2,2,2,41,2021-01-13,Wednesday,Laborable,Tarde (12-18h),2,Leve,TRUE
2.021e+241,9,Sant Andreu,63,Navas,Clot,Dijous,2021,1,Gener,14,20,Tarda,No és causa del  vianant,0,1,0,1,2,2,41,2021-01-14,Thursday,Laborable,Noche (18-24h),1,Leve,TRUE
2.021e+175,9,Sant Andreu,63,Navas,Las Navas de Tolosa,Dimarts,2021,1,Gener,12,11,Matí,No és causa del  vianant,0,2,0,2,2,2,41,2021-01-12,Tuesday,Laborable,Manana (06-12h),2,Leve,TRUE
2.021e+164,9,Sant Andreu,60,Sant Andreu,Palomar,Dimarts,2021,1,Gener,12,8,Matí,No és causa del  vianant,0,1,0,1,2,2,41,2021-01-12,Tuesday,Laborable,Manana (06-12h),1,Leve,TRUE
2.021e+81,9,Sant Andreu,60,Sant Andreu,Nadal,Dijous,2021,1,Gener,7,0,Nit,No és causa del  vianant,0,0,0,0,2,2,41,2021-01-07,Thursday,Laborable,Madrugada (00-06h),0,Leve,FALSE
2.021e+212,10,Sant Martí,73,la Verneda i la Pau,Maresme,Dijous,2021,1,Gener,14,16,Tarda,Creuar per fora pas de vianants,0,1,0,1,1,2,41,2021-01-14,Thursday,Laborable,Tarde (12-18h),1,Leve,TRUE
2.021e+194,10,Sant Martí,70,el Besòs i el Maresme,Corts Catalanes,Dimecres,2021,1,Gener,13,14,Tarda,No és causa del  vianant,0,1,0,1,1,2,41,2021-01-13,Wednesday,Laborable,Tarde (12-18h),1,Leve,TRUE
2.021e+201,10,Sant Martí,68,el Poblenou,Roc Boronat,Dimecres,2021,1,Gener,13,22,Nit,No és causa del  vianant,0,2,0,2,2,2,41,2021-01-13,Wednesday,Laborable,Noche (18-24h),2,Leve,TRUE
2.021e+180,10,Sant Martí,68,el Poblenou,Litoral (Llobregat),Dimarts,2021,1,Gener,12,17,Tarda,No és causa del  vianant,0,1,0,1,2,2,41,2021-01-12,Tuesday,Laborable,Tarde (12-18h),1,Leve,TRUE
2.021e+197,10,Sant Martí,71,Provençals del Poblenou,Selva de Mar,Dimecres,2021,1,Gener,13,19,Tarda,No és causa del  vianant,0,1,0,1,1,2,41,2021-01-13,Wednesday,Laborable,Noche (18-24h),1,Leve,TRUE
2.021e+267,10,Sant Martí,71,Provençals del Poblenou,C-31,Dilluns,2021,1,Gener,18,7,Matí,No és causa del  vianant,0,2,0,2,2,2,41,2021-01-18,Monday,Laborable,Manana (06-12h),2,Leve,TRUE
2.021e+239,10,Sant Martí,71,Provençals del Poblenou,C-31,Divendres,2021,1,Gener,15,14,Tarda,No és causa del  vianant,0,1,0,1,2,2,41,2021-01-15,Friday,Laborable,Tarde (12-18h),1,Leve,TRUE
2.021e+304,10,Sant Martí,68,el Poblenou,Pere IV,Dimarts,2021,1,Gener,19,17,Tarda,No és causa del  vianant,0,2,0,2,2,2,41,2021-01-19,Tuesday,Laborable,Tarde (12-18h),2,Leve,TRUE
2.021e+226,10,Sant Martí,66,el Parc i la Llacuna del Poblenou,Sancho de Ávila,Divendres,2021,1,Gener,15,10,Matí,No és causa del  vianant,0,0,1,1,2,2,41,2021-01-15,Friday,Laborable,Manana (06-12h),1,Grave,TRUE
2.021e+229,10,Sant Martí,66,el Parc i la Llacuna del Poblenou,Meridiana,Divendres,2021,1,Gener,15,8,Matí,No és causa del  vianant,0,2,0,2,1,2,41,2021-01-15,Friday,Laborable,Manana (06-12h),2,Leve,TRUE
2.021e+144,10,Sant Martí,69,Diagonal Mar i el Front Marítim del Poblenou,Taulat,Dilluns,2021,1,Gener,11,11,Matí,No és causa del  vianant,0,1,0,1,2,2,41,2021-01-11,Monday,Laborable,Manana (06-12h),1,Leve,TRUE
2.021e+24,1,Ciutat Vella,4,"Sant Pere, Santa Caterina i la Ribera",Pujades,Dissabte,2021,1,Gener,2,18,Tarda,No és causa del  vianant,0,1,0,1,1,2,41,2021-01-02,Saturday,Fin de semana,Noche (18-24h),1,Leve,TRUE
2.021e+73,2,Eixample,10,Sant Antoni,Calàbria,Dimarts,2021,1,Gener,5,16,Tarda,Desobeir el senyal del semàfor,0,2,0,2,1,2,41,2021-01-05,Tuesday,Laborable,Tarde (12-18h),2,Leve,TRUE
2.021e+300,1,Ciutat Vella,4,"Sant Pere, Santa Caterina i la Ribera",Francesc Cambó,Dimarts,2021,1,Gener,19,23,Nit,No és causa del  vianant,0,1,0,1,2,2,41,2021-01-19,Tuesday,Laborable,Noche (18-24h),1,Leve,TRUE
2.021e+243,2,Eixample,6,la Sagrada Família,Padilla,Divendres,2021,1,Gener,15,21,Tarda,No és causa del  vianant,0,1,0,1,2,2,41,2021-01-15,Friday,Laborable,Noche (18-24h),1,Leve,TRUE
2.021e+113,2,Eixample,7,la Dreta de l'Eixample,Corts Catalanes,Divendres,2021,1,Gener,8,16,Tarda,No és causa del  vianant,0,1,0,1,2,2,41,2021-01-08,Friday,Laborable,Tarde (12-18h),1,Leve,TRUE
2.021e+277,2,Eixample,5,el Fort Pienc,Marina,Dilluns,2021,1,Gener,18,16,Tarda,No és causa del  vianant,0,2,0,2,2,2,41,2021-01-18,Monday,Laborable,Tarde (12-18h),2,Leve,TRUE
2.021e+246,2,Eixample,7,la Dreta de l'Eixample,Aragó,Dissabte,2021,1,Gener,16,11,Matí,No és causa del  vianant,0,1,0,1,2,2,41,2021-01-16,Saturday,Fin de semana,Manana (06-12h),1,Leve,TRUE
2.021e+298,2,Eixample,6,la Sagrada Família,Còrsega,Dimarts,2021,1,Gener,19,19,Tarda,No és causa del  vianant,0,1,0,1,2,2,41,2021-01-19,Tuesday,Laborable,Noche (18-24h),1,Leve,TRUE
2.021e+185,3,Sants-Montjuïc,11,el Poble-sec,Ocellets,Dimecres,2021,1,Gener,13,11,Matí,Altres,0,1,0,1,1,2,41,2021-01-13,Wednesday,Laborable,Manana (06-12h),1,Leve,TRUE
2.021e+46,3,Sants-Montjuïc,12,la Marina del Prat Vermell,Transversal 11,Dilluns,2021,1,Gener,4,11,Matí,No és causa del  vianant,0,1,0,1,2,2,41,2021-01-04,Monday,Laborable,Manana (06-12h),1,Leve,TRUE
2.021e+293,3,Sants-Montjuïc,18,Sants,Miquel Àngel,Dimarts,2021,1,Gener,19,17,Tarda,No és causa del  vianant,0,2,0,2,2,2,41,2021-01-19,Tuesday,Laborable,Tarde (12-18h),2,Leve,TRUE
2.021e+89,3,Sants-Montjuïc,16,la Bordeta,Constitució,Dijous,2021,1,Gener,7,18,Tarda,No és causa del  vianant,0,1,0,1,1,2,41,2021-01-07,Thursday,Laborable,Noche (18-24h),1,Leve,TRUE
2.021e+236,4,Les Corts,20,la Maternitat i Sant Ramon,Diagonal,Divendres,2021,1,Gener,15,15,Tarda,No és causa del  vianant,0,1,0,1,2,2,41,2021-01-15,Friday,Laborable,Tarde (12-18h),1,Leve,TRUE
2.021e+134,4,Les Corts,19,les Corts,Madrid,Diumenge,2021,1,Gener,10,9,Matí,No és causa del  vianant,0,1,0,1,2,2,41,2021-01-10,Sunday,Fin de semana,Manana (06-12h),1,Leve,TRUE
2.021e+41,4,Les Corts,19,les Corts,Reina Maria Cristina,Diumenge,2021,1,Gener,3,19,Tarda,Desobeir el senyal del semàfor,0,1,0,1,1,2,41,2021-01-03,Sunday,Fin de semana,Noche (18-24h),1,Leve,TRUE
2.021e+242,4,Les Corts,21,Pedralbes,Panamà,Divendres,2021,1,Gener,15,16,Tarda,No és causa del  vianant,0,0,0,0,2,2,41,2021-01-15,Friday,Laborable,Tarde (12-18h),0,Leve,FALSE
2.021e+135,5,Sarrià-Sant Gervasi,26,Sant Gervasi - Galvany,Mig (Ascendent),Diumenge,2021,1,Gener,10,11,Matí,No és causa del  vianant,0,1,0,1,2,2,41,2021-01-10,Sunday,Fin de semana,Manana (06-12h),1,Leve,TRUE
2.021e+220,5,Sarrià-Sant Gervasi,26,Sant Gervasi - Galvany,Augusta,Divendres,2021,1,Gener,15,9,Matí,No és causa del  vianant,0,0,1,1,3,2,41,2021-01-15,Friday,Laborable,Manana (06-12h),1,Grave,TRUE
2.021e+68,5,Sarrià-Sant Gervasi,24,les Tres Torres,Àngel Guimerà,Dimarts,2021,1,Gener,5,14,Tarda,No és causa del  vianant,0,1,0,1,2,2,41,2021-01-05,Tuesday,Laborable,Tarde (12-18h),1,Leve,TRUE
2.021e+204,6,Gràcia,30,la Salut,Dalt,Dijous,2021,1,Gener,14,8,Matí,No és causa del  vianant,0,0,0,0,1,2,41,2021-01-14,Thursday,Laborable,Manana (06-12h),0,Leve,FALSE
2.021e+184,6,Gràcia,29,el Coll,Móra d'Ebre,Dimecres,2021,1,Gener,13,9,Matí,No és causa del  vianant,0,1,0,1,2,2,41,2021-01-13,Wednesday,Laborable,Manana (06-12h),1,Leve,TRUE
2.021e+115,7,Horta-Guinardó,41,la Vall d'Hebron,Dalt (Llobregat),Divendres,2021,1,Gener,8,18,Tarda,No és causa del  vianant,0,1,0,1,2,2,41,2021-01-08,Friday,Laborable,Noche (18-24h),1,Leve,TRUE
2.021e+280,7,Horta-Guinardó,33,el Baix Guinardó,Guinardó,Dimarts,2021,1,Gener,19,8,Matí,No és causa del  vianant,0,1,0,1,1,2,41,2021-01-19,Tuesday,Laborable,Manana (06-12h),1,Leve,TRUE
2.021e+50,7,Horta-Guinardó,35,el Guinardó,Volart,Dilluns,2021,1,Gener,4,13,Matí,No és causa del  vianant,0,1,0,1,2,2,41,2021-01-04,Monday,Laborable,Tarde (12-18h),1,Leve,TRUE
2.021e+56,8,Nou Barris,55,Ciutat Meridiana,Vallcivera,Dilluns,2021,1,Gener,4,15,Tarda,Altres,0,1,0,1,1,2,41,2021-01-04,Monday,Laborable,Tarde (12-18h),1,Leve,TRUE
2.021e+69,8,Nou Barris,51,Verdun,Artesania,Dimarts,2021,1,Gener,5,17,Tarda,No és causa del  vianant,0,1,0,1,2,2,41,2021-01-05,Tuesday,Laborable,Tarde (12-18h),1,Leve,TRUE
2.021e+52,8,Nou Barris,52,la Prosperitat,Flor de Neu,Dilluns,2021,1,Gener,4,14,Tarda,Altres,0,1,0,1,1,2,41,2021-01-04,Monday,Laborable,Tarde (12-18h),1,Leve,TRUE
2.021e+27,9,Sant Andreu,60,Sant Andreu,Irlanda,Dissabte,2021,1,Gener,2,20,Tarda,No és causa del  vianant,0,1,0,1,2,2,41,2021-01-02,Saturday,Fin de semana,Noche (18-24h),1,Leve,TRUE
2.021e+292,9,Sant Andreu,59,el Bon Pastor,Caracas,Dimarts,2021,1,Gener,19,13,Matí,No és causa del  vianant,0,1,0,1,2,2,41,2021-01-19,Tuesday,Laborable,Tarde (12-18h),1,Leve,TRUE
2.021e+183,10,Sant Martí,71,Provençals del Poblenou,C-31,Dimecres,2021,1,Gener,13,8,Matí,No és causa del  vianant,0,1,0,1,2,2,41,2021-01-13,Wednesday,Laborable,Manana (06-12h),1,Leve,TRUE
2.021e+47,10,Sant Martí,68,el Poblenou,Tànger,Dilluns,2021,1,Gener,4,11,Matí,No és causa del  vianant,0,1,0,1,2,2,41,2021-01-04,Monday,Laborable,Manana (06-12h),1,Leve,TRUE
2.021e+211,1,Ciutat Vella,1,el Raval,Litoral (Llobregat),Dijous,2021,1,Gener,14,13,Matí,No és causa del  vianant,0,1,0,1,2,2,41,2021-01-14,Thursday,Laborable,Tarde (12-18h),1,Leve,TRUE
2.021e+34,1,Ciutat Vella,3,la Barceloneta,Marítim de la Barceloneta,Diumenge,2021,1,Gener,3,14,Tarda,No és causa del  vianant,0,1,0,1,2,2,41,2021-01-03,Sunday,Fin de semana,Tarde (12-18h),1,Leve,TRUE
2.021e+43,2,Eixample,9,la Nova Esquerra de l'Eixample,Comte Borrell,Diumenge,2021,1,Gener,3,20,Tarda,No és causa del  vianant,0,1,0,1,2,2,41,2021-01-03,Sunday,Fin de semana,Noche (18-24h),1,Leve,TRUE
2.021e+213,2,Eixample,8,l'Antiga Esquerra de l'Eixample,Casanova,Dijous,2021,1,Gener,14,18,Tarda,No és causa del  vianant,0,1,0,1,2,2,41,2021-01-14,Thursday,Laborable,Noche (18-24h),1,Leve,TRUE
2.021e+17,2,Eixample,8,l'Antiga Esquerra de l'Eixample,Corts Catalanes,Dissabte,2021,1,Gener,2,14,Tarda,No és causa del  vianant,0,1,0,1,2,2,41,2021-01-02,Saturday,Fin de semana,Tarde (12-18h),1,Leve,TRUE
2.021e+264,2,Eixample,8,l'Antiga Esquerra de l'Eixample,Diputació,Diumenge,2021,1,Gener,17,19,Tarda,No és causa del  vianant,0,1,0,1,2,2,41,2021-01-17,Sunday,Fin de semana,Noche (18-24h),1,Leve,TRUE
2.021e+258,2,Eixample,8,l'Antiga Esquerra de l'Eixample,Corts Catalanes,Dissabte,2021,1,Gener,16,14,Tarda,No és causa del  vianant,0,1,0,1,2,2,41,2021-01-16,Saturday,Fin de semana,Tarde (12-18h),1,Leve,TRUE
2.021e+15,2,Eixample,7,la Dreta de l'Eixample,Corts Catalanes,Dissabte,2021,1,Gener,2,13,Matí,No és causa del  vianant,0,1,0,1,2,2,41,2021-01-02,Saturday,Fin de semana,Tarde (12-18h),1,Leve,TRUE
2.021e+294,2,Eixample,7,la Dreta de l'Eixample,Urquinaona,Dimarts,2021,1,Gener,19,14,Tarda,No és causa del  vianant,0,1,0,1,2,2,41,2021-01-19,Tuesday,Laborable,Tarde (12-18h),1,Leve,TRUE
2.021e+84,2,Eixample,5,el Fort Pienc,Casp,Dijous,2021,1,Gener,7,10,Matí,No és causa del  vianant,0,1,0,1,2,2,41,2021-01-07,Thursday,Laborable,Manana (06-12h),1,Leve,TRUE
2.021e+163,3,Sants-Montjuïc,12,la Marina del Prat Vermell,Litoral (Llobregat),Dimarts,2021,1,Gener,12,8,Matí,No és causa del  vianant,0,1,0,1,2,2,41,2021-01-12,Tuesday,Laborable,Manana (06-12h),1,Leve,TRUE
2.021e+123,3,Sants-Montjuïc,12,la Marina del Prat Vermell,Número 4 Zona Franca,Divendres,2021,1,Gener,8,22,Nit,No és causa del  vianant,0,1,0,1,2,2,41,2021-01-08,Friday,Laborable,Noche (18-24h),1,Leve,TRUE
2.021e+235,3,Sants-Montjuïc,13,la Marina de Port,Zona Franca,Divendres,2021,1,Gener,15,11,Matí,No és causa del  vianant,0,1,0,1,3,2,41,2021-01-15,Friday,Laborable,Manana (06-12h),1,Leve,TRUE
2.021e+76,3,Sants-Montjuïc,15,Hostafrancs,Creu Coberta,Dimecres,2021,1,Gener,6,9,Matí,No és causa del  vianant,0,2,0,2,1,2,41,2021-01-06,Wednesday,Laborable,Manana (06-12h),2,Leve,TRUE
2.021e+190,4,Les Corts,19,les Corts,Comtes de Bell-lloc,Dimecres,2021,1,Gener,13,14,Tarda,No és causa del  vianant,0,2,0,2,1,2,41,2021-01-13,Wednesday,Laborable,Tarde (12-18h),2,Leve,TRUE
2.021e+54,4,Les Corts,20,la Maternitat i Sant Ramon,Mig (Descendent),Dilluns,2021,1,Gener,4,17,Tarda,No és causa del  vianant,0,1,1,2,2,2,41,2021-01-04,Monday,Laborable,Tarde (12-18h),2,Grave,TRUE
2.021e+265,5,Sarrià-Sant Gervasi,26,Sant Gervasi - Galvany,Prats de Molló,Diumenge,2021,1,Gener,17,22,Nit,No és causa del  vianant,0,1,0,1,3,2,41,2021-01-17,Sunday,Fin de semana,Noche (18-24h),1,Leve,TRUE
2.021e+237,5,Sarrià-Sant Gervasi,26,Sant Gervasi - Galvany,Aribau,Divendres,2021,1,Gener,15,16,Tarda,No és causa del  vianant,0,1,0,1,2,2,41,2021-01-15,Friday,Laborable,Tarde (12-18h),1,Leve,TRUE
2.021e+11,5,Sarrià-Sant Gervasi,26,Sant Gervasi - Galvany,Muntaner,Dissabte,2021,1,Gener,2,11,Matí,No és causa del  vianant,0,1,0,1,2,2,41,2021-01-02,Saturday,Fin de semana,Manana (06-12h),1,Leve,TRUE
2.021e+305,5,Sarrià-Sant Gervasi,24,les Tres Torres,General Mitre,Dimecres,2021,1,Gener,20,8,Matí,No és causa del  vianant,0,1,0,1,2,2,41,2021-01-20,Wednesday,Laborable,Manana (06-12h),1,Leve,TRUE
2.021e+137,5,Sarrià-Sant Gervasi,23,Sarrià,Riu de l'Or,Diumenge,2021,1,Gener,10,16,Tarda,No és causa del  vianant,0,1,0,1,2,2,41,2021-01-10,Sunday,Fin de semana,Tarde (12-18h),1,Leve,TRUE
2.021e+104,5,Sarrià-Sant Gervasi,25,Sant Gervasi - la Bonanova,Ciutat de Balaguer,Divendres,2021,1,Gener,8,11,Matí,No és causa del  vianant,0,0,0,0,1,2,41,2021-01-08,Friday,Laborable,Manana (06-12h),0,Leve,FALSE
2.021e+38,5,Sarrià-Sant Gervasi,25,Sant Gervasi - la Bonanova,Gaziel,Diumenge,2021,1,Gener,3,18,Tarda,No és causa del  vianant,0,0,0,0,1,2,41,2021-01-03,Sunday,Fin de semana,Noche (18-24h),0,Leve,FALSE
2.021e+39,5,Sarrià-Sant Gervasi,25,Sant Gervasi - la Bonanova,Balmes,Diumenge,2021,1,Gener,3,17,Tarda,No és causa del  vianant,0,1,0,1,2,2,41,2021-01-03,Sunday,Fin de semana,Tarde (12-18h),1,Leve,TRUE
2.021e+138,5,Sarrià-Sant Gervasi,27,el Putxet i el Farró,Homer,Diumenge,2021,1,Gener,10,19,Tarda,No és causa del  vianant,0,1,0,1,2,2,41,2021-01-10,Sunday,Fin de semana,Noche (18-24h),1,Leve,TRUE
2.021e+203,6,Gràcia,30,la Salut,Dalt,Dijous,2021,1,Gener,14,8,Matí,No és causa del  vianant,0,0,0,0,1,2,41,2021-01-14,Thursday,Laborable,Manana (06-12h),0,Leve,FALSE
2.021e+55,6,Gràcia,31,la Vila de Gràcia,Còrsega,Dilluns,2021,1,Gener,4,16,Tarda,No és causa del  vianant,0,1,0,1,2,2,41,2021-01-04,Monday,Laborable,Tarde (12-18h),1,Leve,TRUE
2.021e+155,6,Gràcia,31,la Vila de Gràcia,Verdi,Dilluns,2021,1,Gener,11,18,Tarda,No és causa del  vianant,0,1,0,1,2,2,41,2021-01-11,Monday,Laborable,Noche (18-24h),1,Leve,TRUE
2.021e+285,7,Horta-Guinardó,39,Sant Genís dels Agudells,Sant Cugat,Dimarts,2021,1,Gener,19,12,Matí,No és causa del  vianant,0,2,0,2,1,2,41,2021-01-19,Tuesday,Laborable,Tarde (12-18h),2,Leve,TRUE
2.021e+49,7,Horta-Guinardó,40,Montbau,Dalt (Besòs),Dilluns,2021,1,Gener,4,12,Matí,No és causa del  vianant,0,1,0,1,1,2,41,2021-01-04,Monday,Laborable,Tarde (12-18h),1,Leve,TRUE
2.021e+192,7,Horta-Guinardó,35,el Guinardó,Maragall,Dimecres,2021,1,Gener,13,15,Tarda,No és causa del  vianant,0,2,0,2,3,2,41,2021-01-13,Wednesday,Laborable,Tarde (12-18h),2,Leve,TRUE
2.021e+248,8,Nou Barris,49,Canyelles,Favència,Dissabte,2021,1,Gener,16,14,Tarda,No és causa del  vianant,0,1,0,1,2,2,41,2021-01-16,Saturday,Fin de semana,Tarde (12-18h),1,Leve,TRUE
2.021e+288,8,Nou Barris,48,la Guineueta,Valldaura,Dimarts,2021,1,Gener,19,10,Matí,No és causa del  vianant,0,1,0,1,1,2,41,2021-01-19,Tuesday,Laborable,Manana (06-12h),1,Leve,TRUE
2.021e+116,8,Nou Barris,53,la Trinitat Nova,Aiguablava,Divendres,2021,1,Gener,8,15,Tarda,No és causa del  vianant,0,0,1,1,1,2,41,2021-01-08,Friday,Laborable,Tarde (12-18h),1,Grave,TRUE
2.021e+234,9,Sant Andreu,60,Sant Andreu,Onze de Setembre,Divendres,2021,1,Gener,15,13,Matí,No és causa del  vianant,0,1,0,1,2,2,41,2021-01-15,Friday,Laborable,Tarde (12-18h),1,Leve,TRUE
2.021e+26,9,Sant Andreu,57,la Trinitat Vella,Dalt (Llobregat),Dissabte,2021,1,Gener,2,21,Tarda,No és causa del  vianant,0,1,0,1,1,2,41,2021-01-02,Saturday,Fin de semana,Noche (18-24h),1,Leve,TRUE
2.021e+215,9,Sant Andreu,63,Navas,Meridiana,Dijous,2021,1,Gener,14,18,Tarda,No és causa del  vianant,0,2,0,2,2,2,41,2021-01-14,Thursday,Laborable,Noche (18-24h),2,Leve,TRUE
2.021e+42,NA,NA,NA,NA,NA,Diumenge,2021,1,Gener,3,20,Tarda,No és causa del  vianant,0,1,0,1,1,NA,NA,2021-01-03,Sunday,Fin de semana,Noche (18-24h),1,Leve,TRUE
2.021e+206,10,Sant Martí,64,el Camp de l'Arpa del Clot,Aragó,Dijous,2021,1,Gener,14,10,Matí,No és causa del  vianant,0,1,0,1,2,2,41,2021-01-14,Thursday,Laborable,Manana (06-12h),1,Leve,TRUE
2.021e+278,10,Sant Martí,72,Sant Martí de Provençals,Bac de Roda,Dilluns,2021,1,Gener,18,22,Nit,No és causa del  vianant,0,2,0,2,2,2,41,2021-01-18,Monday,Laborable,Noche (18-24h),2,Leve,TRUE
2.021e+99,10,Sant Martí,65,el Clot,València,Dijous,2021,1,Gener,7,21,Tarda,No és causa del  vianant,0,1,0,1,2,2,41,2021-01-07,Thursday,Laborable,Noche (18-24h),1,Leve,TRUE
2.021e+216,10,Sant Martí,73,la Verneda i la Pau,Prim,Dijous,2021,1,Gener,14,18,Tarda,No és causa del  vianant,0,1,0,1,2,2,41,2021-01-14,Thursday,Laborable,Noche (18-24h),1,Leve,TRUE
2.021e+259,10,Sant Martí,71,Provençals del Poblenou,Perú,Dissabte,2021,1,Gener,16,17,Tarda,No és causa del  vianant,0,1,0,1,2,2,41,2021-01-16,Saturday,Fin de semana,Tarde (12-18h),1,Leve,TRUE
2.021e+103,10,Sant Martí,68,el Poblenou,Bilbao,Divendres,2021,1,Gener,8,10,Matí,No és causa del  vianant,0,1,0,1,2,2,41,2021-01-08,Friday,Laborable,Manana (06-12h),1,Leve,TRUE
2.021e+224,1,Ciutat Vella,1,el Raval,Portal de la Pau,Divendres,2021,1,Gener,15,5,Nit,No és causa del  vianant,0,1,0,1,1,2,41,2021-01-15,Friday,Laborable,Madrugada (00-06h),1,Leve,TRUE
2.021e+176,1,Ciutat Vella,2,el Barri Gòtic,Catalunya,Dimarts,2021,1,Gener,12,10,Matí,No és causa del  vianant,0,0,0,0,1,2,41,2021-01-12,Tuesday,Laborable,Manana (06-12h),0,Leve,FALSE
2.021e+101,1,Ciutat Vella,2,el Barri Gòtic,Laietana,Divendres,2021,1,Gener,8,11,Matí,No és causa del  vianant,0,1,0,1,2,2,41,2021-01-08,Friday,Laborable,Manana (06-12h),1,Leve,TRUE
2.021e+118,1,Ciutat Vella,3,la Barceloneta,Litoral,Divendres,2021,1,Gener,8,19,Tarda,No és causa del  vianant,0,2,0,2,2,2,41,2021-01-08,Friday,Laborable,Noche (18-24h),2,Leve,TRUE
2.021e+28,2,Eixample,9,la Nova Esquerra de l'Eixample,Diputació,Diumenge,2021,1,Gener,3,11,Matí,No és causa del  vianant,0,1,0,1,3,2,41,2021-01-03,Sunday,Fin de semana,Manana (06-12h),1,Leve,TRUE
2.021e+159,2,Eixample,10,Sant Antoni,Parlament,Dilluns,2021,1,Gener,11,19,Tarda,No és causa del  vianant,0,1,0,1,1,2,41,2021-01-11,Monday,Laborable,Noche (18-24h),1,Leve,TRUE
2.021e+269,2,Eixample,7,la Dreta de l'Eixample,Còrsega,Dilluns,2021,1,Gener,18,11,Matí,Creuar per fora pas de vianants,0,3,0,3,1,2,41,2021-01-18,Monday,Laborable,Manana (06-12h),3,Leve,TRUE
2.021e+257,2,Eixample,8,l'Antiga Esquerra de l'Eixample,Casanova,Dissabte,2021,1,Gener,16,19,Tarda,No és causa del  vianant,0,0,0,0,2,2,41,2021-01-16,Saturday,Fin de semana,Noche (18-24h),0,Leve,FALSE
2.021e+40,2,Eixample,8,l'Antiga Esquerra de l'Eixample,Diputació,Diumenge,2021,1,Gener,3,17,Tarda,No és causa del  vianant,0,1,0,1,2,2,41,2021-01-03,Sunday,Fin de semana,Tarde (12-18h),1,Leve,TRUE
2.021e+19,2,Eixample,8,l'Antiga Esquerra de l'Eixample,Consell de Cent,Dissabte,2021,1,Gener,2,15,Tarda,No és causa del  vianant,0,1,0,1,2,2,41,2021-01-02,Saturday,Fin de semana,Tarde (12-18h),1,Leve,TRUE
2.021e+141,2,Eixample,6,la Sagrada Família,Padilla,Dilluns,2021,1,Gener,11,7,Matí,No és causa del  vianant,0,1,0,1,3,2,41,2021-01-11,Monday,Laborable,Manana (06-12h),1,Leve,TRUE
2.021e+127,2,Eixample,6,la Sagrada Família,Cartagena,Dissabte,2021,1,Gener,9,13,Matí,No és causa del  vianant,0,1,0,1,2,2,41,2021-01-09,Saturday,Fin de semana,Tarde (12-18h),1,Leve,TRUE
2.021e+228,2,Eixample,7,la Dreta de l'Eixample,Diagonal,Divendres,2021,1,Gener,15,10,Matí,No és causa del  vianant,0,3,0,3,3,2,41,2021-01-15,Friday,Laborable,Manana (06-12h),3,Leve,TRUE
2.021e+188,2,Eixample,6,la Sagrada Família,València,Dimecres,2021,1,Gener,13,13,Matí,Creuar per fora pas de vianants,0,1,0,1,1,2,41,2021-01-13,Wednesday,Laborable,Tarde (12-18h),1,Leve,TRUE
2.021e+58,2,Eixample,6,la Sagrada Família,Consell de Cent,Dimarts,2021,1,Gener,5,10,Matí,No és causa del  vianant,0,1,0,1,2,2,41,2021-01-05,Tuesday,Laborable,Manana (06-12h),1,Leve,TRUE
2.021e+98,3,Sants-Montjuïc,12,la Marina del Prat Vermell,Longitudinal 5,Divendres,2021,1,Gener,8,9,Matí,No és causa del  vianant,0,1,0,1,2,2,41,2021-01-08,Friday,Laborable,Manana (06-12h),1,Leve,TRUE
2.021e+13,3,Sants-Montjuïc,15,Hostafrancs,Corts Catalanes,Dissabte,2021,1,Gener,2,11,Matí,No és causa del  vianant,0,1,0,1,2,2,41,2021-01-02,Saturday,Fin de semana,Manana (06-12h),1,Leve,TRUE
2.021e+289,3,Sants-Montjuïc,14,la Font de la Guatlla,Indíbil,Dimarts,2021,1,Gener,19,12,Matí,No és causa del  vianant,0,2,0,2,2,2,41,2021-01-19,Tuesday,Laborable,Tarde (12-18h),2,Leve,TRUE
2.021e+51,3,Sants-Montjuïc,15,Hostafrancs,Tarragona,Dilluns,2021,1,Gener,4,14,Tarda,No és causa del  vianant,0,1,0,1,2,2,41,2021-01-04,Monday,Laborable,Tarde (12-18h),1,Leve,TRUE
2.021e+80,3,Sants-Montjuïc,18,Sants,Galileu,Dimecres,2021,1,Gener,6,22,Nit,Altres,0,1,0,1,1,2,41,2021-01-06,Wednesday,Laborable,Noche (18-24h),1,Leve,TRUE
2.021e+117,3,Sants-Montjuïc,18,Sants,Galileu,Divendres,2021,1,Gener,8,21,Tarda,No és causa del  vianant,0,1,0,1,3,2,41,2021-01-08,Friday,Laborable,Noche (18-24h),1,Leve,TRUE
2.021e+14,4,Les Corts,19,les Corts,Nicaragua,Dissabte,2021,1,Gener,2,13,Matí,No és causa del  vianant,0,0,0,0,1,2,41,2021-01-02,Saturday,Fin de semana,Tarde (12-18h),0,Leve,FALSE
2.021e+119,4,Les Corts,19,les Corts,Joan Güell,Divendres,2021,1,Gener,8,20,Tarda,Altres,0,1,0,1,1,2,41,2021-01-08,Friday,Laborable,Noche (18-24h),1,Leve,TRUE
2.021e+274,4,Les Corts,19,les Corts,Taquígraf Serra,Dilluns,2021,1,Gener,18,14,Tarda,No és causa del  vianant,0,1,0,1,2,2,41,2021-01-18,Monday,Laborable,Tarde (12-18h),1,Leve,TRUE
2.021e+153,4,Les Corts,19,les Corts,Corts,Dilluns,2021,1,Gener,11,16,Tarda,No és causa del  vianant,0,1,0,1,2,2,41,2021-01-11,Monday,Laborable,Tarde (12-18h),1,Leve,TRUE
2.021e+129,4,Les Corts,21,Pedralbes,Dalt (Besòs),Dissabte,2021,1,Gener,9,14,Tarda,No és causa del  vianant,0,1,0,1,3,2,41,2021-01-09,Saturday,Fin de semana,Tarde (12-18h),1,Leve,TRUE
2.021e+82,4,Les Corts,21,Pedralbes,Dalt (Besòs),Dijous,2021,1,Gener,7,7,Matí,No és causa del  vianant,0,1,0,1,2,2,41,2021-01-07,Thursday,Laborable,Manana (06-12h),1,Leve,TRUE
2.021e+131,5,Sarrià-Sant Gervasi,26,Sant Gervasi - Galvany,Ganduxer,Dissabte,2021,1,Gener,9,18,Tarda,No és causa del  vianant,0,1,0,1,2,2,41,2021-01-09,Saturday,Fin de semana,Noche (18-24h),1,Leve,TRUE
2.021e+291,5,Sarrià-Sant Gervasi,26,Sant Gervasi - Galvany,Balmes,Dimarts,2021,1,Gener,19,10,Matí,No és causa del  vianant,0,1,0,1,3,2,41,2021-01-19,Tuesday,Laborable,Manana (06-12h),1,Leve,TRUE
2.021e+238,5,Sarrià-Sant Gervasi,26,Sant Gervasi - Galvany,Balmes,Divendres,2021,1,Gener,15,17,Tarda,No és causa del  vianant,0,0,0,0,2,2,41,2021-01-15,Friday,Laborable,Tarde (12-18h),0,Leve,FALSE
2.021e+186,5,Sarrià-Sant Gervasi,26,Sant Gervasi - Galvany,Santaló,Dimecres,2021,1,Gener,13,10,Matí,No és causa del  vianant,0,1,0,1,2,2,41,2021-01-13,Wednesday,Laborable,Manana (06-12h),1,Leve,TRUE
2.021e+160,5,Sarrià-Sant Gervasi,23,Sarrià,Sarrià a Vallvidrera,Dilluns,2021,1,Gener,11,20,Tarda,No és causa del  vianant,0,1,0,1,2,2,41,2021-01-11,Monday,Laborable,Noche (18-24h),1,Leve,TRUE
2.021e+114,5,Sarrià-Sant Gervasi,25,Sant Gervasi - la Bonanova,General Mitre,Divendres,2021,1,Gener,8,15,Tarda,No és causa del  vianant,0,1,0,1,2,2,41,2021-01-08,Friday,Laborable,Tarde (12-18h),1,Leve,TRUE
2.021e+297,6,Gràcia,28,Vallcarca i els Penitents,Anna Piferrer,Dimarts,2021,1,Gener,19,18,Tarda,No és causa del  vianant,0,1,0,1,2,2,41,2021-01-19,Tuesday,Laborable,Noche (18-24h),1,Leve,TRUE
2.021e+125,6,Gràcia,31,la Vila de Gràcia,Gran de Gràcia,Divendres,2021,1,Gener,8,21,Tarda,No és causa del  vianant,0,1,0,1,3,2,41,2021-01-08,Friday,Laborable,Noche (18-24h),1,Leve,TRUE
2.021e+91,7,Horta-Guinardó,36,la Font d'en Fargues,Maragall,Dijous,2021,1,Gener,7,19,Tarda,No és causa del  vianant,0,1,0,1,2,2,41,2021-01-07,Thursday,Laborable,Noche (18-24h),1,Leve,TRUE
2.021e+251,7,Horta-Guinardó,40,Montbau,Vall d'Hebron,Dissabte,2021,1,Gener,16,15,Tarda,No és causa del  vianant,0,0,0,0,1,2,41,2021-01-16,Saturday,Fin de semana,Tarde (12-18h),0,Leve,FALSE
2.021e+299,8,Nou Barris,50,les Roquetes,Alcántara,Dimarts,2021,1,Gener,19,21,Tarda,No és causa del  vianant,0,1,0,1,1,2,41,2021-01-19,Tuesday,Laborable,Noche (18-24h),1,Leve,TRUE
2.021e+167,9,Sant Andreu,63,Navas,Maragall,Dimarts,2021,1,Gener,12,12,Matí,No és causa del  vianant,0,1,0,1,2,2,41,2021-01-12,Tuesday,Laborable,Tarde (12-18h),1,Leve,TRUE
2.021e+173,9,Sant Andreu,62,el Congrés i els Indians,Campo Florido,Dimarts,2021,1,Gener,12,11,Matí,No és causa del  vianant,0,1,0,1,2,2,41,2021-01-12,Tuesday,Laborable,Manana (06-12h),1,Leve,TRUE
2.021e+121,9,Sant Andreu,60,Sant Andreu,Palmeres,Divendres,2021,1,Gener,8,18,Tarda,No és causa del  vianant,0,2,0,2,2,2,41,2021-01-08,Friday,Laborable,Noche (18-24h),2,Leve,TRUE
2.021e+97,9,Sant Andreu,59,el Bon Pastor,Litoral (Llobregat),Divendres,2021,1,Gener,8,8,Matí,No és causa del  vianant,0,1,0,1,2,2,41,2021-01-08,Friday,Laborable,Manana (06-12h),1,Leve,TRUE
2.022e+180,10,Sant Martí,64,el Camp de l'Arpa del Clot,Provença / Dos de Maig,Dijous,2022,1,Gener,13,12,Matí,No és causa del  vianant,0,1,0,1,2,2,41,2022-01-13,Thursday,Laborable,Tarde (12-18h),1,Leve,TRUE
2.022e+259,10,Sant Martí,73,la Verneda i la Pau,Prim / Corts Catalanes,Dilluns,2022,1,Gener,17,7,Matí,No és causa del  vianant,0,1,0,1,2,2,41,2022-01-17,Monday,Laborable,Manana (06-12h),1,Leve,TRUE
2.022e+244,10,Sant Martí,73,la Verneda i la Pau,Guipúscoa,Diumenge,2022,1,Gener,16,14,Tarda,No és causa del  vianant,0,1,0,1,2,2,41,2022-01-16,Sunday,Fin de semana,Tarde (12-18h),1,Leve,TRUE
2.022e+155,10,Sant Martí,68,el Poblenou,Litoral (Llobregat),Dimecres,2022,1,Gener,12,6,Matí,No és causa del  vianant,0,1,0,1,2,2,41,2022-01-12,Wednesday,Laborable,Manana (06-12h),1,Leve,TRUE
2.022e+279,10,Sant Martí,71,Provençals del Poblenou,Perú,Dimarts,2022,1,Gener,18,9,Matí,No és causa del  vianant,0,1,0,1,2,2,41,2022-01-18,Tuesday,Laborable,Manana (06-12h),1,Leve,TRUE
2.022e+240,10,Sant Martí,66,el Parc i la Llacuna del Poblenou,Àvila / Sancho de Ávila,Diumenge,2022,1,Gener,16,1,Nit,No és causa del  vianant,0,0,0,0,2,2,41,2022-01-16,Sunday,Fin de semana,Madrugada (00-06h),0,Leve,FALSE
2.022e+198,1,Ciutat Vella,2,el Barri Gòtic,Rambla,Divendres,2022,1,Gener,14,9,Matí,No és causa del  vianant,0,1,0,1,2,2,41,2022-01-14,Friday,Laborable,Manana (06-12h),1,Leve,TRUE
2.022e+114,1,Ciutat Vella,4,"Sant Pere, Santa Caterina i la Ribera",Marquès de l'Argentera,Dissabte,2022,1,Gener,8,20,Tarda,No és causa del  vianant,0,8,0,8,3,2,41,2022-01-08,Saturday,Fin de semana,Noche (18-24h),8,Leve,TRUE
2.022e+92,2,Eixample,10,Sant Antoni,Sepúlveda / Entença,Divendres,2022,1,Gener,7,15,Tarda,No és causa del  vianant,0,2,0,2,2,2,41,2022-01-07,Friday,Laborable,Tarde (12-18h),2,Leve,TRUE
2.022e+287,2,Eixample,10,Sant Antoni,Paral·lel,Dimarts,2022,1,Gener,18,13,Matí,No és causa del  vianant,0,1,0,1,2,2,41,2022-01-18,Tuesday,Laborable,Tarde (12-18h),1,Leve,TRUE
2.022e+195,2,Eixample,9,la Nova Esquerra de l'Eixample,Corts Catalanes,Divendres,2022,1,Gener,14,11,Matí,No és causa del  vianant,0,1,0,1,2,2,41,2022-01-14,Friday,Laborable,Manana (06-12h),1,Leve,TRUE
2.022e+108,2,Eixample,7,la Dreta de l'Eixample,Bailèn / Rosselló,Dissabte,2022,1,Gener,8,13,Matí,No és causa del  vianant,0,1,0,1,2,2,41,2022-01-08,Saturday,Fin de semana,Tarde (12-18h),1,Leve,TRUE
2.022e+11,2,Eixample,7,la Dreta de l'Eixample,Bailèn / Alí Bei,Dilluns,2022,1,Gener,17,13,Matí,No és causa del  vianant,0,1,0,1,2,2,41,2022-01-17,Monday,Laborable,Tarde (12-18h),1,Leve,TRUE
2.022e+190,2,Eixample,7,la Dreta de l'Eixample,Aragó / Bruc,Dijous,2022,1,Gener,13,20,Tarda,No és causa del  vianant,0,1,0,1,2,2,41,2022-01-13,Thursday,Laborable,Noche (18-24h),1,Leve,TRUE
2.022e+162,3,Sants-Montjuïc,11,el Poble-sec,B-10 (Besòs),Dimecres,2022,1,Gener,12,14,Tarda,No és causa del  vianant,0,1,0,1,4,2,41,2022-01-12,Wednesday,Laborable,Tarde (12-18h),1,Leve,TRUE
2.022e+109,3,Sants-Montjuïc,11,el Poble-sec,Paral·lel,Dissabte,2022,1,Gener,8,15,Tarda,No és causa del  vianant,0,1,0,1,2,2,41,2022-01-08,Saturday,Fin de semana,Tarde (12-18h),1,Leve,TRUE
2.022e+249,3,Sants-Montjuïc,15,Hostafrancs,Corts Catalanes / Mèxic,Diumenge,2022,1,Gener,16,16,Tarda,No és causa del  vianant,0,1,0,1,2,2,41,2022-01-16,Sunday,Fin de semana,Tarde (12-18h),1,Leve,TRUE
2.022e+46,3,Sants-Montjuïc,18,Sants,Olzinelles,Dimarts,2022,1,Gener,4,17,Tarda,No és causa del  vianant,0,1,0,1,1,2,41,2022-01-04,Tuesday,Laborable,Tarde (12-18h),1,Leve,TRUE
2.022e+145,4,Les Corts,20,la Maternitat i Sant Ramon,Manuel Azaña,Dimarts,2022,1,Gener,11,10,Matí,No és causa del  vianant,0,1,0,1,2,2,41,2022-01-11,Tuesday,Laborable,Manana (06-12h),1,Leve,TRUE
2.022e+256,4,Les Corts,20,la Maternitat i Sant Ramon,Madrid / Carles III,Dilluns,2022,1,Gener,17,0,Nit,No és causa del  vianant,0,0,0,0,1,2,41,2022-01-17,Monday,Laborable,Madrugada (00-06h),0,Leve,FALSE
2.022e+207,4,Les Corts,21,Pedralbes,Dalt (Llobregat),Divendres,2022,1,Gener,14,15,Tarda,No és causa del  vianant,0,1,0,1,2,2,41,2022-01-14,Friday,Laborable,Tarde (12-18h),1,Leve,TRUE
2.022e+133,5,Sarrià-Sant Gervasi,26,Sant Gervasi - Galvany,Alfons XII / Sant Eusebi,Dilluns,2022,1,Gener,10,14,Tarda,No és causa del  vianant,0,1,0,1,2,2,41,2022-01-10,Monday,Laborable,Tarde (12-18h),1,Leve,TRUE
2.022e+44,5,Sarrià-Sant Gervasi,24,les Tres Torres,Bonanova,Dimarts,2022,1,Gener,4,16,Tarda,No és causa del  vianant,0,1,0,1,2,2,41,2022-01-04,Tuesday,Laborable,Tarde (12-18h),1,Leve,TRUE
2.022e+80,5,Sarrià-Sant Gervasi,24,les Tres Torres,General Mitre / Doctor Fleming,Dijous,2022,1,Gener,6,16,Tarda,No és causa del  vianant,0,1,0,1,2,2,41,2022-01-06,Thursday,Laborable,Tarde (12-18h),1,Leve,TRUE
2.022e+292,5,Sarrià-Sant Gervasi,25,Sant Gervasi - la Bonanova,General Mitre / Sant Gervasi de Cassoles,Dimarts,2022,1,Gener,18,16,Tarda,No és causa del  vianant,0,2,0,2,2,2,41,2022-01-18,Tuesday,Laborable,Tarde (12-18h),2,Leve,TRUE
2.022e+192,6,Gràcia,31,la Vila de Gràcia,Providència,Divendres,2022,1,Gener,14,0,Nit,No és causa del  vianant,0,1,0,1,2,2,41,2022-01-14,Friday,Laborable,Madrugada (00-06h),1,Leve,TRUE
2.022e+181,6,Gràcia,32,el Camp d'en Grassot i Gràcia Nova,Sicília / Còrsega,Dijous,2022,1,Gener,13,13,Matí,No és causa del  vianant,0,2,0,2,2,2,41,2022-01-13,Thursday,Laborable,Tarde (12-18h),2,Leve,TRUE
2.022e+18,7,Horta-Guinardó,36,la Font d'en Fargues,Pedrell / Marí,Diumenge,2022,1,Gener,2,20,Tarda,No és causa del  vianant,0,2,0,2,2,2,41,2022-01-02,Sunday,Fin de semana,Noche (18-24h),2,Leve,TRUE
2.022e+81,7,Horta-Guinardó,43,Horta,Estatut de Catalunya / Botticelli,Dijous,2022,1,Gener,6,22,Nit,No és causa del  vianant,0,1,0,1,3,2,41,2022-01-06,Thursday,Laborable,Noche (18-24h),1,Leve,TRUE
2.022e+191,7,Horta-Guinardó,37,el Carmel,Santuari,Dijous,2022,1,Gener,13,22,Nit,No és causa del  vianant,0,1,0,1,3,2,41,2022-01-13,Thursday,Laborable,Noche (18-24h),1,Leve,TRUE
2.022e+218,7,Horta-Guinardó,33,el Baix Guinardó,Lepant,Divendres,2022,1,Gener,14,21,Tarda,No és causa del  vianant,0,1,0,1,3,2,41,2022-01-14,Friday,Laborable,Noche (18-24h),1,Leve,TRUE
2.022e+96,8,Nou Barris,50,les Roquetes,Dalt (Llobregat),Divendres,2022,1,Gener,7,21,Tarda,No és causa del  vianant,0,1,0,1,2,2,41,2022-01-07,Friday,Laborable,Noche (18-24h),1,Leve,TRUE
2.022e+185,8,Nou Barris,44,Vilapicina i la Torre Llobeta,Arnau d'Oms / Jota,Dijous,2022,1,Gener,13,15,Tarda,No és causa del  vianant,0,1,0,1,2,2,41,2022-01-13,Thursday,Laborable,Tarde (12-18h),1,Leve,TRUE
2.022e+57,9,Sant Andreu,61,la Sagrera,Meridiana,Dimecres,2022,1,Gener,5,11,Matí,No és causa del  vianant,0,1,0,1,2,2,41,2022-01-05,Wednesday,Laborable,Manana (06-12h),1,Leve,TRUE
2.022e+228,8,Nou Barris,47,Can Peguera,Fabra i Puig,Divendres,2022,1,Gener,14,10,Matí,No és causa del  vianant,0,1,0,1,2,2,41,2022-01-14,Friday,Laborable,Manana (06-12h),1,Leve,TRUE
2.022e+177,10,Sant Martí,65,el Clot,Corts Catalanes,Dijous,2022,1,Gener,13,11,Matí,No és causa del  vianant,0,2,0,2,2,2,41,2022-01-13,Thursday,Laborable,Manana (06-12h),2,Leve,TRUE
2.022e+203,1,Ciutat Vella,4,"Sant Pere, Santa Caterina i la Ribera",Pujades / Lluís Companys,Divendres,2022,1,Gener,14,14,Tarda,No és causa del  vianant,0,1,0,1,2,2,41,2022-01-14,Friday,Laborable,Tarde (12-18h),1,Leve,TRUE
2.022e+84,1,Ciutat Vella,4,"Sant Pere, Santa Caterina i la Ribera",Palau,Divendres,2022,1,Gener,7,11,Matí,Creuar per fora pas de vianants,0,1,0,1,1,2,41,2022-01-07,Friday,Laborable,Manana (06-12h),1,Leve,TRUE
2.022e+230,2,Eixample,10,Sant Antoni,Villarroel / Sepúlveda,Dissabte,2022,1,Gener,15,15,Tarda,No és causa del  vianant,0,1,0,1,1,2,41,2022-01-15,Saturday,Fin de semana,Tarde (12-18h),1,Leve,TRUE
2.022e+78,2,Eixample,7,la Dreta de l'Eixample,Aragó / Roger de Llúria,Dijous,2022,1,Gener,6,13,Matí,No és causa del  vianant,0,0,0,0,3,2,41,2022-01-06,Thursday,Laborable,Tarde (12-18h),0,Leve,FALSE
2.022e+66,2,Eixample,7,la Dreta de l'Eixample,València / Roger de Flor,Dimecres,2022,1,Gener,5,15,Tarda,No és causa del  vianant,0,1,0,1,2,2,41,2022-01-05,Wednesday,Laborable,Tarde (12-18h),1,Leve,TRUE
202200,2,Eixample,7,la Dreta de l'Eixample,Rosselló / Bailèn,Dissabte,2022,1,Gener,1,1,Nit,No és causa del  vianant,0,1,0,1,2,2,41,2022-01-01,Saturday,Fin de semana,Madrugada (00-06h),1,Leve,TRUE
2.022e+306,2,Eixample,7,la Dreta de l'Eixample,Roger de Flor / Diputació,Dimecres,2022,1,Gener,19,12,Matí,No és causa del  vianant,0,1,0,1,2,2,41,2022-01-19,Wednesday,Laborable,Tarde (12-18h),1,Leve,TRUE
2.022e+305,2,Eixample,8,l'Antiga Esquerra de l'Eixample,Rosselló / Muntaner,Dimecres,2022,1,Gener,19,11,Matí,No és causa del  vianant,0,1,0,1,2,2,41,2022-01-19,Wednesday,Laborable,Manana (06-12h),1,Leve,TRUE
2.022e+90,2,Eixample,7,la Dreta de l'Eixample,Gràcia,Divendres,2022,1,Gener,7,12,Matí,No és causa del  vianant,0,1,0,1,2,2,41,2022-01-07,Friday,Laborable,Tarde (12-18h),1,Leve,TRUE
2.022e+284,2,Eixample,5,el Fort Pienc,Corts Catalanes / Padilla,Dilluns,2022,1,Gener,17,14,Tarda,No és causa del  vianant,0,1,0,1,2,2,41,2022-01-17,Monday,Laborable,Tarde (12-18h),1,Leve,TRUE
2.022e+38,2,Eixample,7,la Dreta de l'Eixample,Universitat / Catalunya,Dilluns,2022,1,Gener,3,19,Tarda,No és causa del  vianant,0,2,0,2,2,2,41,2022-01-03,Monday,Laborable,Noche (18-24h),2,Leve,TRUE
2.022e+246,2,Eixample,5,el Fort Pienc,Diagonal,Diumenge,2022,1,Gener,16,15,Tarda,No és causa del  vianant,0,1,0,1,3,2,41,2022-01-16,Sunday,Fin de semana,Tarde (12-18h),1,Leve,TRUE
2.022e+32,2,Eixample,5,el Fort Pienc,Corts Catalanes / Padilla,Dilluns,2022,1,Gener,3,18,Tarda,No és causa del  vianant,0,1,0,1,2,2,41,2022-01-03,Monday,Laborable,Noche (18-24h),1,Leve,TRUE
2.022e+224,2,Eixample,5,el Fort Pienc,Sant Joan / Sant Pere,Dissabte,2022,1,Gener,15,12,Matí,No és causa del  vianant,0,1,0,1,2,2,41,2022-01-15,Saturday,Fin de semana,Tarde (12-18h),1,Leve,TRUE
2.022e+206,3,Sants-Montjuïc,13,la Marina de Port,Corts Catalanes / Ildefons Cerdà,Divendres,2022,1,Gener,14,14,Tarda,No és causa del  vianant,0,0,0,0,4,2,41,2022-01-14,Friday,Laborable,Tarde (12-18h),0,Leve,FALSE
2.022e+123,3,Sants-Montjuïc,15,Hostafrancs,Tarragona,Diumenge,2022,1,Gener,9,19,Tarda,No és causa del  vianant,0,1,0,1,2,2,41,2022-01-09,Sunday,Fin de semana,Noche (18-24h),1,Leve,TRUE
2.022e+205,4,Les Corts,19,les Corts,Nicaragua,Divendres,2022,1,Gener,14,13,Matí,No és causa del  vianant,0,1,0,1,2,2,41,2022-01-14,Friday,Laborable,Tarde (12-18h),1,Leve,TRUE
2.022e+290,4,Les Corts,20,la Maternitat i Sant Ramon,Madrid / Brasil,Dimarts,2022,1,Gener,18,17,Tarda,No és causa del  vianant,0,1,0,1,2,2,41,2022-01-18,Tuesday,Laborable,Tarde (12-18h),1,Leve,TRUE
2.022e+10,4,Les Corts,19,les Corts,Diagonal / Reina Maria Cristina,Dissabte,2022,1,Gener,1,19,Tarda,No és causa del  vianant,0,1,0,1,2,2,41,2022-01-01,Saturday,Fin de semana,Noche (18-24h),1,Leve,TRUE
2.022e+125,4,Les Corts,20,la Maternitat i Sant Ramon,Diagonal,Dilluns,2022,1,Gener,10,2,Nit,No és causa del  vianant,0,1,0,1,1,2,41,2022-01-10,Monday,Laborable,Madrugada (00-06h),1,Leve,TRUE
2.022e+13,4,Les Corts,20,la Maternitat i Sant Ramon,Corts / Elisabeth Eidenbenz,Diumenge,2022,1,Gener,2,14,Tarda,No és causa del  vianant,0,1,0,1,2,2,41,2022-01-02,Sunday,Fin de semana,Tarde (12-18h),1,Leve,TRUE
2.022e+189,5,Sarrià-Sant Gervasi,26,Sant Gervasi - Galvany,Muntaner / Descartes,Dijous,2022,1,Gener,13,19,Tarda,No és causa del  vianant,0,0,0,0,2,2,41,2022-01-13,Thursday,Laborable,Noche (18-24h),0,Leve,FALSE
2.022e+21,5,Sarrià-Sant Gervasi,26,Sant Gervasi - Galvany,Augusta / Tavern,Diumenge,2022,1,Gener,2,23,Nit,No és causa del  vianant,0,1,0,1,2,2,41,2022-01-02,Sunday,Fin de semana,Noche (18-24h),1,Leve,TRUE
2.022e+254,5,Sarrià-Sant Gervasi,26,Sant Gervasi - Galvany,Gràcia / Balmes,Diumenge,2022,1,Gener,16,21,Tarda,No és causa del  vianant,0,1,0,1,1,2,41,2022-01-16,Sunday,Fin de semana,Noche (18-24h),1,Leve,TRUE
2.022e+41,5,Sarrià-Sant Gervasi,26,Sant Gervasi - Galvany,Bori i Fontestà / Ganduxer,Dimarts,2022,1,Gener,4,9,Matí,No és causa del  vianant,0,1,0,1,2,2,41,2022-01-04,Tuesday,Laborable,Manana (06-12h),1,Leve,TRUE
2.022e+116,5,Sarrià-Sant Gervasi,24,les Tres Torres,Mig (Descendent),Diumenge,2022,1,Gener,9,0,Nit,No és causa del  vianant,0,2,0,2,1,2,41,2022-01-09,Sunday,Fin de semana,Madrugada (00-06h),2,Leve,TRUE
2.022e+239,5,Sarrià-Sant Gervasi,23,Sarrià,Manuel Girona / Marquès de Mulhacén,Diumenge,2022,1,Gener,16,5,Nit,No és causa del  vianant,0,0,0,0,1,2,41,2022-01-16,Sunday,Fin de semana,Madrugada (00-06h),0,Leve,FALSE
2.022e+54,5,Sarrià-Sant Gervasi,27,el Putxet i el Farró,Guillem Tell / Lincoln,Dimecres,2022,1,Gener,5,11,Matí,No és causa del  vianant,0,1,0,1,2,2,41,2022-01-05,Wednesday,Laborable,Manana (06-12h),1,Leve,TRUE
2.022e+277,5,Sarrià-Sant Gervasi,25,Sant Gervasi - la Bonanova,Dalt (Llobregat),Dilluns,2022,1,Gener,17,17,Tarda,No és causa del  vianant,0,1,0,1,2,2,41,2022-01-17,Monday,Laborable,Tarde (12-18h),1,Leve,TRUE
2.022e+300,5,Sarrià-Sant Gervasi,27,el Putxet i el Farró,General Mitre,Dimarts,2022,1,Gener,18,20,Tarda,No és causa del  vianant,0,1,0,1,2,2,41,2022-01-18,Tuesday,Laborable,Noche (18-24h),1,Leve,TRUE
2.022e+138,5,Sarrià-Sant Gervasi,22,"Vallvidrera, el Tibidabo i les Planes",Ginestera,Dilluns,2022,1,Gener,10,18,Tarda,No és causa del  vianant,0,1,0,1,1,2,41,2022-01-10,Monday,Laborable,Noche (18-24h),1,Leve,TRUE
20230000,6,Gràcia,28,Vallcarca i els Penitents,República Argentina,Dissabte,2022,12,Desembre,31,15,Tarda,No és causa del  vianant,0,1,0,1,2,2,41,2022-12-31,Saturday,Fin de semana,Tarde (12-18h),1,Leve,TRUE
2.022e+285,7,Horta-Guinardó,38,la Teixonera,Besòs,Dimecres,2022,1,Gener,19,8,Matí,No és causa del  vianant,0,1,0,1,1,2,41,2022-01-19,Wednesday,Laborable,Manana (06-12h),1,Leve,TRUE
2.022e+184,7,Horta-Guinardó,42,la Clota,Lisboa,Dijous,2022,1,Gener,13,16,Tarda,No és causa del  vianant,0,2,0,2,1,2,41,2022-01-13,Thursday,Laborable,Tarde (12-18h),2,Leve,TRUE
2.022e+257,7,Horta-Guinardó,38,la Teixonera,Mare de Déu dels Àngels,Dilluns,2022,1,Gener,17,0,Nit,No és causa del  vianant,0,1,0,1,1,2,41,2022-01-17,Monday,Laborable,Madrugada (00-06h),1,Leve,TRUE
2.022e+124,7,Horta-Guinardó,39,Sant Genís dels Agudells,Saldes,Diumenge,2022,1,Gener,9,20,Tarda,No és causa del  vianant,0,0,0,0,3,2,41,2022-01-09,Sunday,Fin de semana,Noche (18-24h),0,Leve,FALSE
2.022e+299,7,Horta-Guinardó,43,Horta,Vall d'Hebron,Dimarts,2022,1,Gener,18,19,Tarda,No és causa del  vianant,0,1,0,1,2,2,41,2022-01-18,Tuesday,Laborable,Noche (18-24h),1,Leve,TRUE
2.022e+178,7,Horta-Guinardó,43,Horta,Estatut / Porto,Dijous,2022,1,Gener,13,9,Matí,No és causa del  vianant,0,0,0,0,1,2,41,2022-01-13,Thursday,Laborable,Manana (06-12h),0,Leve,FALSE
20220000,7,Horta-Guinardó,33,el Baix Guinardó,Guinardó,Dissabte,2022,1,Gener,1,16,Tarda,No és causa del  vianant,0,1,0,1,2,2,41,2022-01-01,Saturday,Fin de semana,Tarde (12-18h),1,Leve,TRUE
2.022e+262,7,Horta-Guinardó,35,el Guinardó,Mare de Déu de Montserrat / Segle XX,Dilluns,2022,1,Gener,17,9,Matí,No és causa del  vianant,0,1,0,1,2,2,41,2022-01-17,Monday,Laborable,Manana (06-12h),1,Leve,TRUE
2.022e+36,9,Sant Andreu,57,la Trinitat Vella,B-20 (Llobregat),Dilluns,2022,1,Gener,3,19,Tarda,No és causa del  vianant,0,1,0,1,2,2,41,2022-01-03,Monday,Laborable,Noche (18-24h),1,Leve,TRUE
2.022e+39,9,Sant Andreu,60,Sant Andreu,B-20 (Besòs),Dilluns,2022,1,Gener,3,21,Tarda,No és causa del  vianant,0,2,0,2,2,2,41,2022-01-03,Monday,Laborable,Noche (18-24h),2,Leve,TRUE
2.022e+157,10,Sant Martí,73,la Verneda i la Pau,Santander,Dimecres,2022,1,Gener,12,7,Matí,No és causa del  vianant,0,2,0,2,2,2,41,2022-01-12,Wednesday,Laborable,Manana (06-12h),2,Leve,TRUE
2.022e+128,10,Sant Martí,67,la Vila Olímpica del Poblenou,Ramon Turró / Joan Miró,Dilluns,2022,1,Gener,10,13,Matí,No és causa del  vianant,0,1,0,1,2,2,41,2022-01-10,Monday,Laborable,Tarde (12-18h),1,Leve,TRUE
2.022e+235,10,Sant Martí,69,Diagonal Mar i el Front Marítim del Poblenou,Diagonal,Dissabte,2022,1,Gener,15,18,Tarda,No és causa del  vianant,0,1,0,1,3,2,41,2022-01-15,Saturday,Fin de semana,Noche (18-24h),1,Leve,TRUE
2.022e+169,10,Sant Martí,66,el Parc i la Llacuna del Poblenou,Pujades,Dimecres,2022,1,Gener,12,14,Tarda,No és causa del  vianant,0,1,0,1,2,2,41,2022-01-12,Wednesday,Laborable,Tarde (12-18h),1,Leve,TRUE
2.022e+220,1,Ciutat Vella,2,el Barri Gòtic,Fusteria / Mercè,Dissabte,2022,1,Gener,15,8,Matí,No és causa del  vianant,0,1,0,1,2,2,41,2022-01-15,Saturday,Fin de semana,Manana (06-12h),1,Leve,TRUE
2.022e+45,1,Ciutat Vella,3,la Barceloneta,Doctor Aiguader,Dimarts,2022,1,Gener,4,16,Tarda,No és causa del  vianant,0,1,0,1,2,2,41,2022-01-04,Tuesday,Laborable,Tarde (12-18h),1,Leve,TRUE
2022000,2,Eixample,9,la Nova Esquerra de l'Eixample,Provença / Calàbria,Dissabte,2022,1,Gener,1,15,Tarda,No és causa del  vianant,0,2,0,2,2,2,41,2022-01-01,Saturday,Fin de semana,Tarde (12-18h),2,Leve,TRUE
2.022e+104,2,Eixample,9,la Nova Esquerra de l'Eixample,Entença,Dissabte,2022,1,Gener,8,9,Matí,No és causa del  vianant,0,1,0,1,2,2,41,2022-01-08,Saturday,Fin de semana,Manana (06-12h),1,Leve,TRUE
2.022e+30,2,Eixample,8,l'Antiga Esquerra de l'Eixample,Sarrià / Josep Tarradellas,Dilluns,2022,1,Gener,3,15,Tarda,No és causa del  vianant,0,1,0,1,2,2,41,2022-01-03,Monday,Laborable,Tarde (12-18h),1,Leve,TRUE
2.022e+132,2,Eixample,8,l'Antiga Esquerra de l'Eixample,Villarroel,Dilluns,2022,1,Gener,10,13,Matí,No és causa del  vianant,0,1,0,1,2,2,41,2022-01-10,Monday,Laborable,Tarde (12-18h),1,Leve,TRUE
2.022e+293,2,Eixample,8,l'Antiga Esquerra de l'Eixample,Francesc Macià / Comte d'Urgell,Dimarts,2022,1,Gener,18,15,Tarda,No és causa del  vianant,0,1,0,1,2,2,41,2022-01-18,Tuesday,Laborable,Tarde (12-18h),1,Leve,TRUE
2.022e+69,2,Eixample,7,la Dreta de l'Eixample,València,Dimecres,2022,1,Gener,5,22,Nit,No és causa del  vianant,0,1,0,1,2,2,41,2022-01-05,Wednesday,Laborable,Noche (18-24h),1,Leve,TRUE
2.022e+263,2,Eixample,8,l'Antiga Esquerra de l'Eixample,Aribau / Diputació,Dilluns,2022,1,Gener,17,12,Matí,No és causa del  vianant,0,2,0,2,2,2,41,2022-01-17,Monday,Laborable,Tarde (12-18h),2,Leve,TRUE
2.022e+303,2,Eixample,8,l'Antiga Esquerra de l'Eixample,Corts Catalanes,Dimecres,2022,1,Gener,19,8,Matí,No és causa del  vianant,0,2,0,2,2,2,41,2022-01-19,Wednesday,Laborable,Manana (06-12h),2,Leve,TRUE
2.022e+227,2,Eixample,7,la Dreta de l'Eixample,Mallorca / Catalunya,Dissabte,2022,1,Gener,15,14,Tarda,No és causa del  vianant,0,1,0,1,2,2,41,2022-01-15,Saturday,Fin de semana,Tarde (12-18h),1,Leve,TRUE
2.022e+139,2,Eixample,7,la Dreta de l'Eixample,Aragó / Catalunya,Dilluns,2022,1,Gener,10,14,Tarda,No és causa del  vianant,0,1,0,1,2,2,41,2022-01-10,Monday,Laborable,Tarde (12-18h),1,Leve,TRUE
2.022e+272,2,Eixample,7,la Dreta de l'Eixample,Balmes / Consell de Cent,Dilluns,2022,1,Gener,17,16,Tarda,No és causa del  vianant,0,1,0,1,3,2,41,2022-01-17,Monday,Laborable,Tarde (12-18h),1,Leve,TRUE
2.022e+275,2,Eixample,6,la Sagrada Família,Consell de Cent / Castillejos,Dimecres,2022,1,Gener,19,21,Tarda,No és causa del  vianant,0,2,0,2,1,2,41,2022-01-19,Wednesday,Laborable,Noche (18-24h),2,Leve,TRUE
2.022e+47,2,Eixample,5,el Fort Pienc,Aragó,Dimarts,2022,1,Gener,4,19,Tarda,No és causa del  vianant,0,5,0,5,2,2,41,2022-01-04,Tuesday,Laborable,Noche (18-24h),5,Leve,TRUE
2.022e+35,3,Sants-Montjuïc,11,el Poble-sec,Concòrdia / Elkano,Dilluns,2022,1,Gener,3,19,Tarda,No és causa del  vianant,0,1,0,1,2,2,41,2022-01-03,Monday,Laborable,Noche (18-24h),1,Leve,TRUE
2.022e+50,2,Eixample,5,el Fort Pienc,Corts Catalanes,Dimecres,2022,1,Gener,5,5,Nit,No és causa del  vianant,0,1,0,1,2,2,41,2022-01-05,Wednesday,Laborable,Madrugada (00-06h),1,Leve,TRUE
2.022e+137,2,Eixample,5,el Fort Pienc,Corts Catalanes / Lepant,Dilluns,2022,1,Gener,10,18,Tarda,No és causa del  vianant,0,1,0,1,2,2,41,2022-01-10,Monday,Laborable,Noche (18-24h),1,Leve,TRUE
2.022e+76,3,Sants-Montjuïc,11,el Poble-sec,Paral·lel / Salvà,Dilluns,2022,1,Gener,3,20,Tarda,No és causa del  vianant,0,1,0,1,2,2,41,2022-01-03,Monday,Laborable,Noche (18-24h),1,Leve,TRUE
2.022e+278,3,Sants-Montjuïc,12,la Marina del Prat Vermell,Transversal 5 / Longitudinal 5,Dimarts,2022,1,Gener,18,6,Matí,No és causa del  vianant,0,1,0,1,2,2,41,2022-01-18,Tuesday,Laborable,Manana (06-12h),1,Leve,TRUE
2.022e+31,3,Sants-Montjuïc,12,la Marina del Prat Vermell,E Zona Franca / Número 4 Zona Franca,Dilluns,2022,1,Gener,3,16,Tarda,No és causa del  vianant,0,0,0,0,1,2,41,2022-01-03,Monday,Laborable,Tarde (12-18h),0,Leve,FALSE
2.022e+174,3,Sants-Montjuïc,13,la Marina de Port,Corts Catalanes,Dimecres,2022,1,Gener,12,20,Tarda,No és causa del  vianant,0,1,0,1,2,2,41,2022-01-12,Wednesday,Laborable,Noche (18-24h),1,Leve,TRUE
2.022e+273,3,Sants-Montjuïc,13,la Marina de Port,Zona Franca / Mineria,Dilluns,2022,1,Gener,17,15,Tarda,No és causa del  vianant,0,1,0,1,2,2,41,2022-01-17,Monday,Laborable,Tarde (12-18h),1,Leve,TRUE
2.022e+269,3,Sants-Montjuïc,15,Hostafrancs,Corts Catalanes / Bordeta,Dilluns,2022,1,Gener,17,13,Matí,No és causa del  vianant,0,1,0,1,2,2,41,2022-01-17,Monday,Laborable,Tarde (12-18h),1,Leve,TRUE
2.022e+42,4,Les Corts,21,Pedralbes,Diagonal,Dimarts,2022,1,Gener,4,13,Matí,No és causa del  vianant,0,1,0,1,2,2,41,2022-01-04,Tuesday,Laborable,Tarde (12-18h),1,Leve,TRUE
2.022e+223,4,Les Corts,21,Pedralbes,Mig (Descendent),Dissabte,2022,1,Gener,15,11,Matí,No és causa del  vianant,0,1,0,1,2,2,41,2022-01-15,Saturday,Fin de semana,Manana (06-12h),1,Leve,TRUE
2.022e+144,5,Sarrià-Sant Gervasi,25,Sant Gervasi - la Bonanova,Bonanova,Dimarts,2022,1,Gener,11,11,Matí,Creuar per fora pas de vianants,0,1,0,1,1,2,41,2022-01-11,Tuesday,Laborable,Manana (06-12h),1,Leve,TRUE
2.022e+158,5,Sarrià-Sant Gervasi,25,Sant Gervasi - la Bonanova,Bellesguard,Dimecres,2022,1,Gener,12,6,Matí,No és causa del  vianant,0,1,0,1,2,2,41,2022-01-12,Wednesday,Laborable,Manana (06-12h),1,Leve,TRUE
2.022e+61,5,Sarrià-Sant Gervasi,25,Sant Gervasi - la Bonanova,Dalt (Besòs),Dimecres,2022,1,Gener,5,14,Tarda,No és causa del  vianant,0,3,0,3,3,2,41,2022-01-05,Wednesday,Laborable,Tarde (12-18h),3,Leve,TRUE
2.022e+103,6,Gràcia,31,la Vila de Gràcia,Bailèn,Dissabte,2022,1,Gener,8,1,Nit,No és causa del  vianant,0,1,0,1,2,2,41,2022-01-08,Saturday,Fin de semana,Madrugada (00-06h),1,Leve,TRUE
2.022e+213,7,Horta-Guinardó,43,Horta,Eduard Toda,Divendres,2022,1,Gener,14,15,Tarda,No és causa del  vianant,0,1,0,1,1,2,41,2022-01-14,Friday,Laborable,Tarde (12-18h),1,Leve,TRUE
2.022e+231,7,Horta-Guinardó,33,el Baix Guinardó,Praga,Dissabte,2022,1,Gener,15,13,Matí,No és causa del  vianant,0,1,0,1,2,2,41,2022-01-15,Saturday,Fin de semana,Tarde (12-18h),1,Leve,TRUE
2.022e+297,8,Nou Barris,52,la Prosperitat,Favència / Júlia,Dimarts,2022,1,Gener,18,18,Tarda,No és causa del  vianant,0,1,0,1,1,2,41,2022-01-18,Tuesday,Laborable,Noche (18-24h),1,Leve,TRUE
2.022e+219,8,Nou Barris,45,Porta,Maladeta / Estudiant,Divendres,2022,1,Gener,14,21,Tarda,No és causa del  vianant,0,2,0,2,2,2,41,2022-01-14,Friday,Laborable,Noche (18-24h),2,Leve,TRUE
2.022e+161,9,Sant Andreu,57,la Trinitat Vella,B-20 (Llobregat),Dimecres,2022,1,Gener,12,14,Tarda,No és causa del  vianant,0,1,0,1,2,2,41,2022-01-12,Wednesday,Laborable,Tarde (12-18h),1,Leve,TRUE
2.022e+106,9,Sant Andreu,57,la Trinitat Vella,B-10 (Besòs),Dissabte,2022,1,Gener,8,8,Matí,No és causa del  vianant,0,0,0,0,1,2,41,2022-01-08,Saturday,Fin de semana,Manana (06-12h),0,Leve,FALSE
2.022e+276,9,Sant Andreu,61,la Sagrera,Olesa,Dilluns,2022,1,Gener,17,18,Tarda,No és causa del  vianant,0,1,0,1,2,2,41,2022-01-17,Monday,Laborable,Noche (18-24h),1,Leve,TRUE
2.022e+217,9,Sant Andreu,60,Sant Andreu,Castellbell / Coroleu,Divendres,2022,1,Gener,14,21,Tarda,No és causa del  vianant,0,1,0,1,2,2,41,2022-01-14,Friday,Laborable,Noche (18-24h),1,Leve,TRUE
2.022e+148,9,Sant Andreu,59,el Bon Pastor,Litoral (Besòs),Dimarts,2022,1,Gener,11,14,Tarda,No és causa del  vianant,0,3,0,3,2,2,41,2022-01-11,Tuesday,Laborable,Tarde (12-18h),3,Leve,TRUE
2.022e+29,9,Sant Andreu,59,el Bon Pastor,B-10 (Besòs),Dilluns,2022,1,Gener,3,14,Tarda,No és causa del  vianant,0,1,0,1,2,2,41,2022-01-03,Monday,Laborable,Tarde (12-18h),1,Leve,TRUE
2.022e+160,8,Nou Barris,44,Vilapicina i la Torre Llobeta,Escòcia,Dimecres,2022,1,Gener,12,12,Matí,No és causa del  vianant,0,1,0,1,2,2,41,2022-01-12,Wednesday,Laborable,Tarde (12-18h),1,Leve,TRUE
2.022e+261,10,Sant Martí,64,el Camp de l'Arpa del Clot,Josep Estivill / Las Navas de Tolosa,Dilluns,2022,1,Gener,17,9,Matí,No és causa del  vianant,0,1,0,1,2,2,41,2022-01-17,Monday,Laborable,Manana (06-12h),1,Leve,TRUE
2.022e+99,10,Sant Martí,65,el Clot,València / Las Navas de Tolosa,Dissabte,2022,1,Gener,8,0,Nit,No és causa del  vianant,0,2,0,2,2,2,41,2022-01-08,Saturday,Fin de semana,Madrugada (00-06h),2,Leve,TRUE
2.022e+197,10,Sant Martí,70,el Besòs i el Maresme,B-10 (Llobregat),Divendres,2022,1,Gener,14,6,Matí,No és causa del  vianant,0,1,0,1,2,2,41,2022-01-14,Friday,Laborable,Manana (06-12h),1,Leve,TRUE
2.022e+43,10,Sant Martí,66,el Parc i la Llacuna del Poblenou,Marina / Pujades,Dimarts,2022,1,Gener,4,14,Tarda,No és causa del  vianant,0,1,0,1,2,2,41,2022-01-04,Tuesday,Laborable,Tarde (12-18h),1,Leve,TRUE
2.022e+112,1,Ciutat Vella,1,el Raval,Sant Pau,Dissabte,2022,1,Gener,8,16,Tarda,No és causa del  vianant,0,0,0,0,1,2,41,2022-01-08,Saturday,Fin de semana,Tarde (12-18h),0,Leve,FALSE
2.022e+97,2,Eixample,9,la Nova Esquerra de l'Eixample,Comte d'Urgell / Consell de Cent,Divendres,2022,1,Gener,7,20,Tarda,No és causa del  vianant,0,1,0,1,1,2,41,2022-01-07,Friday,Laborable,Noche (18-24h),1,Leve,TRUE
20220,2,Eixample,9,la Nova Esquerra de l'Eixample,C-31,Dissabte,2022,1,Gener,1,1,Nit,No és causa del  vianant,0,1,0,1,2,2,41,2022-01-01,Saturday,Fin de semana,Madrugada (00-06h),1,Leve,TRUE
2.022e+23,2,Eixample,7,la Dreta de l'Eixample,Aragó / Roger de Llúria,Dilluns,2022,1,Gener,3,11,Matí,No és causa del  vianant,1,0,0,1,2,2,41,2022-01-03,Monday,Laborable,Manana (06-12h),0,Mortal,TRUE
2.022e+211,2,Eixample,10,Sant Antoni,Sant Pau / Marquès de Campo Sagrado,Divendres,2022,1,Gener,14,17,Tarda,Altres,0,1,0,1,1,2,41,2022-01-14,Friday,Laborable,Tarde (12-18h),1,Leve,TRUE
2.022e+150,2,Eixample,8,l'Antiga Esquerra de l'Eixample,Comte d'Urgell,Dimarts,2022,1,Gener,11,17,Tarda,No és causa del  vianant,0,0,0,0,2,2,41,2022-01-11,Tuesday,Laborable,Tarde (12-18h),0,Leve,FALSE
2.022e+266,2,Eixample,7,la Dreta de l'Eixample,Mallorca / Gràcia,Dilluns,2022,1,Gener,17,14,Tarda,No és causa del  vianant,0,1,0,1,2,2,41,2022-01-17,Monday,Laborable,Tarde (12-18h),1,Leve,TRUE
2.022e+196,2,Eixample,7,la Dreta de l'Eixample,Cinc d'Oros,Divendres,2022,1,Gener,14,9,Matí,No és causa del  vianant,0,1,0,1,2,2,41,2022-01-14,Friday,Laborable,Manana (06-12h),1,Leve,TRUE
2.022e+147,2,Eixample,7,la Dreta de l'Eixample,Corts Catalanes / Gràcia,Dimarts,2022,1,Gener,11,12,Matí,No és causa del  vianant,0,1,0,1,2,2,41,2022-01-11,Tuesday,Laborable,Tarde (12-18h),1,Leve,TRUE
2.022e+107,2,Eixample,7,la Dreta de l'Eixample,Pau Claris,Dissabte,2022,1,Gener,8,14,Tarda,No és causa del  vianant,0,1,0,1,2,2,41,2022-01-08,Saturday,Fin de semana,Tarde (12-18h),1,Leve,TRUE
2.022e+58,2,Eixample,7,la Dreta de l'Eixample,Aragó,Dimecres,2022,1,Gener,5,15,Tarda,No és causa del  vianant,0,1,0,1,2,2,41,2022-01-05,Wednesday,Laborable,Tarde (12-18h),1,Leve,TRUE
2.022e+09,2,Eixample,7,la Dreta de l'Eixample,Pau Claris,Dissabte,2022,1,Gener,1,18,Tarda,No és causa del  vianant,0,0,0,0,2,2,41,2022-01-01,Saturday,Fin de semana,Noche (18-24h),0,Leve,FALSE
2.022e+131,2,Eixample,7,la Dreta de l'Eixample,Corts Catalanes,Dilluns,2022,1,Gener,10,13,Matí,No és causa del  vianant,0,1,0,1,1,2,41,2022-01-10,Monday,Laborable,Tarde (12-18h),1,Leve,TRUE
2.022e+87,2,Eixample,5,el Fort Pienc,Aragó,Divendres,2022,1,Gener,7,12,Matí,No és causa del  vianant,0,1,0,1,2,2,41,2022-01-07,Friday,Laborable,Tarde (12-18h),1,Leve,TRUE
2.022e+289,3,Sants-Montjuïc,11,el Poble-sec,Rius i Taulet,Dimarts,2022,1,Gener,18,17,Tarda,Creuar per fora pas de vianants,0,2,0,2,1,2,41,2022-01-18,Tuesday,Laborable,Tarde (12-18h),2,Leve,TRUE
2.022e+62,3,Sants-Montjuïc,17,Sants - Badal,Madrid / Jaume Roig,Dimecres,2022,1,Gener,5,15,Tarda,No és causa del  vianant,0,2,0,2,2,2,41,2022-01-05,Wednesday,Laborable,Tarde (12-18h),2,Leve,TRUE
2.022e+26,4,Les Corts,20,la Maternitat i Sant Ramon,Corts / Elisabeth Eidenbenz,Dilluns,2022,1,Gener,3,13,Matí,No és causa del  vianant,0,1,0,1,1,2,41,2022-01-03,Monday,Laborable,Tarde (12-18h),1,Leve,TRUE
2.022e+142,4,Les Corts,21,Pedralbes,Montevideo / Espasa,Dimarts,2022,1,Gener,11,8,Matí,No és causa del  vianant,0,1,0,1,1,2,41,2022-01-11,Tuesday,Laborable,Manana (06-12h),1,Leve,TRUE
2.022e+248,5,Sarrià-Sant Gervasi,26,Sant Gervasi - Galvany,Augusta / Muntaner,Dissabte,2022,1,Gener,15,20,Tarda,No és causa del  vianant,0,1,0,1,2,2,41,2022-01-15,Saturday,Fin de semana,Noche (18-24h),1,Leve,TRUE
2.022e+238,5,Sarrià-Sant Gervasi,26,Sant Gervasi - Galvany,Balmes / Gràcia,Diumenge,2022,1,Gener,16,1,Nit,No és causa del  vianant,0,4,0,4,2,2,41,2022-01-16,Sunday,Fin de semana,Madrugada (00-06h),4,Leve,TRUE
2.022e+93,5,Sarrià-Sant Gervasi,23,Sarrià,Augusta / Bonanova,Divendres,2022,1,Gener,7,14,Tarda,No és causa del  vianant,0,0,0,0,2,2,41,2022-01-07,Friday,Laborable,Tarde (12-18h),0,Leve,FALSE
2.022e+59,5,Sarrià-Sant Gervasi,23,Sarrià,Augusta / Dolors Monserdà,Dimecres,2022,1,Gener,5,13,Matí,No és causa del  vianant,0,0,0,0,1,2,41,2022-01-05,Wednesday,Laborable,Tarde (12-18h),0,Leve,FALSE
2.022e+225,5,Sarrià-Sant Gervasi,24,les Tres Torres,Augusta,Dissabte,2022,1,Gener,15,12,Matí,No és causa del  vianant,0,1,0,1,2,2,41,2022-01-15,Saturday,Fin de semana,Tarde (12-18h),1,Leve,TRUE
2.022e+101,5,Sarrià-Sant Gervasi,25,Sant Gervasi - la Bonanova,Isaac Newton,Divendres,2022,1,Gener,7,23,Nit,No és causa del  vianant,0,0,0,0,1,2,41,2022-01-07,Friday,Laborable,Noche (18-24h),0,Leve,FALSE
2.022e+151,6,Gràcia,28,Vallcarca i els Penitents,Sant Cugat,Dimarts,2022,1,Gener,11,14,Tarda,No és causa del  vianant,0,1,0,1,1,2,41,2022-01-11,Tuesday,Laborable,Tarde (12-18h),1,Leve,TRUE
2.022e+252,6,Gràcia,28,Vallcarca i els Penitents,Alfonso Comín,Diumenge,2022,1,Gener,16,15,Tarda,No és causa del  vianant,0,0,0,0,1,2,41,2022-01-16,Sunday,Fin de semana,Tarde (12-18h),0,Leve,FALSE
2.022e+136,6,Gràcia,31,la Vila de Gràcia,Rabassa / Martí,Dilluns,2022,1,Gener,10,16,Tarda,No és causa del  vianant,0,1,0,1,2,2,41,2022-01-10,Monday,Laborable,Tarde (12-18h),1,Leve,TRUE
2.022e+110,6,Gràcia,31,la Vila de Gràcia,Riera de Cassoles,Dissabte,2022,1,Gener,8,14,Tarda,Desobeir el senyal del semàfor,0,2,0,2,1,2,41,2022-01-08,Saturday,Fin de semana,Tarde (12-18h),2,Leve,TRUE
2.022e+134,7,Horta-Guinardó,43,Horta,Dalt (Llobregat),Dilluns,2022,1,Gener,10,15,Tarda,No és causa del  vianant,0,1,0,1,3,2,41,2022-01-10,Monday,Laborable,Tarde (12-18h),1,Leve,TRUE
2.022e+183,7,Horta-Guinardó,36,la Font d'en Fargues,Ciències / Carmel,Dijous,2022,1,Gener,13,14,Tarda,No és causa del  vianant,0,1,0,1,2,2,41,2022-01-13,Thursday,Laborable,Tarde (12-18h),1,Leve,TRUE
2.022e+95,9,Sant Andreu,63,Navas,Clot / Espronceda,Divendres,2022,1,Gener,7,19,Tarda,No és causa del  vianant,0,1,0,1,2,2,41,2022-01-07,Friday,Laborable,Noche (18-24h),1,Leve,TRUE
2.022e+176,9,Sant Andreu,59,el Bon Pastor,Monterrey,Dijous,2022,1,Gener,13,7,Matí,No és causa del  vianant,0,1,0,1,2,2,41,2022-01-13,Thursday,Laborable,Manana (06-12h),1,Leve,TRUE
2.022e+201,NA,NA,NA,NA,Arístides Maillol / Joan XXIII,Divendres,2022,1,Gener,14,12,Matí,No és causa del  vianant,0,1,0,1,2,2,41,2022-01-14,Friday,Laborable,Tarde (12-18h),1,Leve,TRUE
2.022e+141,10,Sant Martí,64,el Camp de l'Arpa del Clot,Maragall / Sant Antoni Maria Claret,Dimarts,2022,1,Gener,11,7,Matí,No és causa del  vianant,0,2,0,2,2,2,41,2022-01-11,Tuesday,Laborable,Manana (06-12h),2,Leve,TRUE
2.022e+120,10,Sant Martí,65,el Clot,Corts Catalanes,Diumenge,2022,1,Gener,9,14,Tarda,No és causa del  vianant,0,2,0,2,1,2,41,2022-01-09,Sunday,Fin de semana,Tarde (12-18h),2,Leve,TRUE
2.022e+100,10,Sant Martí,71,Provençals del Poblenou,Corts Catalanes / Espronceda,Dissabte,2022,1,Gener,8,0,Nit,No és causa del  vianant,0,0,0,0,1,2,41,2022-01-08,Saturday,Fin de semana,Madrugada (00-06h),0,Leve,FALSE
2.022e+22,1,Ciutat Vella,1,el Raval,Rambla,Dilluns,2022,1,Gener,3,8,Matí,No és causa del  vianant,0,1,0,1,2,2,41,2022-01-03,Monday,Laborable,Manana (06-12h),1,Leve,TRUE
2.022e+34,1,Ciutat Vella,1,el Raval,Josep Carner,Dimarts,2022,2,Febrer,22,16,Tarda,No és causa del  vianant,0,1,0,1,2,2,41,2022-02-22,Tuesday,Laborable,Tarde (12-18h),1,Leve,TRUE
2.022e+236,1,Ciutat Vella,4,"Sant Pere, Santa Caterina i la Ribera",Marquès de l'Argentera,Dissabte,2022,1,Gener,15,19,Tarda,No és causa del  vianant,0,1,0,1,2,2,41,2022-01-15,Saturday,Fin de semana,Noche (18-24h),1,Leve,TRUE
2.022e+188,2,Eixample,9,la Nova Esquerra de l'Eixample,Calàbria / Consell de Cent,Dijous,2022,1,Gener,13,20,Tarda,No és causa del  vianant,0,1,0,1,2,2,41,2022-01-13,Thursday,Laborable,Noche (18-24h),1,Leve,TRUE
2.022e+115,2,Eixample,9,la Nova Esquerra de l'Eixample,París,Dissabte,2022,1,Gener,8,22,Nit,No és causa del  vianant,0,0,1,1,2,2,41,2022-01-08,Saturday,Fin de semana,Noche (18-24h),1,Grave,TRUE
2.022e+234,2,Eixample,10,Sant Antoni,Corts Catalanes,Dissabte,2022,1,Gener,15,19,Tarda,Creuar per fora pas de vianants,0,1,1,2,1,2,41,2022-01-15,Saturday,Fin de semana,Noche (18-24h),2,Grave,TRUE
2.022e+33,2,Eixample,7,la Dreta de l'Eixample,Gràcia,Dilluns,2022,1,Gener,3,18,Tarda,No és causa del  vianant,0,1,0,1,2,2,41,2022-01-03,Monday,Laborable,Noche (18-24h),1,Leve,TRUE
2.022e+77,2,Eixample,6,la Sagrada Família,Castillejos,Dijous,2022,1,Gener,6,14,Tarda,No és causa del  vianant,0,1,0,1,1,2,41,2022-01-06,Thursday,Laborable,Tarde (12-18h),1,Leve,TRUE
2.022e+19,2,Eixample,7,la Dreta de l'Eixample,Rosselló,Diumenge,2022,1,Gener,2,20,Tarda,No és causa del  vianant,0,1,0,1,2,2,41,2022-01-02,Sunday,Fin de semana,Noche (18-24h),1,Leve,TRUE
2.022e+135,2,Eixample,6,la Sagrada Família,Aragó,Dilluns,2022,1,Gener,10,18,Tarda,No és causa del  vianant,0,1,0,1,2,2,41,2022-01-10,Monday,Laborable,Noche (18-24h),1,Leve,TRUE
2.022e+79,2,Eixample,6,la Sagrada Família,Aragó,Dijous,2022,1,Gener,6,20,Tarda,No és causa del  vianant,0,2,0,2,2,2,41,2022-01-06,Thursday,Laborable,Noche (18-24h),2,Leve,TRUE
2.022e+70,2,Eixample,6,la Sagrada Família,Sicília / Provença,Dimecres,2022,1,Gener,5,23,Nit,No és causa del  vianant,0,1,0,1,2,2,41,2022-01-05,Wednesday,Laborable,Noche (18-24h),1,Leve,TRUE
2.022e+129,3,Sants-Montjuïc,11,el Poble-sec,Litoral (Llobregat),Dilluns,2022,1,Gener,10,10,Matí,No és causa del  vianant,0,1,0,1,2,2,41,2022-01-10,Monday,Laborable,Manana (06-12h),1,Leve,TRUE
2.022e+237,3,Sants-Montjuïc,13,la Marina de Port,Ildefons Cerdà,Diumenge,2022,1,Gener,16,0,Nit,No és causa del  vianant,0,2,0,2,2,2,41,2022-01-16,Sunday,Fin de semana,Madrugada (00-06h),2,Leve,TRUE
2.022e+60,3,Sants-Montjuïc,13,la Marina de Port,Zona Franca,Dimecres,2022,1,Gener,5,15,Tarda,No és causa del  vianant,0,2,0,2,2,2,41,2022-01-05,Wednesday,Laborable,Tarde (12-18h),2,Leve,TRUE
2.022e+199,3,Sants-Montjuïc,12,la Marina del Prat Vermell,Litoral (Llobregat),Divendres,2022,1,Gener,14,12,Matí,No és causa del  vianant,0,1,0,1,2,2,41,2022-01-14,Friday,Laborable,Tarde (12-18h),1,Leve,TRUE
2.022e+283,3,Sants-Montjuïc,15,Hostafrancs,Creu Coberta,Dimarts,2022,1,Gener,18,10,Matí,Creuar per fora pas de vianants,0,1,0,1,1,2,41,2022-01-18,Tuesday,Laborable,Manana (06-12h),1,Leve,TRUE
2.022e+154,3,Sants-Montjuïc,18,Sants,Nicaragua,Dimarts,2022,1,Gener,11,20,Tarda,No és causa del  vianant,0,1,0,1,2,2,41,2022-01-11,Tuesday,Laborable,Noche (18-24h),1,Leve,TRUE
2.022e+37,4,Les Corts,19,les Corts,Corts,Dilluns,2022,1,Gener,3,19,Tarda,No és causa del  vianant,0,2,0,2,1,2,41,2022-01-03,Monday,Laborable,Noche (18-24h),2,Leve,TRUE
2.022e+122,4,Les Corts,19,les Corts,Numància,Diumenge,2022,1,Gener,9,18,Tarda,Creuar per fora pas de vianants,0,1,0,1,1,2,41,2022-01-09,Sunday,Fin de semana,Noche (18-24h),1,Leve,TRUE
2.022e+16,5,Sarrià-Sant Gervasi,23,Sarrià,Augusta,Diumenge,2022,1,Gener,2,18,Tarda,No és causa del  vianant,0,4,0,4,2,2,41,2022-01-02,Sunday,Fin de semana,Noche (18-24h),4,Leve,TRUE
2.022e+71,5,Sarrià-Sant Gervasi,25,Sant Gervasi - la Bonanova,B-20 (Llobregat),Dijous,2022,1,Gener,6,5,Nit,No és causa del  vianant,0,1,0,1,1,2,41,2022-01-06,Thursday,Laborable,Madrugada (00-06h),1,Leve,TRUE
2.022e+200,6,Gràcia,28,Vallcarca i els Penitents,Mare de Déu del Coll / Medes,Divendres,2022,1,Gener,14,12,Matí,No és causa del  vianant,0,0,0,0,1,2,41,2022-01-14,Friday,Laborable,Tarde (12-18h),0,Leve,FALSE
2.022e+170,6,Gràcia,28,Vallcarca i els Penitents,Lesseps,Dimecres,2022,1,Gener,12,16,Tarda,No és causa del  vianant,0,1,0,1,2,2,41,2022-01-12,Wednesday,Laborable,Tarde (12-18h),1,Leve,TRUE
2.022e+173,6,Gràcia,30,la Salut,Sardenya,Dissabte,2022,1,Gener,8,10,Matí,No és causa del  vianant,0,0,0,0,2,2,41,2022-01-08,Saturday,Fin de semana,Manana (06-12h),0,Leve,FALSE
2.022e+304,6,Gràcia,29,el Coll,Mare de Déu del Coll,Dimecres,2022,1,Gener,19,8,Matí,No és causa del  vianant,0,1,0,1,2,2,41,2022-01-19,Wednesday,Laborable,Manana (06-12h),1,Leve,TRUE
2.022e+193,6,Gràcia,31,la Vila de Gràcia,Dalt,Divendres,2022,1,Gener,14,11,Matí,No és causa del  vianant,0,1,0,1,2,2,41,2022-01-14,Friday,Laborable,Manana (06-12h),1,Leve,TRUE
2.022e+264,7,Horta-Guinardó,33,el Baix Guinardó,Pi i Margall,Dilluns,2022,1,Gener,17,12,Matí,No és causa del  vianant,0,0,0,0,2,2,41,2022-01-17,Monday,Laborable,Tarde (12-18h),0,Leve,FALSE
2.022e+20,7,Horta-Guinardó,35,el Guinardó,Amílcar,Diumenge,2022,1,Gener,2,21,Tarda,Creuar per fora pas de vianants,0,1,0,1,1,2,41,2022-01-02,Sunday,Fin de semana,Noche (18-24h),1,Leve,TRUE
2.022e+182,9,Sant Andreu,59,el Bon Pastor,Fra Juníper Serra,Dissabte,2022,1,Gener,8,13,Matí,No és causa del  vianant,0,1,0,1,2,2,41,2022-01-08,Saturday,Fin de semana,Tarde (12-18h),1,Leve,TRUE
2.022e+24,9,Sant Andreu,59,el Bon Pastor,Monterrey,Dilluns,2022,1,Gener,3,10,Matí,No és causa del  vianant,0,1,0,1,2,2,41,2022-01-03,Monday,Laborable,Manana (06-12h),1,Leve,TRUE
202200000,8,Nou Barris,46,el Turó de la Peira,Nil,Dissabte,2022,1,Gener,1,17,Tarda,No és causa del  vianant,0,0,0,0,2,2,41,2022-01-01,Saturday,Fin de semana,Tarde (12-18h),0,Leve,FALSE
2.022e+68,10,Sant Martí,65,el Clot,Meridiana / Trinxant,Dimecres,2022,1,Gener,5,21,Tarda,No és causa del  vianant,0,1,0,1,2,2,41,2022-01-05,Wednesday,Laborable,Noche (18-24h),1,Leve,TRUE
2.022e+302,1,Ciutat Vella,1,el Raval,Drassanes,Dimecres,2022,1,Gener,19,1,Nit,No és causa del  vianant,0,1,0,1,1,2,41,2022-01-19,Wednesday,Laborable,Madrugada (00-06h),1,Leve,TRUE
2.022e+111,2,Eixample,10,Sant Antoni,Calàbria / Tamarit,Dissabte,2022,1,Gener,8,18,Tarda,No és causa del  vianant,0,1,0,1,1,2,41,2022-01-08,Saturday,Fin de semana,Noche (18-24h),1,Leve,TRUE
2.022e+98,2,Eixample,9,la Nova Esquerra de l'Eixample,Corts Catalanes / Comte d'Urgell,Divendres,2022,1,Gener,7,20,Tarda,No és causa del  vianant,0,1,0,1,2,2,41,2022-01-07,Friday,Laborable,Noche (18-24h),1,Leve,TRUE
2.022e+210,2,Eixample,9,la Nova Esquerra de l'Eixample,València / Rocafort,Divendres,2022,1,Gener,14,17,Tarda,No és causa del  vianant,0,2,0,2,2,2,41,2022-01-14,Friday,Laborable,Tarde (12-18h),2,Leve,TRUE
2.022e+258,2,Eixample,7,la Dreta de l'Eixample,Aragó,Dilluns,2022,1,Gener,17,7,Matí,No és causa del  vianant,0,1,0,1,2,2,41,2022-01-17,Monday,Laborable,Manana (06-12h),1,Leve,TRUE
2.022e+187,2,Eixample,8,l'Antiga Esquerra de l'Eixample,Villarroel / Còrsega,Dijous,2022,1,Gener,13,18,Tarda,No és causa del  vianant,0,2,0,2,2,2,41,2022-01-13,Thursday,Laborable,Noche (18-24h),2,Leve,TRUE
2.022e+165,2,Eixample,8,l'Antiga Esquerra de l'Eixample,València / Villarroel,Dimecres,2022,1,Gener,12,17,Tarda,No és causa del  vianant,0,2,0,2,2,2,41,2022-01-12,Wednesday,Laborable,Tarde (12-18h),2,Leve,TRUE
2.022e+270,2,Eixample,6,la Sagrada Família,Consell de Cent / Cartagena,Dilluns,2022,1,Gener,17,17,Tarda,No és causa del  vianant,0,1,0,1,3,2,41,2022-01-17,Monday,Laborable,Tarde (12-18h),1,Leve,TRUE
2.022e+294,2,Eixample,7,la Dreta de l'Eixample,Sant Joan,Dimarts,2022,1,Gener,18,17,Tarda,Creuar per fora pas de vianants,0,2,0,2,1,2,41,2022-01-18,Tuesday,Laborable,Tarde (12-18h),2,Leve,TRUE
2.022e+113,2,Eixample,5,el Fort Pienc,Sant Joan / Ausiàs Marc,Dissabte,2022,1,Gener,8,20,Tarda,Creuar per fora pas de vianants,0,1,0,1,1,2,41,2022-01-08,Saturday,Fin de semana,Noche (18-24h),1,Leve,TRUE
2.022e+214,2,Eixample,7,la Dreta de l'Eixample,Corts Catalanes,Divendres,2022,1,Gener,14,20,Tarda,No és causa del  vianant,0,1,0,1,2,2,41,2022-01-14,Friday,Laborable,Noche (18-24h),1,Leve,TRUE
2.022e+243,2,Eixample,7,la Dreta de l'Eixample,Sant Pere / Catalunya,Diumenge,2022,1,Gener,16,11,Matí,No és causa del  vianant,0,1,0,1,2,2,41,2022-01-16,Sunday,Fin de semana,Manana (06-12h),1,Leve,TRUE
2.022e+241,2,Eixample,7,la Dreta de l'Eixample,Aragó / Pau Claris,Diumenge,2022,1,Gener,16,10,Matí,No és causa del  vianant,0,1,0,1,2,2,41,2022-01-16,Sunday,Fin de semana,Manana (06-12h),1,Leve,TRUE
2.022e+164,2,Eixample,7,la Dreta de l'Eixample,Corts Catalanes / Girona,Dimecres,2022,1,Gener,12,14,Tarda,No és causa del  vianant,0,1,0,1,2,2,41,2022-01-12,Wednesday,Laborable,Tarde (12-18h),1,Leve,TRUE
2.022e+245,2,Eixample,5,el Fort Pienc,Meridiana / Marina,Diumenge,2022,1,Gener,16,14,Tarda,No és causa del  vianant,0,1,0,1,2,2,41,2022-01-16,Sunday,Fin de semana,Tarde (12-18h),1,Leve,TRUE
2.022e+186,3,Sants-Montjuïc,12,la Marina del Prat Vermell,A Zona Franca,Dijous,2022,1,Gener,13,18,Tarda,No és causa del  vianant,0,1,0,1,2,2,41,2022-01-13,Thursday,Laborable,Noche (18-24h),1,Leve,TRUE
2.022e+156,3,Sants-Montjuïc,12,la Marina del Prat Vermell,Litoral (Besòs),Dimecres,2022,1,Gener,12,7,Matí,No és causa del  vianant,0,2,0,2,2,2,41,2022-01-12,Wednesday,Laborable,Manana (06-12h),2,Leve,TRUE
2.022e+121,3,Sants-Montjuïc,16,la Bordeta,Mossèn Amadeu Oller,Diumenge,2022,1,Gener,9,15,Tarda,No és causa del  vianant,0,1,0,1,3,2,41,2022-01-09,Sunday,Fin de semana,Tarde (12-18h),1,Leve,TRUE
2.022e+105,3,Sants-Montjuïc,15,Hostafrancs,Roma,Dijous,2022,1,Gener,6,23,Nit,No és causa del  vianant,0,0,0,0,1,2,41,2022-01-06,Thursday,Laborable,Noche (18-24h),0,Leve,FALSE
2.022e+64,4,Les Corts,19,les Corts,Sarrià / Doctor Ignasi Barraquer,Dimecres,2022,1,Gener,5,16,Tarda,No és causa del  vianant,0,1,0,1,2,2,41,2022-01-05,Wednesday,Laborable,Tarde (12-18h),1,Leve,TRUE
2.022e+51,4,Les Corts,21,Pedralbes,Dalt (Besòs),Dimecres,2022,1,Gener,5,6,Matí,No és causa del  vianant,0,0,0,0,3,2,41,2022-01-05,Wednesday,Laborable,Manana (06-12h),0,Leve,FALSE
2.022e+130,4,Les Corts,20,la Maternitat i Sant Ramon,Corts / Comandant Benítez,Dilluns,2022,1,Gener,10,13,Matí,No és causa del  vianant,0,1,0,1,1,2,41,2022-01-10,Monday,Laborable,Tarde (12-18h),1,Leve,TRUE
2.022e+153,5,Sarrià-Sant Gervasi,26,Sant Gervasi - Galvany,Muntaner / Gràcia,Dimarts,2022,1,Gener,11,19,Tarda,No és causa del  vianant,0,5,0,5,1,2,41,2022-01-11,Tuesday,Laborable,Noche (18-24h),5,Leve,TRUE
2.022e+209,5,Sarrià-Sant Gervasi,26,Sant Gervasi - Galvany,Balmes / Comte de Salvatierra,Divendres,2022,1,Gener,14,16,Tarda,No és causa del  vianant,0,1,0,1,2,2,41,2022-01-14,Friday,Laborable,Tarde (12-18h),1,Leve,TRUE
2.022e+149,5,Sarrià-Sant Gervasi,23,Sarrià,Prat de la Riba / Manuel Girona,Dimarts,2022,1,Gener,11,15,Tarda,No és causa del  vianant,0,1,0,1,2,2,41,2022-01-11,Tuesday,Laborable,Tarde (12-18h),1,Leve,TRUE
2.022e+159,5,Sarrià-Sant Gervasi,25,Sant Gervasi - la Bonanova,Muntaner,Dimecres,2022,1,Gener,12,12,Matí,No és causa del  vianant,0,1,0,1,2,2,41,2022-01-12,Wednesday,Laborable,Tarde (12-18h),1,Leve,TRUE
2.022e+127,5,Sarrià-Sant Gervasi,25,Sant Gervasi - la Bonanova,Dalt (Llobregat),Dilluns,2022,1,Gener,10,8,Matí,No és causa del  vianant,0,3,0,3,4,2,41,2022-01-10,Monday,Laborable,Manana (06-12h),3,Leve,TRUE
2.022e+226,5,Sarrià-Sant Gervasi,25,Sant Gervasi - la Bonanova,Balmes / Figuerola,Dissabte,2022,1,Gener,15,14,Tarda,No és causa del  vianant,0,1,0,1,2,2,41,2022-01-15,Saturday,Fin de semana,Tarde (12-18h),1,Leve,TRUE
2.022e+118,5,Sarrià-Sant Gervasi,25,Sant Gervasi - la Bonanova,B-20 (Llobregat),Diumenge,2022,1,Gener,9,11,Matí,No és causa del  vianant,0,2,0,2,2,2,41,2022-01-09,Sunday,Fin de semana,Manana (06-12h),2,Leve,TRUE
2.022e+126,5,Sarrià-Sant Gervasi,25,Sant Gervasi - la Bonanova,Sant Gervasi / Tibidabo,Dilluns,2022,1,Gener,10,9,Matí,No és causa del  vianant,0,1,0,1,2,2,41,2022-01-10,Monday,Laborable,Manana (06-12h),1,Leve,TRUE
2.022e+255,6,Gràcia,30,la Salut,Dalt,Diumenge,2022,1,Gener,16,21,Tarda,No és causa del  vianant,0,4,0,4,2,2,41,2022-01-16,Sunday,Fin de semana,Noche (18-24h),4,Leve,TRUE
2.022e+291,7,Horta-Guinardó,36,la Font d'en Fargues,Font d'en Fargas,Dimarts,2022,1,Gener,18,16,Tarda,No és causa del  vianant,0,0,0,0,1,2,41,2022-01-18,Tuesday,Laborable,Tarde (12-18h),0,Leve,FALSE
2.022e+89,7,Horta-Guinardó,34,Can Baró,José Millán González,Dijous,2022,1,Gener,6,23,Nit,No és causa del  vianant,0,0,0,0,2,2,41,2022-01-06,Thursday,Laborable,Noche (18-24h),0,Leve,FALSE
2.022e+301,9,Sant Andreu,63,Navas,Mallorca / Biscaia,Dimarts,2022,1,Gener,18,23,Nit,No és causa del  vianant,0,2,0,2,1,2,41,2022-01-18,Tuesday,Laborable,Noche (18-24h),2,Leve,TRUE
2.022e+88,8,Nou Barris,45,Porta,Pintor Alsamora / Escultor Ordóñez,Divendres,2022,1,Gener,7,9,Matí,No és causa del  vianant,0,1,0,1,1,2,41,2022-01-07,Friday,Laborable,Manana (06-12h),1,Leve,TRUE
2.022e+48,8,Nou Barris,45,Porta,Meridiana,Dimarts,2022,1,Gener,4,20,Tarda,No és causa del  vianant,0,1,0,1,2,2,41,2022-01-04,Tuesday,Laborable,Noche (18-24h),1,Leve,TRUE
2.022e+63,10,Sant Martí,64,el Camp de l'Arpa del Clot,Dos de Maig / Mallorca,Dimecres,2022,1,Gener,5,15,Tarda,No és causa del  vianant,0,2,0,2,2,2,41,2022-01-05,Wednesday,Laborable,Tarde (12-18h),2,Leve,TRUE
2.022e+274,10,Sant Martí,71,Provençals del Poblenou,Corts Catalanes,Dilluns,2022,1,Gener,17,20,Tarda,No és causa del  vianant,0,1,0,1,5,2,41,2022-01-17,Monday,Laborable,Noche (18-24h),1,Leve,TRUE
2.022e+40,1,Ciutat Vella,2,el Barri Gòtic,Antonio López,Dimarts,2022,1,Gener,4,0,Nit,No és causa del  vianant,0,1,0,1,2,2,41,2022-01-04,Tuesday,Laborable,Madrugada (00-06h),1,Leve,TRUE
2.022e+12,1,Ciutat Vella,2,el Barri Gòtic,Fontanella / Laietana,Diumenge,2022,1,Gener,2,13,Matí,No és causa del  vianant,0,1,0,1,2,2,41,2022-01-02,Sunday,Fin de semana,Tarde (12-18h),1,Leve,TRUE
2.022e+282,1,Ciutat Vella,4,"Sant Pere, Santa Caterina i la Ribera",Jonqueres / Trafalgar,Dimarts,2022,1,Gener,18,11,Matí,No és causa del  vianant,0,2,0,2,2,2,41,2022-01-18,Tuesday,Laborable,Manana (06-12h),2,Leve,TRUE
2.022e+296,2,Eixample,8,l'Antiga Esquerra de l'Eixample,Aribau / Provença,Dimarts,2022,1,Gener,18,19,Tarda,No és causa del  vianant,0,1,0,1,2,2,41,2022-01-18,Tuesday,Laborable,Noche (18-24h),1,Leve,TRUE
2.022e+247,2,Eixample,7,la Dreta de l'Eixample,Corts Catalanes / Catalunya,Diumenge,2022,1,Gener,16,13,Matí,No és causa del  vianant,0,1,0,1,2,2,41,2022-01-16,Sunday,Fin de semana,Tarde (12-18h),1,Leve,TRUE
2.022e+25,2,Eixample,7,la Dreta de l'Eixample,Gràcia,Dilluns,2022,1,Gener,3,11,Matí,No és causa del  vianant,0,1,0,1,1,2,41,2022-01-03,Monday,Laborable,Manana (06-12h),1,Leve,TRUE
2.022e+140,2,Eixample,7,la Dreta de l'Eixample,Aragó,Dilluns,2022,1,Gener,10,15,Tarda,No és causa del  vianant,0,1,0,1,2,2,41,2022-01-10,Monday,Laborable,Tarde (12-18h),1,Leve,TRUE
2.022e+307,2,Eixample,7,la Dreta de l'Eixample,Aragó,Dimecres,2022,1,Gener,19,9,Matí,No és causa del  vianant,0,1,0,1,1,2,41,2022-01-19,Wednesday,Laborable,Manana (06-12h),1,Leve,TRUE
2.022e+91,3,Sants-Montjuïc,18,Sants,Josep Tarradellas,Divendres,2022,1,Gener,7,15,Tarda,No és causa del  vianant,0,1,0,1,2,2,41,2022-01-07,Friday,Laborable,Tarde (12-18h),1,Leve,TRUE
2.022e+65,4,Les Corts,19,les Corts,Josep Tarradellas / Sarrià,Dimecres,2022,1,Gener,5,19,Tarda,No és causa del  vianant,0,0,0,0,2,2,41,2022-01-05,Wednesday,Laborable,Noche (18-24h),0,Leve,FALSE
2.022e+208,4,Les Corts,20,la Maternitat i Sant Ramon,Diagonal / Pius XII,Divendres,2022,1,Gener,14,16,Tarda,No és causa del  vianant,0,1,0,1,2,2,41,2022-01-14,Friday,Laborable,Tarde (12-18h),1,Leve,TRUE
2.022e+28,5,Sarrià-Sant Gervasi,26,Sant Gervasi - Galvany,Calvet / Reina Victòria,Dilluns,2022,1,Gener,3,14,Tarda,No és causa del  vianant,0,0,0,0,1,2,41,2022-01-03,Monday,Laborable,Tarde (12-18h),0,Leve,FALSE
2.022e+222,5,Sarrià-Sant Gervasi,26,Sant Gervasi - Galvany,Francesc Macià / Diagonal,Dissabte,2022,1,Gener,15,11,Matí,No és causa del  vianant,0,1,0,1,2,2,41,2022-01-15,Saturday,Fin de semana,Manana (06-12h),1,Leve,TRUE
2.022e+85,5,Sarrià-Sant Gervasi,23,Sarrià,Can Caralleu,Divendres,2022,1,Gener,7,11,Matí,No és causa del  vianant,0,1,0,1,2,2,41,2022-01-07,Friday,Laborable,Manana (06-12h),1,Leve,TRUE
2.022e+75,5,Sarrià-Sant Gervasi,23,Sarrià,Cornet i Mas,Dijous,2022,1,Gener,6,11,Matí,No és causa del  vianant,0,0,0,0,1,2,41,2022-01-06,Thursday,Laborable,Manana (06-12h),0,Leve,FALSE
2.022e+232,5,Sarrià-Sant Gervasi,27,el Putxet i el Farró,Guillem Tell / Lincoln,Dissabte,2022,1,Gener,15,17,Tarda,No és causa del  vianant,0,1,0,1,2,2,41,2022-01-15,Saturday,Fin de semana,Tarde (12-18h),1,Leve,TRUE
2.022e+253,6,Gràcia,29,el Coll,Mare de Déu del Coll / Santuari,Diumenge,2022,1,Gener,16,19,Tarda,No és causa del  vianant,0,1,0,1,2,2,41,2022-01-16,Sunday,Fin de semana,Noche (18-24h),1,Leve,TRUE
2.022e+298,6,Gràcia,30,la Salut,Verdi / Albigesos,Dimarts,2022,1,Gener,18,19,Tarda,No és causa del  vianant,0,1,0,1,2,2,41,2022-01-18,Tuesday,Laborable,Noche (18-24h),1,Leve,TRUE
2.022e+251,7,Horta-Guinardó,39,Sant Genís dels Agudells,Sant Cugat,Diumenge,2022,1,Gener,16,17,Tarda,No és causa del  vianant,0,1,0,1,1,2,41,2022-01-16,Sunday,Fin de semana,Tarde (12-18h),1,Leve,TRUE
2.022e+82,7,Horta-Guinardó,39,Sant Genís dels Agudells,Jordà / Judea,Divendres,2022,1,Gener,7,8,Matí,No és causa del  vianant,0,1,0,1,2,2,41,2022-01-07,Friday,Laborable,Manana (06-12h),1,Leve,TRUE
2.022e+194,7,Horta-Guinardó,43,Horta,Estatut,Divendres,2022,1,Gener,14,8,Matí,No és causa del  vianant,0,1,0,1,2,2,41,2022-01-14,Friday,Laborable,Manana (06-12h),1,Leve,TRUE
2.022e+74,7,Horta-Guinardó,35,el Guinardó,Sant Antoni Maria Claret / Maragall,Dijous,2022,1,Gener,6,12,Matí,No és causa del  vianant,0,1,0,1,2,2,41,2022-01-06,Thursday,Laborable,Tarde (12-18h),1,Leve,TRUE
2.022e+267,9,Sant Andreu,63,Navas,Meridiana,Dilluns,2022,1,Gener,17,14,Tarda,No és causa del  vianant,0,1,0,1,2,2,41,2022-01-17,Monday,Laborable,Tarde (12-18h),1,Leve,TRUE
2.022e+229,9,Sant Andreu,60,Sant Andreu,Agustí i Milà / Recesvint,Dissabte,2022,1,Gener,15,13,Matí,No és causa del  vianant,0,1,0,1,3,2,41,2022-01-15,Saturday,Fin de semana,Tarde (12-18h),1,Leve,TRUE
2.022e+14,9,Sant Andreu,63,Navas,Maragall,Diumenge,2022,1,Gener,2,16,Tarda,No és causa del  vianant,0,1,0,1,2,2,41,2022-01-02,Sunday,Fin de semana,Tarde (12-18h),1,Leve,TRUE
2.022e+119,8,Nou Barris,45,Porta,Valldaura,Diumenge,2022,1,Gener,9,14,Tarda,No és causa del  vianant,0,1,0,1,2,2,41,2022-01-09,Sunday,Fin de semana,Tarde (12-18h),1,Leve,TRUE
2.022e+49,10,Sant Martí,73,la Verneda i la Pau,Santander,Dimecres,2022,1,Gener,5,6,Matí,No és causa del  vianant,0,1,0,1,2,2,41,2022-01-05,Wednesday,Laborable,Manana (06-12h),1,Leve,TRUE
2.022e+204,10,Sant Martí,72,Sant Martí de Provençals,Treball,Divendres,2022,1,Gener,14,15,Tarda,No és causa del  vianant,0,1,0,1,2,2,41,2022-01-14,Friday,Laborable,Tarde (12-18h),1,Leve,TRUE
2.022e+146,10,Sant Martí,71,Provençals del Poblenou,Bilbao / Corts Catalanes,Dimarts,2022,1,Gener,11,8,Matí,No és causa del  vianant,0,1,0,1,2,2,41,2022-01-11,Tuesday,Laborable,Manana (06-12h),1,Leve,TRUE
2.022e+288,10,Sant Martí,68,el Poblenou,Bilbao / Ramon Turró,Dimarts,2022,1,Gener,18,13,Matí,No és causa del  vianant,0,1,0,1,2,2,41,2022-01-18,Tuesday,Laborable,Tarde (12-18h),1,Leve,TRUE
2.022e+260,10,Sant Martí,66,el Parc i la Llacuna del Poblenou,Meridiana / Sancho de Ávila,Dilluns,2022,1,Gener,17,8,Matí,No és causa del  vianant,0,2,0,2,2,2,41,2022-01-17,Monday,Laborable,Manana (06-12h),2,Leve,TRUE
2.022e+212,1,Ciutat Vella,2,el Barri Gòtic,Colom,Divendres,2022,1,Gener,14,18,Tarda,Desobeir el senyal del semàfor,0,0,1,1,1,2,41,2022-01-14,Friday,Laborable,Noche (18-24h),1,Grave,TRUE
2.022e+86,1,Ciutat Vella,3,la Barceloneta,Joan Borbó Comte Barcelona,Dimarts,2022,1,Gener,4,20,Tarda,No és causa del  vianant,0,1,0,1,1,2,41,2022-01-04,Tuesday,Laborable,Noche (18-24h),1,Leve,TRUE
2.022e+265,2,Eixample,9,la Nova Esquerra de l'Eixample,Entença / Consell de Cent,Dilluns,2022,1,Gener,17,8,Matí,Desobeir el senyal del semàfor,0,1,0,1,1,2,41,2022-01-17,Monday,Laborable,Manana (06-12h),1,Leve,TRUE
2.022e+286,2,Eixample,10,Sant Antoni,Floridablanca / Comte d'Urgell,Dimarts,2022,1,Gener,18,13,Matí,No és causa del  vianant,0,1,0,1,2,2,41,2022-01-18,Tuesday,Laborable,Tarde (12-18h),1,Leve,TRUE
2.022e+152,2,Eixample,7,la Dreta de l'Eixample,Aragó / Roger de Llúria,Dimarts,2022,1,Gener,11,19,Tarda,No és causa del  vianant,0,2,0,2,2,2,41,2022-01-11,Tuesday,Laborable,Noche (18-24h),2,Leve,TRUE
2.022e+281,2,Eixample,10,Sant Antoni,Paral·lel,Dimarts,2022,1,Gener,18,10,Matí,No és causa del  vianant,0,1,0,1,2,2,41,2022-01-18,Tuesday,Laborable,Manana (06-12h),1,Leve,TRUE
2.022e+83,2,Eixample,7,la Dreta de l'Eixample,Bruc / Provença,Divendres,2022,1,Gener,7,10,Matí,No és causa del  vianant,0,1,0,1,2,2,41,2022-01-07,Friday,Laborable,Manana (06-12h),1,Leve,TRUE
2.022e+172,2,Eixample,8,l'Antiga Esquerra de l'Eixample,Casanova / València,Dimecres,2022,1,Gener,12,19,Tarda,No és causa del  vianant,0,1,0,1,2,2,41,2022-01-12,Wednesday,Laborable,Noche (18-24h),1,Leve,TRUE
2.022e+117,2,Eixample,8,l'Antiga Esquerra de l'Eixample,València,Diumenge,2022,1,Gener,9,8,Matí,No és causa del  vianant,0,1,0,1,1,2,41,2022-01-09,Sunday,Fin de semana,Manana (06-12h),1,Leve,TRUE
2.022e+102,2,Eixample,8,l'Antiga Esquerra de l'Eixample,Provença / Casanova,Divendres,2022,1,Gener,7,22,Nit,No és causa del  vianant,0,0,1,1,2,2,41,2022-01-07,Friday,Laborable,Noche (18-24h),1,Grave,TRUE
2.022e+233,2,Eixample,8,l'Antiga Esquerra de l'Eixample,Casanova / Provença,Dissabte,2022,1,Gener,15,16,Tarda,No és causa del  vianant,0,1,0,1,3,2,41,2022-01-15,Saturday,Fin de semana,Tarde (12-18h),1,Leve,TRUE
2.022e+52,2,Eixample,8,l'Antiga Esquerra de l'Eixample,Mallorca,Dimecres,2022,1,Gener,5,8,Matí,No és causa del  vianant,0,1,0,1,3,2,41,2022-01-05,Wednesday,Laborable,Manana (06-12h),1,Leve,TRUE
2.022e+216,2,Eixample,8,l'Antiga Esquerra de l'Eixample,Aribau / Diputació,Divendres,2022,1,Gener,14,21,Tarda,No és causa del  vianant,0,1,0,1,2,2,41,2022-01-14,Friday,Laborable,Noche (18-24h),1,Leve,TRUE
2.022e+268,2,Eixample,8,l'Antiga Esquerra de l'Eixample,Muntaner / Provença,Dilluns,2022,1,Gener,17,15,Tarda,No és causa del  vianant,0,3,0,3,3,2,41,2022-01-17,Monday,Laborable,Tarde (12-18h),3,Leve,TRUE
2.022e+163,2,Eixample,6,la Sagrada Família,Rosselló / Padilla,Dimecres,2022,1,Gener,12,14,Tarda,No és causa del  vianant,0,1,0,1,2,2,41,2022-01-12,Wednesday,Laborable,Tarde (12-18h),1,Leve,TRUE
2.022e+171,2,Eixample,6,la Sagrada Família,Aragó,Dimecres,2022,1,Gener,12,15,Tarda,No és causa del  vianant,0,1,0,1,2,2,41,2022-01-12,Wednesday,Laborable,Tarde (12-18h),1,Leve,TRUE
2.022e+72,2,Eixample,5,el Fort Pienc,Sant Joan / Alí Bei,Dijous,2022,1,Gener,6,9,Matí,No és causa del  vianant,0,1,0,1,6,2,41,2022-01-06,Thursday,Laborable,Manana (06-12h),1,Leve,TRUE
2.022e+168,4,Les Corts,19,les Corts,Marquès de Sentmenat / Equador,Dimecres,2022,1,Gener,12,15,Tarda,Altres,0,2,0,2,1,2,41,2022-01-12,Wednesday,Laborable,Tarde (12-18h),2,Leve,TRUE
2.022e+215,3,Sants-Montjuïc,18,Sants,Sants / Watt,Divendres,2022,1,Gener,14,18,Tarda,No és causa del  vianant,0,1,0,1,1,2,41,2022-01-14,Friday,Laborable,Noche (18-24h),1,Leve,TRUE
2.022e+17,3,Sants-Montjuïc,18,Sants,Sants,Diumenge,2022,1,Gener,2,19,Tarda,No és causa del  vianant,0,1,0,1,1,2,41,2022-01-02,Sunday,Fin de semana,Noche (18-24h),1,Leve,TRUE
2.022e+55,4,Les Corts,19,les Corts,Corts,Dimecres,2022,1,Gener,5,11,Matí,No és causa del  vianant,0,1,0,1,2,2,41,2022-01-05,Wednesday,Laborable,Manana (06-12h),1,Leve,TRUE
2.022e+295,5,Sarrià-Sant Gervasi,26,Sant Gervasi - Galvany,Augusta / Alfons XII,Dimarts,2022,1,Gener,18,17,Tarda,No és causa del  vianant,0,1,0,1,3,2,41,2022-01-18,Tuesday,Laborable,Tarde (12-18h),1,Leve,TRUE
2.022e+73,5,Sarrià-Sant Gervasi,26,Sant Gervasi - Galvany,General Mitre,Dijous,2022,1,Gener,6,12,Matí,No és causa del  vianant,0,1,0,1,2,2,41,2022-01-06,Thursday,Laborable,Tarde (12-18h),1,Leve,TRUE
2.022e+67,5,Sarrià-Sant Gervasi,26,Sant Gervasi - Galvany,Balmes,Dimecres,2022,1,Gener,5,17,Tarda,No és causa del  vianant,0,1,0,1,2,2,41,2022-01-05,Wednesday,Laborable,Tarde (12-18h),1,Leve,TRUE
2.022e+167,5,Sarrià-Sant Gervasi,23,Sarrià,J. V. Foix,Dimecres,2022,1,Gener,12,16,Tarda,No és causa del  vianant,0,1,0,1,2,2,41,2022-01-12,Wednesday,Laborable,Tarde (12-18h),1,Leve,TRUE
2.022e+15,5,Sarrià-Sant Gervasi,25,Sant Gervasi - la Bonanova,Bonanova / Mandri,Diumenge,2022,1,Gener,2,17,Tarda,No és causa del  vianant,0,2,0,2,2,2,41,2022-01-02,Sunday,Fin de semana,Tarde (12-18h),2,Leve,TRUE
2.022e+175,5,Sarrià-Sant Gervasi,24,les Tres Torres,Mig (Descendent),Dijous,2022,1,Gener,13,9,Matí,No és causa del  vianant,0,2,0,2,1,2,41,2022-01-13,Thursday,Laborable,Manana (06-12h),2,Leve,TRUE
2.022e+27,5,Sarrià-Sant Gervasi,25,Sant Gervasi - la Bonanova,General Mitre,Dilluns,2022,1,Gener,3,14,Tarda,No és causa del  vianant,0,1,0,1,2,2,41,2022-01-03,Monday,Laborable,Tarde (12-18h),1,Leve,TRUE
2.022e+221,6,Gràcia,31,la Vila de Gràcia,Torrent de l'Olla / Ros de Olano,Dissabte,2022,1,Gener,15,11,Matí,No és causa del  vianant,0,2,0,2,1,2,41,2022-01-15,Saturday,Fin de semana,Manana (06-12h),2,Leve,TRUE
2.022e+280,6,Gràcia,32,el Camp d'en Grassot i Gràcia Nova,Sant Joan / Còrsega,Dimarts,2022,1,Gener,18,7,Matí,No és causa del  vianant,0,1,0,1,2,2,41,2022-01-18,Tuesday,Laborable,Manana (06-12h),1,Leve,TRUE
2.022e+250,7,Horta-Guinardó,37,el Carmel,Sigüenza / Ramon Rocafull,Diumenge,2022,1,Gener,16,17,Tarda,No és causa del  vianant,0,1,0,1,2,2,41,2022-01-16,Sunday,Fin de semana,Tarde (12-18h),1,Leve,TRUE
2.022e+166,7,Horta-Guinardó,35,el Guinardó,Guinardó / Cartagena,Dimecres,2022,1,Gener,12,13,Matí,No és causa del  vianant,0,1,0,1,2,2,41,2022-01-12,Wednesday,Laborable,Tarde (12-18h),1,Leve,TRUE
2.022e+143,7,Horta-Guinardó,35,el Guinardó,Escornalbou,Dimarts,2022,1,Gener,11,10,Matí,No és causa del  vianant,0,2,0,2,2,2,41,2022-01-11,Tuesday,Laborable,Manana (06-12h),2,Leve,TRUE
2.022e+271,7,Horta-Guinardó,35,el Guinardó,Maragall / Ramon Albó,Dilluns,2022,1,Gener,17,15,Tarda,No és causa del  vianant,0,1,0,1,2,2,41,2022-01-17,Monday,Laborable,Tarde (12-18h),1,Leve,TRUE
2.022e+242,7,Horta-Guinardó,35,el Guinardó,Renaixença,Diumenge,2022,1,Gener,16,10,Matí,No és causa del  vianant,0,0,0,0,2,2,41,2022-01-16,Sunday,Fin de semana,Manana (06-12h),0,Leve,FALSE
2.022e+53,8,Nou Barris,55,Ciutat Meridiana,Vallcivera,Dimecres,2022,1,Gener,5,8,Matí,No és causa del  vianant,0,1,0,1,1,2,41,2022-01-05,Wednesday,Laborable,Manana (06-12h),1,Leve,TRUE
2.022e+179,9,Sant Andreu,60,Sant Andreu,Meridiana / Rosselló i Porcel,Dimecres,2022,1,Gener,12,20,Tarda,No és causa del  vianant,0,1,0,1,1,2,41,2022-01-12,Wednesday,Laborable,Noche (18-24h),1,Leve,TRUE
2.022e+56,9,Sant Andreu,59,el Bon Pastor,Sas / Tàrrega,Dimecres,2022,1,Gener,5,14,Tarda,No és causa del  vianant,0,1,0,1,2,2,41,2022-01-05,Wednesday,Laborable,Tarde (12-18h),1,Leve,TRUE
2.022e+94,9,Sant Andreu,60,Sant Andreu,Meridiana,Divendres,2022,1,Gener,7,15,Tarda,No és causa del  vianant,0,1,0,1,2,2,41,2022-01-07,Friday,Laborable,Tarde (12-18h),1,Leve,TRUE
2.022e+202,8,Nou Barris,45,Porta,Garrofers / Rio de Janeiro,Divendres,2022,1,Gener,14,12,Matí,No és causa del  vianant,0,2,0,2,2,2,41,2022-01-14,Friday,Laborable,Tarde (12-18h),2,Leve,TRUE
20230,3,Sants-Montjuïc,18,Sants,Badal / Càceres,Diumenge,2023,1,Gener,1,10,Matí,No és causa del  vianant,0,0,1,1,1,2,41,2023-01-01,Sunday,Fin de semana,Manana (06-12h),1,Grave,TRUE
202300,7,Horta-Guinardó,33,el Baix Guinardó,Encarnació,Diumenge,2023,1,Gener,1,3,Nit,No és causa del  vianant,0,0,0,0,1,2,41,2023-01-01,Sunday,Fin de semana,Madrugada (00-06h),0,Leve,FALSE
2023000,1,Ciutat Vella,1,el Raval,Carme,Diumenge,2023,1,Gener,1,3,Nit,Creuar per fora pas de vianants,0,1,0,1,1,2,41,2023-01-01,Sunday,Fin de semana,Madrugada (00-06h),1,Leve,TRUE
202300000,6,Gràcia,31,la Vila de Gràcia,Riera de Sant Miquel / Sèneca,Diumenge,2023,1,Gener,1,17,Tarda,No és causa del  vianant,0,1,0,1,2,2,41,2023-01-01,Sunday,Fin de semana,Tarde (12-18h),1,Leve,TRUE
2.023e+09,6,Gràcia,31,la Vila de Gràcia,Gran de Gràcia / Gràcia,Diumenge,2023,1,Gener,1,17,Tarda,No és causa del  vianant,0,1,0,1,2,2,41,2023-01-01,Sunday,Fin de semana,Tarde (12-18h),1,Leve,TRUE
2.023e+10,3,Sants-Montjuïc,12,la Marina del Prat Vermell,Ramon Albó,Diumenge,2023,1,Gener,1,18,Tarda,No és causa del  vianant,0,1,0,1,2,2,41,2023-01-01,Sunday,Fin de semana,Noche (18-24h),1,Leve,TRUE
2.023e+11,6,Gràcia,31,la Vila de Gràcia,Riera de Cassoles,Diumenge,2023,1,Gener,1,14,Tarda,No és causa del  vianant,0,1,0,1,2,2,41,2023-01-01,Sunday,Fin de semana,Tarde (12-18h),1,Leve,TRUE
2.023e+12,7,Horta-Guinardó,43,Horta,Botticelli / Estatut de Catalunya,Dilluns,2023,1,Gener,2,4,Nit,No és causa del  vianant,0,4,0,4,4,2,41,2023-01-02,Monday,Laborable,Madrugada (00-06h),4,Leve,TRUE
2.023e+13,5,Sarrià-Sant Gervasi,26,Sant Gervasi - Galvany,Marc Aureli,Dilluns,2023,1,Gener,2,8,Matí,No és causa del  vianant,0,1,0,1,2,2,41,2023-01-02,Monday,Laborable,Manana (06-12h),1,Leve,TRUE
2.023e+14,7,Horta-Guinardó,39,Sant Genís dels Agudells,Sant Cugat / Samaria,Dilluns,2023,1,Gener,2,9,Matí,No és causa del  vianant,0,3,0,3,3,2,41,2023-01-02,Monday,Laborable,Manana (06-12h),3,Leve,TRUE
2.023e+15,6,Gràcia,31,la Vila de Gràcia,Verdi,Dilluns,2023,1,Gener,2,10,Matí,No és causa del  vianant,1,0,0,1,1,2,41,2023-01-02,Monday,Laborable,Manana (06-12h),0,Mortal,TRUE
2.023e+16,10,Sant Martí,71,Provençals del Poblenou,Corts Catalanes,Dilluns,2023,1,Gener,2,9,Matí,No és causa del  vianant,0,1,0,1,1,2,41,2023-01-02,Monday,Laborable,Manana (06-12h),1,Leve,TRUE
2.023e+17,5,Sarrià-Sant Gervasi,26,Sant Gervasi - Galvany,Muntaner / Hercegovina,Dilluns,2023,1,Gener,2,11,Matí,No és causa del  vianant,0,1,0,1,2,2,41,2023-01-02,Monday,Laborable,Manana (06-12h),1,Leve,TRUE
2.023e+18,10,Sant Martí,68,el Poblenou,Espronceda / Pallars,Dilluns,2023,1,Gener,2,10,Matí,No és causa del  vianant,0,3,0,3,2,2,41,2023-01-02,Monday,Laborable,Manana (06-12h),3,Leve,TRUE
2.023e+19,10,Sant Martí,64,el Camp de l'Arpa del Clot,Freser / Eterna Memòria,Dilluns,2023,1,Gener,2,8,Matí,No és causa del  vianant,0,3,0,3,2,2,41,2023-01-02,Monday,Laborable,Manana (06-12h),3,Leve,TRUE
2.023e+20,5,Sarrià-Sant Gervasi,26,Sant Gervasi - Galvany,Gràcia,Dilluns,2023,1,Gener,2,11,Matí,No és causa del  vianant,0,2,0,2,2,2,41,2023-01-02,Monday,Laborable,Manana (06-12h),2,Leve,TRUE
2.023e+21,9,Sant Andreu,57,la Trinitat Vella,Dalt (Besòs),Dilluns,2023,1,Gener,2,13,Matí,No és causa del  vianant,0,1,0,1,1,2,41,2023-01-02,Monday,Laborable,Tarde (12-18h),1,Leve,TRUE
2.023e+22,3,Sants-Montjuïc,12,la Marina del Prat Vermell,Parc Logístic,Dilluns,2023,1,Gener,2,15,Tarda,No és causa del  vianant,0,1,0,1,1,2,41,2023-01-02,Monday,Laborable,Tarde (12-18h),1,Leve,TRUE
2.023e+23,10,Sant Martí,64,el Camp de l'Arpa del Clot,Indústria / Maragall,Dilluns,2023,1,Gener,2,17,Tarda,No és causa del  vianant,0,1,0,1,1,2,41,2023-01-02,Monday,Laborable,Tarde (12-18h),1,Leve,TRUE
2.023e+24,4,Les Corts,21,Pedralbes,Dalt (Besòs),Dilluns,2023,1,Gener,2,14,Tarda,No és causa del  vianant,0,1,0,1,2,2,41,2023-01-02,Monday,Laborable,Tarde (12-18h),1,Leve,TRUE
2.023e+25,10,Sant Martí,72,Sant Martí de Provençals,Guipúscoa,Dilluns,2023,1,Gener,2,18,Tarda,No és causa del  vianant,0,1,0,1,2,2,41,2023-01-02,Monday,Laborable,Noche (18-24h),1,Leve,TRUE
2.023e+26,5,Sarrià-Sant Gervasi,22,"Vallvidrera, el Tibidabo i les Planes",Vesc / Vallvidrera a les Planes,Dilluns,2023,1,Gener,2,18,Tarda,No és causa del  vianant,0,1,0,1,1,2,41,2023-01-02,Monday,Laborable,Noche (18-24h),1,Leve,TRUE
2.023e+27,5,Sarrià-Sant Gervasi,26,Sant Gervasi - Galvany,Balmes / Diagonal,Dimecres,2023,1,Gener,4,16,Tarda,No és causa del  vianant,0,1,0,1,2,2,41,2023-01-04,Wednesday,Laborable,Tarde (12-18h),1,Leve,TRUE
2.023e+28,5,Sarrià-Sant Gervasi,27,el Putxet i el Farró,General Mitre / Berna,Dilluns,2023,1,Gener,2,18,Tarda,No és causa del  vianant,0,1,0,1,3,2,41,2023-01-02,Monday,Laborable,Noche (18-24h),1,Leve,TRUE
2.023e+29,9,Sant Andreu,57,la Trinitat Vella,Meridiana,Dilluns,2023,1,Gener,2,19,Tarda,No és causa del  vianant,0,8,0,8,5,2,41,2023-01-02,Monday,Laborable,Noche (18-24h),8,Leve,TRUE
2.023e+30,2,Eixample,7,la Dreta de l'Eixample,Catalunya / Mallorca,Dilluns,2023,1,Gener,2,22,Nit,No és causa del  vianant,0,1,0,1,2,2,41,2023-01-02,Monday,Laborable,Noche (18-24h),1,Leve,TRUE
2.023e+31,2,Eixample,5,el Fort Pienc,Nàpols,Dilluns,2023,1,Gener,2,21,Tarda,No és causa del  vianant,0,1,0,1,2,2,41,2023-01-02,Monday,Laborable,Noche (18-24h),1,Leve,TRUE
2.023e+32,7,Horta-Guinardó,43,Horta,Universal,Dilluns,2023,1,Gener,2,20,Tarda,No és causa del  vianant,0,1,0,1,2,2,41,2023-01-02,Monday,Laborable,Noche (18-24h),1,Leve,TRUE
2.023e+33,8,Nou Barris,53,la Trinitat Nova,Palamós,Dimarts,2023,1,Gener,3,8,Matí,No és causa del  vianant,0,2,0,2,2,2,41,2023-01-03,Tuesday,Laborable,Manana (06-12h),2,Leve,TRUE
2.023e+34,6,Gràcia,32,el Camp d'en Grassot i Gràcia Nova,Sardenya,Dimarts,2023,1,Gener,3,8,Matí,No és causa del  vianant,0,1,0,1,2,2,41,2023-01-03,Tuesday,Laborable,Manana (06-12h),1,Leve,TRUE
2.023e+35,4,Les Corts,21,Pedralbes,González Tablas / Cavallers,Dimarts,2023,1,Gener,3,12,Matí,No és causa del  vianant,0,0,0,0,2,2,41,2023-01-03,Tuesday,Laborable,Tarde (12-18h),0,Leve,FALSE
2.023e+36,2,Eixample,7,la Dreta de l'Eixample,Bailèn / Ausiàs Marc,Dimarts,2023,1,Gener,3,13,Matí,No és causa del  vianant,0,1,0,1,2,2,41,2023-01-03,Tuesday,Laborable,Tarde (12-18h),1,Leve,TRUE
2.023e+37,5,Sarrià-Sant Gervasi,27,el Putxet i el Farró,Lucà,Dimarts,2023,1,Gener,3,13,Matí,Creuar per fora pas de vianants,0,1,0,1,1,2,41,2023-01-03,Tuesday,Laborable,Tarde (12-18h),1,Leve,TRUE
2.023e+38,2,Eixample,9,la Nova Esquerra de l'Eixample,Aragó,Dimarts,2023,1,Gener,3,13,Matí,No és causa del  vianant,0,1,0,1,3,2,41,2023-01-03,Tuesday,Laborable,Tarde (12-18h),1,Leve,TRUE
2.023e+39,6,Gràcia,29,el Coll,Móra d'Ebre,Dimarts,2023,1,Gener,3,15,Tarda,No és causa del  vianant,0,1,0,1,1,2,41,2023-01-03,Tuesday,Laborable,Tarde (12-18h),1,Leve,TRUE
2.023e+40,6,Gràcia,31,la Vila de Gràcia,Gràcia,Dimarts,2023,1,Gener,3,14,Tarda,No és causa del  vianant,0,0,0,0,2,2,41,2023-01-03,Tuesday,Laborable,Tarde (12-18h),0,Leve,FALSE
2.023e+41,2,Eixample,6,la Sagrada Família,Padilla / Mallorca,Dimarts,2023,1,Gener,3,14,Tarda,No és causa del  vianant,0,1,0,1,2,2,41,2023-01-03,Tuesday,Laborable,Tarde (12-18h),1,Leve,TRUE
2.023e+42,2,Eixample,8,l'Antiga Esquerra de l'Eixample,València / Casanova,Dimarts,2023,1,Gener,3,14,Tarda,No és causa del  vianant,0,1,0,1,2,2,41,2023-01-03,Tuesday,Laborable,Tarde (12-18h),1,Leve,TRUE
2.023e+43,10,Sant Martí,68,el Poblenou,Diagonal / Bilbao,Dimarts,2023,1,Gener,3,17,Tarda,No és causa del  vianant,0,1,0,1,1,2,41,2023-01-03,Tuesday,Laborable,Tarde (12-18h),1,Leve,TRUE
2.023e+44,5,Sarrià-Sant Gervasi,26,Sant Gervasi - Galvany,Ganduxer,Dimarts,2023,1,Gener,3,18,Tarda,No és causa del  vianant,0,2,0,2,3,2,41,2023-01-03,Tuesday,Laborable,Noche (18-24h),2,Leve,TRUE
2.023e+45,3,Sants-Montjuïc,11,el Poble-sec,Puig i Xoriguer,Dimarts,2023,1,Gener,3,19,Tarda,No és causa del  vianant,0,1,0,1,1,2,41,2023-01-03,Tuesday,Laborable,Noche (18-24h),1,Leve,TRUE
2.023e+46,10,Sant Martí,69,Diagonal Mar i el Front Marítim del Poblenou,Garcia Fària,Dimarts,2023,1,Gener,3,19,Tarda,No és causa del  vianant,0,1,0,1,2,2,41,2023-01-03,Tuesday,Laborable,Noche (18-24h),1,Leve,TRUE
2.023e+47,6,Gràcia,28,Vallcarca i els Penitents,Lesseps,Dimarts,2023,1,Gener,3,19,Tarda,Altres,0,1,0,1,1,2,41,2023-01-03,Tuesday,Laborable,Noche (18-24h),1,Leve,TRUE
2.023e+48,8,Nou Barris,49,Canyelles,Dalt (Llobregat),Dimarts,2023,1,Gener,3,16,Tarda,No és causa del  vianant,0,2,0,2,3,2,41,2023-01-03,Tuesday,Laborable,Tarde (12-18h),2,Leve,TRUE
2.023e+49,7,Horta-Guinardó,41,la Vall d'Hebron,Jorge Manrique,Diumenge,2023,1,Gener,1,20,Tarda,No és causa del  vianant,0,1,0,1,2,2,41,2023-01-01,Sunday,Fin de semana,Noche (18-24h),1,Leve,TRUE
2.023e+50,2,Eixample,8,l'Antiga Esquerra de l'Eixample,Diagonal / Balmes,Dimarts,2023,1,Gener,3,17,Tarda,No és causa del  vianant,0,1,0,1,2,2,41,2023-01-03,Tuesday,Laborable,Tarde (12-18h),1,Leve,TRUE
2.023e+51,4,Les Corts,19,les Corts,Corts / Vallespir,Dimarts,2023,1,Gener,3,18,Tarda,No és causa del  vianant,0,1,0,1,2,2,41,2023-01-03,Tuesday,Laborable,Noche (18-24h),1,Leve,TRUE
2.023e+52,10,Sant Martí,68,el Poblenou,Poblenou / Tànger,Dimarts,2023,1,Gener,3,21,Tarda,No és causa del  vianant,0,1,0,1,2,2,41,2023-01-03,Tuesday,Laborable,Noche (18-24h),1,Leve,TRUE
2.023e+53,9,Sant Andreu,60,Sant Andreu,Meridiana,Dimarts,2023,1,Gener,3,18,Tarda,No és causa del  vianant,0,1,0,1,4,2,41,2023-01-03,Tuesday,Laborable,Noche (18-24h),1,Leve,TRUE
2.023e+54,3,Sants-Montjuïc,11,el Poble-sec,Paral·lel,Dimecres,2023,1,Gener,4,2,Nit,No és causa del  vianant,0,2,0,2,2,2,41,2023-01-04,Wednesday,Laborable,Madrugada (00-06h),2,Leve,TRUE
2.023e+55,10,Sant Martí,69,Diagonal Mar i el Front Marítim del Poblenou,Bac de Roda / Diagonal,Dimecres,2023,1,Gener,4,0,Nit,No és causa del  vianant,0,0,0,0,2,2,41,2023-01-04,Wednesday,Laborable,Madrugada (00-06h),0,Leve,FALSE
2.023e+56,10,Sant Martí,69,Diagonal Mar i el Front Marítim del Poblenou,Diagonal,Dimecres,2023,1,Gener,4,10,Matí,Desobeir el senyal del semàfor,0,1,0,1,1,2,41,2023-01-04,Wednesday,Laborable,Manana (06-12h),1,Leve,TRUE
2.023e+57,2,Eixample,8,l'Antiga Esquerra de l'Eixample,Aragó / Muntaner,Dimecres,2023,1,Gener,4,11,Matí,No és causa del  vianant,0,1,0,1,2,2,41,2023-01-04,Wednesday,Laborable,Manana (06-12h),1,Leve,TRUE
2.023e+58,4,Les Corts,19,les Corts,Numància / Deu i Mata,Dimecres,2023,1,Gener,4,13,Matí,No és causa del  vianant,0,1,0,1,2,2,41,2023-01-04,Wednesday,Laborable,Tarde (12-18h),1,Leve,TRUE
2.023e+59,7,Horta-Guinardó,33,el Baix Guinardó,Guinardó,Dimecres,2023,1,Gener,4,14,Tarda,No és causa del  vianant,0,2,0,2,2,2,41,2023-01-04,Wednesday,Laborable,Tarde (12-18h),2,Leve,TRUE
2.023e+60,5,Sarrià-Sant Gervasi,23,Sarrià,Sarrià a Vallvidrera,Dimecres,2023,1,Gener,4,12,Matí,No és causa del  vianant,0,1,0,1,2,2,41,2023-01-04,Wednesday,Laborable,Tarde (12-18h),1,Leve,TRUE
2.023e+61,10,Sant Martí,64,el Camp de l'Arpa del Clot,Meridiana / Las Navas de Tolosa,Dimecres,2023,1,Gener,4,16,Tarda,No és causa del  vianant,0,1,0,1,2,2,41,2023-01-04,Wednesday,Laborable,Tarde (12-18h),1,Leve,TRUE
2.023e+62,10,Sant Martí,66,el Parc i la Llacuna del Poblenou,Pere IV,Dimecres,2023,1,Gener,4,14,Tarda,No és causa del  vianant,0,1,0,1,2,2,41,2023-01-04,Wednesday,Laborable,Tarde (12-18h),1,Leve,TRUE
2.023e+63,4,Les Corts,19,les Corts,Numància / Diagonal,Dimecres,2023,1,Gener,4,18,Tarda,No és causa del  vianant,0,1,0,1,2,2,41,2023-01-04,Wednesday,Laborable,Noche (18-24h),1,Leve,TRUE
2.023e+64,3,Sants-Montjuïc,12,la Marina del Prat Vermell,Litoral (Besòs),Dimecres,2023,1,Gener,4,19,Tarda,No és causa del  vianant,0,3,0,3,3,2,41,2023-01-04,Wednesday,Laborable,Noche (18-24h),3,Leve,TRUE
2.023e+65,1,Ciutat Vella,2,el Barri Gòtic,Laietana,Dimecres,2023,1,Gener,4,18,Tarda,No és causa del  vianant,0,0,1,1,1,2,41,2023-01-04,Wednesday,Laborable,Noche (18-24h),1,Grave,TRUE
2.023e+66,10,Sant Martí,66,el Parc i la Llacuna del Poblenou,Corts Catalanes / Ciutat de Granada,Dimecres,2023,1,Gener,4,8,Matí,No és causa del  vianant,0,0,0,0,1,2,41,2023-01-04,Wednesday,Laborable,Manana (06-12h),0,Leve,FALSE
2.023e+67,8,Nou Barris,45,Porta,Verdum,Dimecres,2023,1,Gener,4,18,Tarda,No és causa del  vianant,0,1,0,1,1,2,41,2023-01-04,Wednesday,Laborable,Noche (18-24h),1,Leve,TRUE
2.023e+68,2,Eixample,7,la Dreta de l'Eixample,Consell de Cent / Bruc,Dimecres,2023,1,Gener,4,20,Tarda,No és causa del  vianant,0,1,0,1,3,2,41,2023-01-04,Wednesday,Laborable,Noche (18-24h),1,Leve,TRUE
2.023e+69,2,Eixample,5,el Fort Pienc,Lluís Companys / Sant Joan,Dimecres,2023,1,Gener,4,19,Tarda,No és causa del  vianant,0,1,0,1,2,2,41,2023-01-04,Wednesday,Laborable,Noche (18-24h),1,Leve,TRUE
2.023e+70,8,Nou Barris,44,Vilapicina i la Torre Llobeta,Meridiana,Dimecres,2023,1,Gener,4,19,Tarda,No és causa del  vianant,0,1,0,1,2,2,41,2023-01-04,Wednesday,Laborable,Noche (18-24h),1,Leve,TRUE
2.023e+71,2,Eixample,9,la Nova Esquerra de l'Eixample,Entença,Dijous,2023,1,Gener,5,0,Nit,No és causa del  vianant,0,1,0,1,2,2,41,2023-01-05,Thursday,Laborable,Madrugada (00-06h),1,Leve,TRUE
2.023e+72,3,Sants-Montjuïc,12,la Marina del Prat Vermell,Número 3 Zona Franca,Dijous,2023,1,Gener,5,1,Nit,No és causa del  vianant,0,0,0,0,1,2,41,2023-01-05,Thursday,Laborable,Madrugada (00-06h),0,Leve,FALSE
2.023e+73,5,Sarrià-Sant Gervasi,26,Sant Gervasi - Galvany,Tuset / Gràcia,Dijous,2023,1,Gener,5,4,Nit,No és causa del  vianant,0,0,0,0,2,2,41,2023-01-05,Thursday,Laborable,Madrugada (00-06h),0,Leve,FALSE
2.023e+74,10,Sant Martí,66,el Parc i la Llacuna del Poblenou,Zamora / Meridiana,Dijous,2023,1,Gener,5,6,Matí,No és causa del  vianant,0,1,0,1,2,2,41,2023-01-05,Thursday,Laborable,Manana (06-12h),1,Leve,TRUE
2.023e+75,7,Horta-Guinardó,37,el Carmel,Carmel,Dijous,2023,1,Gener,5,9,Matí,No és causa del  vianant,0,1,0,1,1,2,41,2023-01-05,Thursday,Laborable,Manana (06-12h),1,Leve,TRUE
2.023e+76,2,Eixample,8,l'Antiga Esquerra de l'Eixample,Aragó,Dijous,2023,1,Gener,5,10,Matí,No és causa del  vianant,0,1,0,1,3,2,41,2023-01-05,Thursday,Laborable,Manana (06-12h),1,Leve,TRUE
2.023e+77,2,Eixample,6,la Sagrada Família,Còrsega / Padilla,Dijous,2023,1,Gener,5,9,Matí,Transitar a peu per la calçada,0,2,0,2,1,2,41,2023-01-05,Thursday,Laborable,Manana (06-12h),2,Leve,TRUE
2.023e+78,8,Nou Barris,54,Torre Baró,Sant Feliu de Codines,Dijous,2023,1,Gener,5,11,Matí,No és causa del  vianant,0,1,0,1,1,2,41,2023-01-05,Thursday,Laborable,Manana (06-12h),1,Leve,TRUE
2.023e+79,2,Eixample,7,la Dreta de l'Eixample,Corts Catalanes,Dijous,2023,1,Gener,5,11,Matí,No és causa del  vianant,0,1,0,1,2,2,41,2023-01-05,Thursday,Laborable,Manana (06-12h),1,Leve,TRUE
2.023e+80,5,Sarrià-Sant Gervasi,26,Sant Gervasi - Galvany,Balmes,Dijous,2023,1,Gener,5,9,Matí,No és causa del  vianant,0,1,0,1,1,2,41,2023-01-05,Thursday,Laborable,Manana (06-12h),1,Leve,TRUE
2.023e+81,7,Horta-Guinardó,35,el Guinardó,Llobet i Vall-llosera,Dijous,2023,1,Gener,5,10,Matí,No és causa del  vianant,0,1,0,1,2,2,41,2023-01-05,Thursday,Laborable,Manana (06-12h),1,Leve,TRUE
2.023e+82,7,Horta-Guinardó,38,la Teixonera,General Mendoza / Santa Rosalia,Dijous,2023,1,Gener,5,12,Matí,No és causa del  vianant,0,1,0,1,1,2,41,2023-01-05,Thursday,Laborable,Tarde (12-18h),1,Leve,TRUE
2.023e+83,2,Eixample,7,la Dreta de l'Eixample,Roger de Llúria / Provença,Dijous,2023,1,Gener,5,13,Matí,No és causa del  vianant,0,1,0,1,2,2,41,2023-01-05,Thursday,Laborable,Tarde (12-18h),1,Leve,TRUE
2.023e+84,8,Nou Barris,44,Vilapicina i la Torre Llobeta,Meridiana / Escòcia,Dijous,2023,1,Gener,5,13,Matí,No és causa del  vianant,0,1,0,1,2,2,41,2023-01-05,Thursday,Laborable,Tarde (12-18h),1,Leve,TRUE
2.023e+85,9,Sant Andreu,59,el Bon Pastor,Litoral (Llobregat),Dijous,2023,1,Gener,5,15,Tarda,No és causa del  vianant,0,2,0,2,3,2,41,2023-01-05,Thursday,Laborable,Tarde (12-18h),2,Leve,TRUE
2.023e+86,7,Horta-Guinardó,43,Horta,Horta,Dijous,2023,1,Gener,5,15,Tarda,No és causa del  vianant,0,0,0,0,2,2,41,2023-01-05,Thursday,Laborable,Tarde (12-18h),0,Leve,FALSE
2.023e+87,2,Eixample,8,l'Antiga Esquerra de l'Eixample,Buenos Aires / Comte d'Urgell,Dijous,2023,1,Gener,5,18,Tarda,No és causa del  vianant,0,1,0,1,2,2,41,2023-01-05,Thursday,Laborable,Noche (18-24h),1,Leve,TRUE
2.023e+88,2,Eixample,10,Sant Antoni,Sepúlveda,Dijous,2023,1,Gener,5,17,Tarda,No és causa del  vianant,0,1,0,1,2,2,41,2023-01-05,Thursday,Laborable,Tarde (12-18h),1,Leve,TRUE
2.023e+89,2,Eixample,7,la Dreta de l'Eixample,Tetuan,Dijous,2023,1,Gener,5,20,Tarda,No és causa del  vianant,0,2,0,2,2,2,41,2023-01-05,Thursday,Laborable,Noche (18-24h),2,Leve,TRUE
2.023e+90,2,Eixample,7,la Dreta de l'Eixample,València / Gràcia,Dijous,2023,1,Gener,5,22,Nit,No és causa del  vianant,0,2,0,2,2,2,41,2023-01-05,Thursday,Laborable,Noche (18-24h),2,Leve,TRUE
2.023e+91,7,Horta-Guinardó,35,el Guinardó,Maragall,Divendres,2023,1,Gener,6,0,Nit,No és causa del  vianant,0,1,0,1,2,2,41,2023-01-06,Friday,Laborable,Madrugada (00-06h),1,Leve,TRUE
2.023e+92,2,Eixample,7,la Dreta de l'Eixample,Corts Catalanes,Dijous,2023,1,Gener,5,23,Nit,No és causa del  vianant,0,1,0,1,2,2,41,2023-01-05,Thursday,Laborable,Noche (18-24h),1,Leve,TRUE
2.023e+93,10,Sant Martí,64,el Camp de l'Arpa del Clot,Aragó / Independència,Divendres,2023,1,Gener,6,0,Nit,No és causa del  vianant,0,1,0,1,2,2,41,2023-01-06,Friday,Laborable,Madrugada (00-06h),1,Leve,TRUE
2.023e+94,3,Sants-Montjuïc,13,la Marina de Port,Foneria / Zona Franca,Divendres,2023,1,Gener,6,10,Matí,Desobeir el senyal del semàfor,0,1,0,1,1,2,41,2023-01-06,Friday,Laborable,Manana (06-12h),1,Leve,TRUE
2.023e+95,7,Horta-Guinardó,35,el Guinardó,Art / Vinyals,Divendres,2023,1,Gener,6,9,Matí,No és causa del  vianant,0,1,0,1,2,2,41,2023-01-06,Friday,Laborable,Manana (06-12h),1,Leve,TRUE
2.023e+96,2,Eixample,8,l'Antiga Esquerra de l'Eixample,Provença / Villarroel,Dimecres,2023,1,Gener,25,9,Matí,No és causa del  vianant,0,1,0,1,1,2,41,2023-01-25,Wednesday,Laborable,Manana (06-12h),1,Leve,TRUE
2.023e+97,8,Nou Barris,48,la Guineueta,Valldaura,Divendres,2023,1,Gener,6,9,Matí,No és causa del  vianant,0,1,0,1,2,2,41,2023-01-06,Friday,Laborable,Manana (06-12h),1,Leve,TRUE
2.023e+98,7,Horta-Guinardó,35,el Guinardó,Guinardó,Divendres,2023,1,Gener,6,11,Matí,No és causa del  vianant,0,1,0,1,2,2,41,2023-01-06,Friday,Laborable,Manana (06-12h),1,Leve,TRUE
2.023e+99,2,Eixample,6,la Sagrada Família,Cartagena / Mallorca,Divendres,2023,1,Gener,6,12,Matí,No és causa del  vianant,0,1,0,1,1,2,41,2023-01-06,Friday,Laborable,Tarde (12-18h),1,Leve,TRUE
2.023e+100,10,Sant Martí,71,Provençals del Poblenou,Corts Catalanes,Divendres,2023,1,Gener,6,15,Tarda,No és causa del  vianant,0,1,0,1,2,2,41,2023-01-06,Friday,Laborable,Tarde (12-18h),1,Leve,TRUE
2.023e+101,2,Eixample,7,la Dreta de l'Eixample,Aragó,Divendres,2023,1,Gener,6,16,Tarda,No és causa del  vianant,0,1,0,1,3,2,41,2023-01-06,Friday,Laborable,Tarde (12-18h),1,Leve,TRUE
2.023e+102,3,Sants-Montjuïc,11,el Poble-sec,Josep Carner,Divendres,2023,1,Gener,6,17,Tarda,No és causa del  vianant,0,1,0,1,2,2,41,2023-01-06,Friday,Laborable,Tarde (12-18h),1,Leve,TRUE
2.023e+103,2,Eixample,7,la Dreta de l'Eixample,Catalunya,Divendres,2023,1,Gener,6,14,Tarda,No és causa del  vianant,0,1,0,1,1,2,41,2023-01-06,Friday,Laborable,Tarde (12-18h),1,Leve,TRUE
2.023e+104,7,Horta-Guinardó,33,el Baix Guinardó,Castillejos / Josep Ciurana,Divendres,2023,1,Gener,6,16,Tarda,No és causa del  vianant,0,1,0,1,2,2,41,2023-01-06,Friday,Laborable,Tarde (12-18h),1,Leve,TRUE
2.023e+105,8,Nou Barris,54,Torre Baró,Vallbona,Divendres,2023,1,Gener,6,19,Tarda,No és causa del  vianant,0,0,0,0,2,2,41,2023-01-06,Friday,Laborable,Noche (18-24h),0,Leve,FALSE
2.023e+106,1,Ciutat Vella,4,"Sant Pere, Santa Caterina i la Ribera",Palau,Divendres,2023,1,Gener,6,18,Tarda,No és causa del  vianant,0,1,0,1,2,2,41,2023-01-06,Friday,Laborable,Noche (18-24h),1,Leve,TRUE
2.023e+107,10,Sant Martí,64,el Camp de l'Arpa del Clot,Meridiana / Mallorca,Divendres,2023,1,Gener,6,19,Tarda,No és causa del  vianant,0,1,0,1,2,2,41,2023-01-06,Friday,Laborable,Noche (18-24h),1,Leve,TRUE
2.023e+108,6,Gràcia,29,el Coll,Móra d'Ebre / Sant Eudald,Divendres,2023,1,Gener,6,19,Tarda,No és causa del  vianant,0,1,0,1,2,2,41,2023-01-06,Friday,Laborable,Noche (18-24h),1,Leve,TRUE
2.023e+109,3,Sants-Montjuïc,15,Hostafrancs,Espanya,Divendres,2023,1,Gener,6,10,Matí,No és causa del  vianant,0,1,0,1,2,2,41,2023-01-06,Friday,Laborable,Manana (06-12h),1,Leve,TRUE
2.023e+110,8,Nou Barris,44,Vilapicina i la Torre Llobeta,Maragall,Divendres,2023,1,Gener,6,21,Tarda,No és causa del  vianant,0,1,0,1,3,2,41,2023-01-06,Friday,Laborable,Noche (18-24h),1,Leve,TRUE
2.023e+111,1,Ciutat Vella,1,el Raval,Drassanes,Dissabte,2023,1,Gener,7,0,Nit,No és causa del  vianant,0,2,0,2,1,2,41,2023-01-07,Saturday,Fin de semana,Madrugada (00-06h),2,Leve,TRUE
2.023e+112,2,Eixample,6,la Sagrada Família,València / Castillejos,Divendres,2023,1,Gener,6,23,Nit,No és causa del  vianant,0,2,0,2,2,2,41,2023-01-06,Friday,Laborable,Noche (18-24h),2,Leve,TRUE
2.023e+113,3,Sants-Montjuïc,11,el Poble-sec,Rius i Taulet,Dissabte,2023,1,Gener,7,9,Matí,No és causa del  vianant,0,1,0,1,2,2,41,2023-01-07,Saturday,Fin de semana,Manana (06-12h),1,Leve,TRUE
2.023e+114,2,Eixample,7,la Dreta de l'Eixample,Bailèn / Aragó,Dissabte,2023,1,Gener,7,10,Matí,Desobeir el senyal del semàfor,0,1,0,1,1,2,41,2023-01-07,Saturday,Fin de semana,Manana (06-12h),1,Leve,TRUE
2.023e+115,5,Sarrià-Sant Gervasi,26,Sant Gervasi - Galvany,Balmes,Dissabte,2023,1,Gener,7,11,Matí,No és causa del  vianant,0,2,0,2,2,2,41,2023-01-07,Saturday,Fin de semana,Manana (06-12h),2,Leve,TRUE
2.023e+116,8,Nou Barris,45,Porta,Alcúdia,Dissabte,2023,1,Gener,7,11,Matí,No és causa del  vianant,0,1,0,1,2,2,41,2023-01-07,Saturday,Fin de semana,Manana (06-12h),1,Leve,TRUE
2.023e+117,9,Sant Andreu,57,la Trinitat Vella,Dalt (Besòs),Dissabte,2023,1,Gener,7,13,Matí,No és causa del  vianant,0,1,0,1,2,2,41,2023-01-07,Saturday,Fin de semana,Tarde (12-18h),1,Leve,TRUE
2.023e+118,2,Eixample,9,la Nova Esquerra de l'Eixample,Rosselló / Viladomat,Dissabte,2023,1,Gener,7,15,Tarda,No és causa del  vianant,0,1,0,1,2,2,41,2023-01-07,Saturday,Fin de semana,Tarde (12-18h),1,Leve,TRUE
2.023e+119,4,Les Corts,21,Pedralbes,Marquès de Mulhacén / Tòquio,Dissabte,2023,1,Gener,7,16,Tarda,No és causa del  vianant,0,1,0,1,2,2,41,2023-01-07,Saturday,Fin de semana,Tarde (12-18h),1,Leve,TRUE
2.023e+120,9,Sant Andreu,60,Sant Andreu,Santa Coloma / Gran de Sant Andreu,Dissabte,2023,1,Gener,7,11,Matí,No és causa del  vianant,0,4,0,4,2,2,41,2023-01-07,Saturday,Fin de semana,Manana (06-12h),4,Leve,TRUE
2.023e+121,5,Sarrià-Sant Gervasi,26,Sant Gervasi - Galvany,Tuset,Dissabte,2023,1,Gener,7,14,Tarda,No és causa del  vianant,0,0,0,0,2,2,41,2023-01-07,Saturday,Fin de semana,Tarde (12-18h),0,Leve,FALSE
2.023e+122,8,Nou Barris,44,Vilapicina i la Torre Llobeta,Escòcia / Vèlia,Dissabte,2023,1,Gener,7,14,Tarda,No és causa del  vianant,0,1,0,1,2,2,41,2023-01-07,Saturday,Fin de semana,Tarde (12-18h),1,Leve,TRUE
2.023e+123,9,Sant Andreu,57,la Trinitat Vella,Dalt (Llobregat),Dissabte,2023,1,Gener,7,17,Tarda,No és causa del  vianant,0,1,0,1,2,2,41,2023-01-07,Saturday,Fin de semana,Tarde (12-18h),1,Leve,TRUE
2.023e+124,3,Sants-Montjuïc,18,Sants,Mig (Ascendent),Dissabte,2023,1,Gener,7,20,Tarda,No és causa del  vianant,0,1,0,1,2,2,41,2023-01-07,Saturday,Fin de semana,Noche (18-24h),1,Leve,TRUE
2.023e+125,2,Eixample,10,Sant Antoni,Sepúlveda / Muntaner,Dissabte,2023,1,Gener,7,23,Nit,No és causa del  vianant,0,1,0,1,2,2,41,2023-01-07,Saturday,Fin de semana,Noche (18-24h),1,Leve,TRUE
2.023e+126,2,Eixample,9,la Nova Esquerra de l'Eixample,Comte d'Urgell / Aragó,Diumenge,2023,1,Gener,8,0,Nit,No és causa del  vianant,0,1,0,1,2,2,41,2023-01-08,Sunday,Fin de semana,Madrugada (00-06h),1,Leve,TRUE
2.023e+127,10,Sant Martí,66,el Parc i la Llacuna del Poblenou,Marina / Pujades,Diumenge,2023,1,Gener,8,4,Nit,No és causa del  vianant,0,1,0,1,2,2,41,2023-01-08,Sunday,Fin de semana,Madrugada (00-06h),1,Leve,TRUE
2.023e+128,2,Eixample,7,la Dreta de l'Eixample,Roger de Llúria,Diumenge,2023,1,Gener,8,6,Matí,No és causa del  vianant,0,1,0,1,2,2,41,2023-01-08,Sunday,Fin de semana,Manana (06-12h),1,Leve,TRUE
2.023e+129,9,Sant Andreu,57,la Trinitat Vella,Trinitat,Dissabte,2023,1,Gener,7,11,Matí,No és causa del  vianant,0,0,0,0,1,2,41,2023-01-07,Saturday,Fin de semana,Manana (06-12h),0,Leve,FALSE
2.023e+130,2,Eixample,6,la Sagrada Família,Padilla,Diumenge,2023,1,Gener,8,12,Matí,No és causa del  vianant,0,1,0,1,2,2,41,2023-01-08,Sunday,Fin de semana,Tarde (12-18h),1,Leve,TRUE
2.023e+131,4,Les Corts,21,Pedralbes,Esplugues / Doctor Joaquín Albarrán,Diumenge,2023,1,Gener,8,13,Matí,No és causa del  vianant,0,1,0,1,1,2,41,2023-01-08,Sunday,Fin de semana,Tarde (12-18h),1,Leve,TRUE
2.023e+132,2,Eixample,10,Sant Antoni,Paral·lel / Espanya,Diumenge,2023,1,Gener,8,12,Matí,No és causa del  vianant,0,1,0,1,1,2,41,2023-01-08,Sunday,Fin de semana,Tarde (12-18h),1,Leve,TRUE
2.023e+133,7,Horta-Guinardó,35,el Guinardó,Guinardó / Telègraf,Diumenge,2023,1,Gener,8,13,Matí,Desobeir el senyal del semàfor,0,1,0,1,2,2,41,2023-01-08,Sunday,Fin de semana,Tarde (12-18h),1,Leve,TRUE
2.023e+134,3,Sants-Montjuïc,11,el Poble-sec,Ferrocarrils Catalans,Diumenge,2023,1,Gener,8,14,Tarda,No és causa del  vianant,0,1,0,1,2,2,41,2023-01-08,Sunday,Fin de semana,Tarde (12-18h),1,Leve,TRUE
2.023e+135,3,Sants-Montjuïc,18,Sants,Guadiana / Rei Martí,Diumenge,2023,1,Gener,8,16,Tarda,No és causa del  vianant,0,1,0,1,2,2,41,2023-01-08,Sunday,Fin de semana,Tarde (12-18h),1,Leve,TRUE
2.023e+136,10,Sant Martí,64,el Camp de l'Arpa del Clot,Meridiana / Aragó,Diumenge,2023,1,Gener,8,18,Tarda,No és causa del  vianant,0,1,0,1,2,2,41,2023-01-08,Sunday,Fin de semana,Noche (18-24h),1,Leve,TRUE
2.023e+137,2,Eixample,8,l'Antiga Esquerra de l'Eixample,Aribau / Rosselló,Diumenge,2023,1,Gener,8,19,Tarda,No és causa del  vianant,0,1,0,1,2,2,41,2023-01-08,Sunday,Fin de semana,Noche (18-24h),1,Leve,TRUE
2.023e+138,5,Sarrià-Sant Gervasi,26,Sant Gervasi - Galvany,Laforja,Dilluns,2023,1,Gener,9,0,Nit,No és causa del  vianant,0,0,0,0,4,2,41,2023-01-09,Monday,Laborable,Madrugada (00-06h),0,Leve,FALSE
2.023e+139,1,Ciutat Vella,4,"Sant Pere, Santa Caterina i la Ribera",Palau,Dilluns,2023,1,Gener,9,0,Nit,No és causa del  vianant,0,1,0,1,1,2,41,2023-01-09,Monday,Laborable,Madrugada (00-06h),1,Leve,TRUE
2.023e+140,3,Sants-Montjuïc,12,la Marina del Prat Vermell,Litoral (Besòs),Dilluns,2023,1,Gener,9,9,Matí,No és causa del  vianant,0,1,0,1,2,2,41,2023-01-09,Monday,Laborable,Manana (06-12h),1,Leve,TRUE
2.023e+141,5,Sarrià-Sant Gervasi,25,Sant Gervasi - la Bonanova,B-20 (Llobregat),Dilluns,2023,1,Gener,9,7,Matí,No és causa del  vianant,0,1,0,1,3,2,41,2023-01-09,Monday,Laborable,Manana (06-12h),1,Leve,TRUE
2.023e+142,6,Gràcia,32,el Camp d'en Grassot i Gràcia Nova,Sant Antoni Maria Claret,Dilluns,2023,1,Gener,9,8,Matí,No és causa del  vianant,0,1,0,1,2,2,41,2023-01-09,Monday,Laborable,Manana (06-12h),1,Leve,TRUE
2.023e+143,4,Les Corts,19,les Corts,Corts / Carles III,Dilluns,2023,1,Gener,9,13,Matí,No és causa del  vianant,0,2,0,2,2,2,41,2023-01-09,Monday,Laborable,Tarde (12-18h),2,Leve,TRUE
2.023e+144,2,Eixample,8,l'Antiga Esquerra de l'Eixample,Comte d'Urgell / Londres,Dilluns,2023,1,Gener,9,10,Matí,No és causa del  vianant,0,1,0,1,2,2,41,2023-01-09,Monday,Laborable,Manana (06-12h),1,Leve,TRUE
2.023e+145,2,Eixample,10,Sant Antoni,Sepúlveda / Rocafort,Dilluns,2023,1,Gener,9,10,Matí,No és causa del  vianant,0,1,0,1,1,2,41,2023-01-09,Monday,Laborable,Manana (06-12h),1,Leve,TRUE
2.023e+146,1,Ciutat Vella,1,el Raval,Drassanes,Dilluns,2023,1,Gener,9,15,Tarda,No és causa del  vianant,0,1,0,1,2,2,41,2023-01-09,Monday,Laborable,Tarde (12-18h),1,Leve,TRUE
2.023e+147,1,Ciutat Vella,1,el Raval,Sant Antoni,Dilluns,2023,1,Gener,9,14,Tarda,No és causa del  vianant,0,1,0,1,2,2,41,2023-01-09,Monday,Laborable,Tarde (12-18h),1,Leve,TRUE
2.023e+148,2,Eixample,8,l'Antiga Esquerra de l'Eixample,Londres / Villarroel,Dilluns,2023,1,Gener,9,16,Tarda,No és causa del  vianant,0,1,0,1,1,2,41,2023-01-09,Monday,Laborable,Tarde (12-18h),1,Leve,TRUE
2.023e+149,9,Sant Andreu,61,la Sagrera,Meridiana,Dilluns,2023,1,Gener,9,14,Tarda,No és causa del  vianant,0,1,0,1,2,2,41,2023-01-09,Monday,Laborable,Tarde (12-18h),1,Leve,TRUE
2.023e+150,10,Sant Martí,68,el Poblenou,Badajoz,Dilluns,2023,1,Gener,9,16,Tarda,No és causa del  vianant,0,1,0,1,1,2,41,2023-01-09,Monday,Laborable,Tarde (12-18h),1,Leve,TRUE
2.023e+151,1,Ciutat Vella,1,el Raval,Sant Pau,Dilluns,2023,1,Gener,9,18,Tarda,No és causa del  vianant,0,2,0,2,2,2,41,2023-01-09,Monday,Laborable,Noche (18-24h),2,Leve,TRUE
2.023e+152,2,Eixample,8,l'Antiga Esquerra de l'Eixample,Muntaner / Londres,Dilluns,2023,1,Gener,9,17,Tarda,No és causa del  vianant,0,1,0,1,2,2,41,2023-01-09,Monday,Laborable,Tarde (12-18h),1,Leve,TRUE
2.023e+153,4,Les Corts,20,la Maternitat i Sant Ramon,Diagonal / Doctor Marañón,Dilluns,2023,1,Gener,9,17,Tarda,No és causa del  vianant,0,1,0,1,2,2,41,2023-01-09,Monday,Laborable,Tarde (12-18h),1,Leve,TRUE
2.023e+154,9,Sant Andreu,60,Sant Andreu,Meridiana,Dilluns,2023,1,Gener,9,19,Tarda,No és causa del  vianant,0,1,0,1,2,2,41,2023-01-09,Monday,Laborable,Noche (18-24h),1,Leve,TRUE
2.023e+155,3,Sants-Montjuïc,11,el Poble-sec,Montjuïc / Cabanes,Dilluns,2023,1,Gener,9,19,Tarda,No és causa del  vianant,0,2,0,2,3,2,41,2023-01-09,Monday,Laborable,Noche (18-24h),2,Leve,TRUE
2.023e+156,4,Les Corts,20,la Maternitat i Sant Ramon,Pius XII / Sabino Arana,Dilluns,2023,1,Gener,9,19,Tarda,No és causa del  vianant,0,2,0,2,2,2,41,2023-01-09,Monday,Laborable,Noche (18-24h),2,Leve,TRUE
2.023e+157,2,Eixample,7,la Dreta de l'Eixample,Girona,Dilluns,2023,1,Gener,9,19,Tarda,Creuar per fora pas de vianants,0,2,0,2,1,2,41,2023-01-09,Monday,Laborable,Noche (18-24h),2,Leve,TRUE
2.023e+158,4,Les Corts,20,la Maternitat i Sant Ramon,Diagonal,Dimarts,2023,1,Gener,10,8,Matí,No és causa del  vianant,0,1,0,1,2,2,41,2023-01-10,Tuesday,Laborable,Manana (06-12h),1,Leve,TRUE
2.023e+159,5,Sarrià-Sant Gervasi,25,Sant Gervasi - la Bonanova,Tibidabo / Isaac Newton,Dimarts,2023,1,Gener,10,0,Nit,No és causa del  vianant,0,2,0,2,2,2,41,2023-01-10,Tuesday,Laborable,Madrugada (00-06h),2,Leve,TRUE
2.023e+160,2,Eixample,8,l'Antiga Esquerra de l'Eixample,Muntaner / Còrsega,Dimarts,2023,1,Gener,10,10,Matí,No és causa del  vianant,0,2,0,2,2,2,41,2023-01-10,Tuesday,Laborable,Manana (06-12h),2,Leve,TRUE
2.023e+161,5,Sarrià-Sant Gervasi,26,Sant Gervasi - Galvany,Balmes,Dimarts,2023,1,Gener,10,11,Matí,No és causa del  vianant,0,1,0,1,2,2,41,2023-01-10,Tuesday,Laborable,Manana (06-12h),1,Leve,TRUE
2.023e+162,10,Sant Martí,70,el Besòs i el Maresme,Prim / Llull,Dimarts,2023,1,Gener,10,8,Matí,No és causa del  vianant,0,1,0,1,1,2,41,2023-01-10,Tuesday,Laborable,Manana (06-12h),1,Leve,TRUE
2.023e+163,7,Horta-Guinardó,43,Horta,Dante Alighieri,Dimarts,2023,1,Gener,10,12,Matí,No és causa del  vianant,0,1,0,1,2,2,41,2023-01-10,Tuesday,Laborable,Tarde (12-18h),1,Leve,TRUE
2.023e+164,10,Sant Martí,71,Provençals del Poblenou,Corts Catalanes / Selva de Mar,Dimarts,2023,1,Gener,10,13,Matí,No és causa del  vianant,0,1,0,1,2,2,41,2023-01-10,Tuesday,Laborable,Tarde (12-18h),1,Leve,TRUE
2.023e+165,10,Sant Martí,73,la Verneda i la Pau,Guipúscoa,Dimarts,2023,1,Gener,10,13,Matí,No és causa del  vianant,0,0,0,0,1,2,41,2023-01-10,Tuesday,Laborable,Tarde (12-18h),0,Leve,FALSE
2.023e+166,2,Eixample,10,Sant Antoni,Tamarit / Comte d'Urgell,Dimarts,2023,1,Gener,10,14,Tarda,No és causa del  vianant,0,1,0,1,2,2,41,2023-01-10,Tuesday,Laborable,Tarde (12-18h),1,Leve,TRUE
2.023e+167,9,Sant Andreu,60,Sant Andreu,Segre / Ramon Riera,Dimarts,2023,1,Gener,10,15,Tarda,No és causa del  vianant,0,1,0,1,2,2,41,2023-01-10,Tuesday,Laborable,Tarde (12-18h),1,Leve,TRUE
2.023e+168,8,Nou Barris,53,la Trinitat Nova,Pedrosa / S'Agaró,Dimarts,2023,1,Gener,10,16,Tarda,No és causa del  vianant,0,1,0,1,2,2,41,2023-01-10,Tuesday,Laborable,Tarde (12-18h),1,Leve,TRUE
2.023e+169,2,Eixample,7,la Dreta de l'Eixample,Rosselló / Roger de Llúria,Dimarts,2023,1,Gener,10,15,Tarda,No és causa del  vianant,0,2,0,2,2,2,41,2023-01-10,Tuesday,Laborable,Tarde (12-18h),2,Leve,TRUE
2.023e+170,2,Eixample,9,la Nova Esquerra de l'Eixample,Calàbria / París,Dimarts,2023,1,Gener,10,15,Tarda,No és causa del  vianant,0,1,0,1,2,2,41,2023-01-10,Tuesday,Laborable,Tarde (12-18h),1,Leve,TRUE
2.023e+171,2,Eixample,8,l'Antiga Esquerra de l'Eixample,Corts Catalanes,Dimarts,2023,1,Gener,10,16,Tarda,No és causa del  vianant,0,1,0,1,2,2,41,2023-01-10,Tuesday,Laborable,Tarde (12-18h),1,Leve,TRUE
2.023e+172,10,Sant Martí,65,el Clot,Mallorca,Dimarts,2023,1,Gener,10,16,Tarda,No és causa del  vianant,0,2,0,2,2,2,41,2023-01-10,Tuesday,Laborable,Tarde (12-18h),2,Leve,TRUE
2.023e+173,5,Sarrià-Sant Gervasi,25,Sant Gervasi - la Bonanova,Muntaner,Dimarts,2023,1,Gener,10,18,Tarda,No és causa del  vianant,0,0,0,0,1,2,41,2023-01-10,Tuesday,Laborable,Noche (18-24h),0,Leve,FALSE
2.023e+174,2,Eixample,7,la Dreta de l'Eixample,Diagonal,Dimarts,2023,1,Gener,10,18,Tarda,No és causa del  vianant,0,1,0,1,2,2,41,2023-01-10,Tuesday,Laborable,Noche (18-24h),1,Leve,TRUE
2.023e+175,10,Sant Martí,64,el Camp de l'Arpa del Clot,Maragall / Sant Antoni Maria Claret,Dimarts,2023,1,Gener,10,17,Tarda,Desobeir el senyal del semàfor,0,1,0,1,1,2,41,2023-01-10,Tuesday,Laborable,Tarde (12-18h),1,Leve,TRUE
2.023e+176,5,Sarrià-Sant Gervasi,26,Sant Gervasi - Galvany,Escoles Pies / Lázaro Cárdenas,Dimarts,2023,1,Gener,10,21,Tarda,No és causa del  vianant,0,1,0,1,2,2,41,2023-01-10,Tuesday,Laborable,Noche (18-24h),1,Leve,TRUE
2.023e+177,5,Sarrià-Sant Gervasi,23,Sarrià,Prat de la Riba / Manuel Girona,Dimarts,2023,1,Gener,10,17,Tarda,No és causa del  vianant,0,1,0,1,2,2,41,2023-01-10,Tuesday,Laborable,Tarde (12-18h),1,Leve,TRUE
2.023e+178,5,Sarrià-Sant Gervasi,26,Sant Gervasi - Galvany,Ganduxer / Augusta,Dimarts,2023,1,Gener,10,21,Tarda,No és causa del  vianant,0,1,0,1,2,2,41,2023-01-10,Tuesday,Laborable,Noche (18-24h),1,Leve,TRUE
2.023e+179,2,Eixample,9,la Nova Esquerra de l'Eixample,Aragó / Comte d'Urgell,Dimecres,2023,1,Gener,11,3,Nit,No és causa del  vianant,1,0,0,1,2,2,41,2023-01-11,Wednesday,Laborable,Madrugada (00-06h),0,Mortal,TRUE
2.023e+180,2,Eixample,7,la Dreta de l'Eixample,Aragó / Roger de Flor,Dimecres,2023,1,Gener,11,8,Matí,No és causa del  vianant,0,1,0,1,3,2,41,2023-01-11,Wednesday,Laborable,Manana (06-12h),1,Leve,TRUE
2.023e+181,8,Nou Barris,45,Porta,Fabra i Puig / Arnau d'Oms,Dimecres,2023,1,Gener,11,8,Matí,No és causa del  vianant,0,1,0,1,1,2,41,2023-01-11,Wednesday,Laborable,Manana (06-12h),1,Leve,TRUE
2.023e+182,4,Les Corts,21,Pedralbes,Diagonal / Torre Melina,Dimarts,2023,1,Gener,10,22,Nit,No és causa del  vianant,0,1,0,1,2,2,41,2023-01-10,Tuesday,Laborable,Noche (18-24h),1,Leve,TRUE
2.023e+183,10,Sant Martí,73,la Verneda i la Pau,Guipúscoa,Dimecres,2023,1,Gener,11,12,Matí,No és causa del  vianant,0,1,0,1,2,2,41,2023-01-11,Wednesday,Laborable,Tarde (12-18h),1,Leve,TRUE
2.023e+184,3,Sants-Montjuïc,15,Hostafrancs,Tarragona,Dimecres,2023,1,Gener,11,14,Tarda,No és causa del  vianant,0,1,0,1,2,2,41,2023-01-11,Wednesday,Laborable,Tarde (12-18h),1,Leve,TRUE
2.023e+185,10,Sant Martí,64,el Camp de l'Arpa del Clot,Meridiana,Dimecres,2023,1,Gener,11,14,Tarda,No és causa del  vianant,0,1,0,1,2,2,41,2023-01-11,Wednesday,Laborable,Tarde (12-18h),1,Leve,TRUE
2.023e+186,2,Eixample,5,el Fort Pienc,Marina / Corts Catalanes,Dimecres,2023,1,Gener,11,13,Matí,No és causa del  vianant,0,1,0,1,2,2,41,2023-01-11,Wednesday,Laborable,Tarde (12-18h),1,Leve,TRUE
2.023e+187,3,Sants-Montjuïc,15,Hostafrancs,Corts Catalanes,Dimecres,2023,1,Gener,11,18,Tarda,No és causa del  vianant,0,2,0,2,2,2,41,2023-01-11,Wednesday,Laborable,Noche (18-24h),2,Leve,TRUE
2.023e+188,2,Eixample,8,l'Antiga Esquerra de l'Eixample,Villarroel,Dimecres,2023,1,Gener,11,18,Tarda,No és causa del  vianant,0,1,0,1,1,2,41,2023-01-11,Wednesday,Laborable,Noche (18-24h),1,Leve,TRUE
2.023e+189,5,Sarrià-Sant Gervasi,24,les Tres Torres,General Mitre,Dimecres,2023,1,Gener,11,20,Tarda,No és causa del  vianant,0,2,0,2,3,2,41,2023-01-11,Wednesday,Laborable,Noche (18-24h),2,Leve,TRUE
2.023e+190,9,Sant Andreu,59,el Bon Pastor,Enric Sanchis,Dimecres,2023,1,Gener,11,21,Tarda,No és causa del  vianant,0,1,0,1,4,2,41,2023-01-11,Wednesday,Laborable,Noche (18-24h),1,Leve,TRUE
2.023e+191,3,Sants-Montjuïc,15,Hostafrancs,Creu Coberta,Dimecres,2023,1,Gener,11,23,Nit,No és causa del  vianant,0,1,0,1,2,2,41,2023-01-11,Wednesday,Laborable,Noche (18-24h),1,Leve,TRUE
2.023e+192,2,Eixample,9,la Nova Esquerra de l'Eixample,Calàbria / París,Dijous,2023,1,Gener,12,0,Nit,No és causa del  vianant,0,0,0,0,2,2,41,2023-01-12,Thursday,Laborable,Madrugada (00-06h),0,Leve,FALSE
2.023e+193,3,Sants-Montjuïc,11,el Poble-sec,Paral·lel,Dijous,2023,1,Gener,12,6,Matí,Creuar per fora pas de vianants,0,1,0,1,1,2,41,2023-01-12,Thursday,Laborable,Manana (06-12h),1,Leve,TRUE
2.023e+194,3,Sants-Montjuïc,12,la Marina del Prat Vermell,Litoral (Besòs),Dijous,2023,1,Gener,12,7,Matí,No és causa del  vianant,0,1,0,1,2,2,41,2023-01-12,Thursday,Laborable,Manana (06-12h),1,Leve,TRUE
2.023e+195,2,Eixample,10,Sant Antoni,Corts Catalanes,Dijous,2023,1,Gener,12,9,Matí,No és causa del  vianant,0,2,0,2,2,2,41,2023-01-12,Thursday,Laborable,Manana (06-12h),2,Leve,TRUE
2.023e+196,2,Eixample,9,la Nova Esquerra de l'Eixample,Vilamarí / Roma,Dijous,2023,1,Gener,12,9,Matí,No és causa del  vianant,0,1,0,1,1,2,41,2023-01-12,Thursday,Laborable,Manana (06-12h),1,Leve,TRUE
2.023e+197,2,Eixample,6,la Sagrada Família,Aragó / Lepant,Dijous,2023,1,Gener,12,8,Matí,No és causa del  vianant,0,1,0,1,2,2,41,2023-01-12,Thursday,Laborable,Manana (06-12h),1,Leve,TRUE
2.023e+198,10,Sant Martí,64,el Camp de l'Arpa del Clot,Sant Antoni Maria Claret / Maragall,Dijous,2023,1,Gener,12,9,Matí,No és causa del  vianant,0,1,0,1,2,2,41,2023-01-12,Thursday,Laborable,Manana (06-12h),1,Leve,TRUE
2.023e+199,2,Eixample,5,el Fort Pienc,Meridiana,Dijous,2023,1,Gener,12,12,Matí,No és causa del  vianant,0,1,0,1,2,2,41,2023-01-12,Thursday,Laborable,Tarde (12-18h),1,Leve,TRUE
2.023e+200,4,Les Corts,20,la Maternitat i Sant Ramon,Sabino Arana,Dijous,2023,1,Gener,12,12,Matí,No és causa del  vianant,0,0,0,0,2,2,41,2023-01-12,Thursday,Laborable,Tarde (12-18h),0,Leve,FALSE
2.023e+201,2,Eixample,10,Sant Antoni,Corts Catalanes / Villarroel,Dijous,2023,1,Gener,12,12,Matí,No és causa del  vianant,0,1,0,1,2,2,41,2023-01-12,Thursday,Laborable,Tarde (12-18h),1,Leve,TRUE
2.023e+202,5,Sarrià-Sant Gervasi,26,Sant Gervasi - Galvany,Marià Cubí / Amigó,Dijous,2023,1,Gener,12,11,Matí,No és causa del  vianant,0,1,0,1,2,2,41,2023-01-12,Thursday,Laborable,Manana (06-12h),1,Leve,TRUE
2.023e+203,2,Eixample,6,la Sagrada Família,València,Dijous,2023,1,Gener,12,13,Matí,No és causa del  vianant,0,1,0,1,1,2,41,2023-01-12,Thursday,Laborable,Tarde (12-18h),1,Leve,TRUE
2.023e+204,7,Horta-Guinardó,43,Horta,Fabra i Puig / Vila-seca,Dijous,2023,1,Gener,12,11,Matí,No és causa del  vianant,0,1,0,1,1,2,41,2023-01-12,Thursday,Laborable,Manana (06-12h),1,Leve,TRUE
2.023e+205,1,Ciutat Vella,1,el Raval,Rambla / Portal de la Pau,Dijous,2023,1,Gener,12,12,Matí,No és causa del  vianant,0,1,0,1,2,2,41,2023-01-12,Thursday,Laborable,Tarde (12-18h),1,Leve,TRUE
2.023e+206,9,Sant Andreu,60,Sant Andreu,Meridiana,Dijous,2023,1,Gener,12,12,Matí,No és causa del  vianant,0,1,0,1,2,2,41,2023-01-12,Thursday,Laborable,Tarde (12-18h),1,Leve,TRUE
2.023e+207,2,Eixample,8,l'Antiga Esquerra de l'Eixample,Aragó / Muntaner,Dijous,2023,1,Gener,12,14,Tarda,No és causa del  vianant,0,1,0,1,2,2,41,2023-01-12,Thursday,Laborable,Tarde (12-18h),1,Leve,TRUE
2.023e+208,2,Eixample,9,la Nova Esquerra de l'Eixample,Llança,Dijous,2023,1,Gener,12,14,Tarda,Creuar per fora pas de vianants,0,1,0,1,1,2,41,2023-01-12,Thursday,Laborable,Tarde (12-18h),1,Leve,TRUE
2.023e+209,8,Nou Barris,52,la Prosperitat,Valldaura / Artesania,Dijous,2023,1,Gener,12,14,Tarda,No és causa del  vianant,0,1,0,1,2,2,41,2023-01-12,Thursday,Laborable,Tarde (12-18h),1,Leve,TRUE
2.023e+210,2,Eixample,9,la Nova Esquerra de l'Eixample,Roma,Dijous,2023,1,Gener,12,16,Tarda,No és causa del  vianant,0,1,0,1,2,2,41,2023-01-12,Thursday,Laborable,Tarde (12-18h),1,Leve,TRUE
2.023e+211,5,Sarrià-Sant Gervasi,27,el Putxet i el Farró,General Mitre,Dijous,2023,1,Gener,12,14,Tarda,No és causa del  vianant,0,1,0,1,2,2,41,2023-01-12,Thursday,Laborable,Tarde (12-18h),1,Leve,TRUE
2.023e+212,2,Eixample,7,la Dreta de l'Eixample,Corts Catalanes,Dijous,2023,1,Gener,12,17,Tarda,No és causa del  vianant,0,1,0,1,2,2,41,2023-01-12,Thursday,Laborable,Tarde (12-18h),1,Leve,TRUE
2.023e+213,9,Sant Andreu,60,Sant Andreu,Meridiana / Pintor Alsamora,Dijous,2023,1,Gener,12,16,Tarda,No és causa del  vianant,0,1,0,1,2,2,41,2023-01-12,Thursday,Laborable,Tarde (12-18h),1,Leve,TRUE
2.023e+214,3,Sants-Montjuïc,17,Sants - Badal,Carreras i Candi / Bassegoda,Dijous,2023,1,Gener,12,19,Tarda,No és causa del  vianant,0,1,0,1,1,2,41,2023-01-12,Thursday,Laborable,Noche (18-24h),1,Leve,TRUE
2.023e+215,9,Sant Andreu,57,la Trinitat Vella,Meridiana,Dimecres,2023,1,Gener,11,5,Nit,No és causa del  vianant,0,1,0,1,2,2,41,2023-01-11,Wednesday,Laborable,Madrugada (00-06h),1,Leve,TRUE
2.023e+216,2,Eixample,5,el Fort Pienc,Lepant / Diputació,Dijous,2023,1,Gener,12,19,Tarda,No és causa del  vianant,0,1,0,1,2,2,41,2023-01-12,Thursday,Laborable,Noche (18-24h),1,Leve,TRUE
2.023e+217,2,Eixample,7,la Dreta de l'Eixample,Pau Claris / Provença,Dijous,2023,1,Gener,12,19,Tarda,No és causa del  vianant,0,2,0,2,2,2,41,2023-01-12,Thursday,Laborable,Noche (18-24h),2,Leve,TRUE
2.023e+218,7,Horta-Guinardó,39,Sant Genís dels Agudells,Dalt (Besòs),Dijous,2023,1,Gener,12,19,Tarda,No és causa del  vianant,0,1,0,1,2,2,41,2023-01-12,Thursday,Laborable,Noche (18-24h),1,Leve,TRUE
2.023e+219,5,Sarrià-Sant Gervasi,23,Sarrià,Borràs,Dijous,2023,1,Gener,12,21,Tarda,No és causa del  vianant,0,1,0,1,2,2,41,2023-01-12,Thursday,Laborable,Noche (18-24h),1,Leve,TRUE
2.023e+220,5,Sarrià-Sant Gervasi,27,el Putxet i el Farró,General Mitre / Saragossa,Dijous,2023,1,Gener,12,20,Tarda,No és causa del  vianant,0,2,0,2,2,2,41,2023-01-12,Thursday,Laborable,Noche (18-24h),2,Leve,TRUE
2.023e+221,2,Eixample,7,la Dreta de l'Eixample,Provença / Sant Joan,Dijous,2023,1,Gener,12,16,Tarda,No és causa del  vianant,0,1,0,1,2,2,41,2023-01-12,Thursday,Laborable,Tarde (12-18h),1,Leve,TRUE
2.023e+222,9,Sant Andreu,59,el Bon Pastor,Sant Adrià / Sèquia Madriguera,Dijous,2023,1,Gener,12,20,Tarda,No és causa del  vianant,0,1,0,1,2,2,41,2023-01-12,Thursday,Laborable,Noche (18-24h),1,Leve,TRUE
2.023e+223,10,Sant Martí,73,la Verneda i la Pau,Prim / Guipúscoa,Dijous,2023,1,Gener,12,21,Tarda,No és causa del  vianant,0,2,0,2,2,2,41,2023-01-12,Thursday,Laborable,Noche (18-24h),2,Leve,TRUE
2.023e+224,8,Nou Barris,53,la Trinitat Nova,Favència,Dijous,2023,1,Gener,12,23,Nit,No és causa del  vianant,0,2,0,2,2,2,41,2023-01-12,Thursday,Laborable,Noche (18-24h),2,Leve,TRUE
2.023e+225,10,Sant Martí,70,el Besòs i el Maresme,Cristóbal de Moura,Divendres,2023,1,Gener,13,7,Matí,No és causa del  vianant,0,1,0,1,2,2,41,2023-01-13,Friday,Laborable,Manana (06-12h),1,Leve,TRUE
2.023e+226,10,Sant Martí,69,Diagonal Mar i el Front Marítim del Poblenou,Litoral (Llobregat),Divendres,2023,1,Gener,13,8,Matí,No és causa del  vianant,0,1,0,1,2,2,41,2023-01-13,Friday,Laborable,Manana (06-12h),1,Leve,TRUE
2.023e+227,2,Eixample,9,la Nova Esquerra de l'Eixample,Entença,Divendres,2023,1,Gener,13,7,Matí,No és causa del  vianant,0,2,0,2,2,2,41,2023-01-13,Friday,Laborable,Manana (06-12h),2,Leve,TRUE
2.023e+228,7,Horta-Guinardó,43,Horta,Estatut,Divendres,2023,1,Gener,13,11,Matí,No és causa del  vianant,0,1,0,1,2,2,41,2023-01-13,Friday,Laborable,Manana (06-12h),1,Leve,TRUE
2.023e+229,3,Sants-Montjuïc,18,Sants,Brasil / Miquel Àngel,Divendres,2023,1,Gener,13,9,Matí,No és causa del  vianant,0,1,0,1,1,2,41,2023-01-13,Friday,Laborable,Manana (06-12h),1,Leve,TRUE
2.023e+230,4,Les Corts,19,les Corts,Carles III,Divendres,2023,1,Gener,13,12,Matí,No és causa del  vianant,0,1,0,1,2,2,41,2023-01-13,Friday,Laborable,Tarde (12-18h),1,Leve,TRUE
2.023e+231,8,Nou Barris,44,Vilapicina i la Torre Llobeta,Maragall / Font d'en Fargas,Divendres,2023,1,Gener,13,8,Matí,No és causa del  vianant,0,1,0,1,1,2,41,2023-01-13,Friday,Laborable,Manana (06-12h),1,Leve,TRUE
2.023e+232,2,Eixample,10,Sant Antoni,Corts Catalanes,Divendres,2023,1,Gener,13,12,Matí,No és causa del  vianant,0,1,0,1,2,2,41,2023-01-13,Friday,Laborable,Tarde (12-18h),1,Leve,TRUE
2.023e+233,3,Sants-Montjuïc,11,el Poble-sec,Drassanes / Josep Carner,Divendres,2023,1,Gener,13,13,Matí,No és causa del  vianant,0,2,0,2,2,2,41,2023-01-13,Friday,Laborable,Tarde (12-18h),2,Leve,TRUE
2.023e+234,7,Horta-Guinardó,43,Horta,Botticelli / Estatut de Catalunya,Divendres,2023,1,Gener,13,14,Tarda,No és causa del  vianant,0,1,0,1,2,2,41,2023-01-13,Friday,Laborable,Tarde (12-18h),1,Leve,TRUE
2.023e+235,2,Eixample,8,l'Antiga Esquerra de l'Eixample,Aragó,Divendres,2023,1,Gener,13,14,Tarda,No és causa del  vianant,0,1,0,1,2,2,41,2023-01-13,Friday,Laborable,Tarde (12-18h),1,Leve,TRUE
2.023e+236,2,Eixample,10,Sant Antoni,Sepúlveda / Comte d'Urgell,Divendres,2023,1,Gener,13,14,Tarda,No és causa del  vianant,0,1,0,1,2,2,41,2023-01-13,Friday,Laborable,Tarde (12-18h),1,Leve,TRUE
2.023e+237,7,Horta-Guinardó,33,el Baix Guinardó,Padilla,Divendres,2023,1,Gener,13,13,Matí,No és causa del  vianant,0,1,0,1,2,2,41,2023-01-13,Friday,Laborable,Tarde (12-18h),1,Leve,TRUE
2.023e+238,10,Sant Martí,64,el Camp de l'Arpa del Clot,Meridiana / Mallorca,Divendres,2023,1,Gener,13,13,Matí,No és causa del  vianant,0,1,0,1,2,2,41,2023-01-13,Friday,Laborable,Tarde (12-18h),1,Leve,TRUE
2.023e+239,5,Sarrià-Sant Gervasi,26,Sant Gervasi - Galvany,Balmes / General Mitre,Divendres,2023,1,Gener,13,14,Tarda,Desobeir el senyal del semàfor,0,2,0,2,2,2,41,2023-01-13,Friday,Laborable,Tarde (12-18h),2,Leve,TRUE
2.023e+240,2,Eixample,8,l'Antiga Esquerra de l'Eixample,Muntaner,Divendres,2023,1,Gener,13,14,Tarda,No és causa del  vianant,0,1,0,1,2,2,41,2023-01-13,Friday,Laborable,Tarde (12-18h),1,Leve,TRUE
2.023e+241,9,Sant Andreu,59,el Bon Pastor,Lima,Divendres,2023,1,Gener,13,9,Matí,No és causa del  vianant,0,1,0,1,2,2,41,2023-01-13,Friday,Laborable,Manana (06-12h),1,Leve,TRUE
2.023e+242,9,Sant Andreu,61,la Sagrera,Meridiana,Divendres,2023,1,Gener,13,16,Tarda,No és causa del  vianant,0,2,0,2,1,2,41,2023-01-13,Friday,Laborable,Tarde (12-18h),2,Leve,TRUE
2.023e+243,7,Horta-Guinardó,35,el Guinardó,Sant Antoni Maria Claret,Divendres,2023,1,Gener,13,16,Tarda,No és causa del  vianant,0,2,0,2,2,2,41,2023-01-13,Friday,Laborable,Tarde (12-18h),2,Leve,TRUE
2.023e+244,7,Horta-Guinardó,43,Horta,Horta a Cerdanyola,Divendres,2023,1,Gener,13,17,Tarda,No és causa del  vianant,0,1,0,1,1,2,41,2023-01-13,Friday,Laborable,Tarde (12-18h),1,Leve,TRUE
2.023e+245,4,Les Corts,19,les Corts,Berlín,Divendres,2023,1,Gener,13,18,Tarda,No és causa del  vianant,0,0,0,0,2,2,41,2023-01-13,Friday,Laborable,Noche (18-24h),0,Leve,FALSE
2.023e+246,7,Horta-Guinardó,35,el Guinardó,Maragall,Divendres,2023,1,Gener,13,19,Tarda,No és causa del  vianant,0,1,0,1,2,2,41,2023-01-13,Friday,Laborable,Noche (18-24h),1,Leve,TRUE
2.023e+247,2,Eixample,8,l'Antiga Esquerra de l'Eixample,Corts Catalanes / Aribau,Divendres,2023,1,Gener,13,20,Tarda,No és causa del  vianant,0,1,0,1,2,2,41,2023-01-13,Friday,Laborable,Noche (18-24h),1,Leve,TRUE
2.023e+248,2,Eixample,8,l'Antiga Esquerra de l'Eixample,Mallorca,Divendres,2023,1,Gener,13,20,Tarda,No és causa del  vianant,0,1,0,1,2,2,41,2023-01-13,Friday,Laborable,Noche (18-24h),1,Leve,TRUE
2.023e+249,4,Les Corts,20,la Maternitat i Sant Ramon,Corts / Carles III,Divendres,2023,1,Gener,13,22,Nit,No és causa del  vianant,0,0,1,1,2,2,41,2023-01-13,Friday,Laborable,Noche (18-24h),1,Grave,TRUE
2.023e+250,2,Eixample,10,Sant Antoni,Paral·lel,Divendres,2023,1,Gener,13,20,Tarda,No és causa del  vianant,0,1,0,1,2,2,41,2023-01-13,Friday,Laborable,Noche (18-24h),1,Leve,TRUE
2.023e+251,10,Sant Martí,65,el Clot,Meridiana,Divendres,2023,1,Gener,13,20,Tarda,No és causa del  vianant,0,2,0,2,1,2,41,2023-01-13,Friday,Laborable,Noche (18-24h),2,Leve,TRUE
2.023e+252,4,Les Corts,19,les Corts,Joan Güell / Taquígraf Martí,Divendres,2023,1,Gener,13,20,Tarda,Altres,0,0,1,1,1,2,41,2023-01-13,Friday,Laborable,Noche (18-24h),1,Grave,TRUE
2.023e+253,7,Horta-Guinardó,34,Can Baró,Sanllehy,Divendres,2023,1,Gener,13,23,Nit,No és causa del  vianant,0,0,0,0,2,2,41,2023-01-13,Friday,Laborable,Noche (18-24h),0,Leve,FALSE
2.023e+254,2,Eixample,9,la Nova Esquerra de l'Eixample,Corts Catalanes,Divendres,2023,1,Gener,13,20,Tarda,No és causa del  vianant,0,1,0,1,2,2,41,2023-01-13,Friday,Laborable,Noche (18-24h),1,Leve,TRUE
2.023e+255,5,Sarrià-Sant Gervasi,27,el Putxet i el Farró,General Mitre,Dissabte,2023,1,Gener,14,8,Matí,No és causa del  vianant,0,0,0,0,1,2,41,2023-01-14,Saturday,Fin de semana,Manana (06-12h),0,Leve,FALSE
2.023e+256,6,Gràcia,31,la Vila de Gràcia,Torrent de les Flors,Dissabte,2023,1,Gener,14,8,Matí,No és causa del  vianant,0,1,0,1,1,2,41,2023-01-14,Saturday,Fin de semana,Manana (06-12h),1,Leve,TRUE
2.023e+257,9,Sant Andreu,59,el Bon Pastor,B-10 (Besòs),Dissabte,2023,1,Gener,14,8,Matí,No és causa del  vianant,0,0,0,0,2,2,41,2023-01-14,Saturday,Fin de semana,Manana (06-12h),0,Leve,FALSE
2.023e+258,10,Sant Martí,73,la Verneda i la Pau,Guipúscoa,Dissabte,2023,1,Gener,14,12,Matí,No és causa del  vianant,0,1,0,1,2,2,41,2023-01-14,Saturday,Fin de semana,Tarde (12-18h),1,Leve,TRUE
2.023e+259,5,Sarrià-Sant Gervasi,25,Sant Gervasi - la Bonanova,B-20 (Besòs),Diumenge,2023,1,Gener,15,13,Matí,No és causa del  vianant,0,4,0,4,2,2,41,2023-01-15,Sunday,Fin de semana,Tarde (12-18h),4,Leve,TRUE
2.023e+260,8,Nou Barris,45,Porta,Andreu Nin,Dissabte,2023,1,Gener,14,12,Matí,No és causa del  vianant,0,1,0,1,2,2,41,2023-01-14,Saturday,Fin de semana,Tarde (12-18h),1,Leve,TRUE
2.023e+261,7,Horta-Guinardó,42,la Clota,Clota,Dissabte,2023,1,Gener,14,13,Matí,No és causa del  vianant,0,1,0,1,2,2,41,2023-01-14,Saturday,Fin de semana,Tarde (12-18h),1,Leve,TRUE
2.023e+262,2,Eixample,7,la Dreta de l'Eixample,Gràcia,Dissabte,2023,1,Gener,14,12,Matí,No és causa del  vianant,0,1,0,1,2,2,41,2023-01-14,Saturday,Fin de semana,Tarde (12-18h),1,Leve,TRUE
2.023e+263,10,Sant Martí,71,Provençals del Poblenou,Bac de Roda / Perú,Dissabte,2023,1,Gener,14,13,Matí,No és causa del  vianant,0,1,0,1,2,2,41,2023-01-14,Saturday,Fin de semana,Tarde (12-18h),1,Leve,TRUE
2.023e+264,2,Eixample,6,la Sagrada Família,Mallorca / Lepant,Dissabte,2023,1,Gener,14,17,Tarda,No és causa del  vianant,0,1,0,1,2,2,41,2023-01-14,Saturday,Fin de semana,Tarde (12-18h),1,Leve,TRUE
2.023e+265,2,Eixample,7,la Dreta de l'Eixample,Pau Claris,Dissabte,2023,1,Gener,14,18,Tarda,No és causa del  vianant,0,6,0,6,3,2,41,2023-01-14,Saturday,Fin de semana,Noche (18-24h),6,Leve,TRUE
2.023e+266,9,Sant Andreu,61,la Sagrera,Meridiana,Dissabte,2023,1,Gener,14,15,Tarda,No és causa del  vianant,0,1,0,1,1,2,41,2023-01-14,Saturday,Fin de semana,Tarde (12-18h),1,Leve,TRUE
2.023e+267,8,Nou Barris,52,la Prosperitat,Dalt (Llobregat),Dissabte,2023,1,Gener,14,18,Tarda,No és causa del  vianant,0,1,0,1,2,2,41,2023-01-14,Saturday,Fin de semana,Noche (18-24h),1,Leve,TRUE
2.023e+268,10,Sant Martí,73,la Verneda i la Pau,Andrade,Dissabte,2023,1,Gener,14,17,Tarda,No és causa del  vianant,0,1,0,1,1,2,41,2023-01-14,Saturday,Fin de semana,Tarde (12-18h),1,Leve,TRUE
2.023e+269,3,Sants-Montjuïc,11,el Poble-sec,Miramar / Tarongers,Dissabte,2023,1,Gener,14,18,Tarda,No és causa del  vianant,0,2,0,2,3,2,41,2023-01-14,Saturday,Fin de semana,Noche (18-24h),2,Leve,TRUE
2.023e+270,2,Eixample,9,la Nova Esquerra de l'Eixample,Comte d'Urgell / Mallorca,Dissabte,2023,1,Gener,14,19,Tarda,No és causa del  vianant,0,1,0,1,2,2,41,2023-01-14,Saturday,Fin de semana,Noche (18-24h),1,Leve,TRUE
2.023e+271,2,Eixample,8,l'Antiga Esquerra de l'Eixample,Aragó / Aribau,Dissabte,2023,1,Gener,14,20,Tarda,No és causa del  vianant,0,1,0,1,2,2,41,2023-01-14,Saturday,Fin de semana,Noche (18-24h),1,Leve,TRUE
2.023e+272,1,Ciutat Vella,1,el Raval,Reina Amàlia / Lleialtat,Dissabte,2023,1,Gener,14,23,Nit,No és causa del  vianant,0,1,0,1,2,2,41,2023-01-14,Saturday,Fin de semana,Noche (18-24h),1,Leve,TRUE
2.023e+273,3,Sants-Montjuïc,13,la Marina de Port,Prat,Dissabte,2023,1,Gener,14,18,Tarda,No és causa del  vianant,0,1,0,1,1,2,41,2023-01-14,Saturday,Fin de semana,Noche (18-24h),1,Leve,TRUE
2.023e+274,9,Sant Andreu,59,el Bon Pastor,Potosí / Caracas,Dissabte,2023,1,Gener,14,17,Tarda,No és causa del  vianant,0,1,0,1,3,2,41,2023-01-14,Saturday,Fin de semana,Tarde (12-18h),1,Leve,TRUE
2.023e+275,9,Sant Andreu,57,la Trinitat Vella,Litoral (Besòs),Diumenge,2023,1,Gener,15,6,Matí,No és causa del  vianant,0,0,1,1,1,2,41,2023-01-15,Sunday,Fin de semana,Manana (06-12h),1,Grave,TRUE
2.023e+276,2,Eixample,6,la Sagrada Família,Diagonal / Sardenya,Dissabte,2023,1,Gener,14,18,Tarda,No és causa del  vianant,0,1,0,1,2,2,41,2023-01-14,Saturday,Fin de semana,Noche (18-24h),1,Leve,TRUE
2.023e+277,6,Gràcia,28,Vallcarca i els Penitents,Vallcarca,Dissabte,2023,1,Gener,14,9,Matí,No és causa del  vianant,0,1,0,1,2,2,41,2023-01-14,Saturday,Fin de semana,Manana (06-12h),1,Leve,TRUE
2.023e+278,5,Sarrià-Sant Gervasi,27,el Putxet i el Farró,General Mitre,Diumenge,2023,1,Gener,15,7,Matí,No és causa del  vianant,0,2,0,2,1,2,41,2023-01-15,Sunday,Fin de semana,Manana (06-12h),2,Leve,TRUE
2.023e+279,9,Sant Andreu,60,Sant Andreu,Gran de Sant Andreu,Diumenge,2023,1,Gener,15,3,Nit,No és causa del  vianant,0,1,0,1,1,2,41,2023-01-15,Sunday,Fin de semana,Madrugada (00-06h),1,Leve,TRUE
2.023e+280,4,Les Corts,19,les Corts,Corts / Constança,Dissabte,2023,1,Gener,14,16,Tarda,No és causa del  vianant,0,1,0,1,1,2,41,2023-01-14,Saturday,Fin de semana,Tarde (12-18h),1,Leve,TRUE
2.023e+281,3,Sants-Montjuïc,12,la Marina del Prat Vermell,Cisell,Diumenge,2023,1,Gener,15,8,Matí,No és causa del  vianant,0,3,0,3,2,2,41,2023-01-15,Sunday,Fin de semana,Manana (06-12h),3,Leve,TRUE
2.023e+282,2,Eixample,7,la Dreta de l'Eixample,Ausiàs Marc / Roger de Llúria,Diumenge,2023,1,Gener,15,14,Tarda,No és causa del  vianant,0,1,0,1,2,2,41,2023-01-15,Sunday,Fin de semana,Tarde (12-18h),1,Leve,TRUE
2.023e+283,9,Sant Andreu,59,el Bon Pastor,Lima,Dimecres,2023,1,Gener,18,9,Matí,No és causa del  vianant,0,2,0,2,1,2,41,2023-01-18,Wednesday,Laborable,Manana (06-12h),2,Leve,TRUE
2.023e+284,4,Les Corts,20,la Maternitat i Sant Ramon,Diagonal / John M. Keynes,Diumenge,2023,1,Gener,15,16,Tarda,No és causa del  vianant,0,1,0,1,2,2,41,2023-01-15,Sunday,Fin de semana,Tarde (12-18h),1,Leve,TRUE
2.023e+285,2,Eixample,8,l'Antiga Esquerra de l'Eixample,Aribau / Rosselló,Diumenge,2023,1,Gener,15,19,Tarda,No és causa del  vianant,0,1,0,1,2,2,41,2023-01-15,Sunday,Fin de semana,Noche (18-24h),1,Leve,TRUE
2.023e+286,4,Les Corts,19,les Corts,Diagonal,Dilluns,2023,1,Gener,16,8,Matí,Altres,0,1,0,1,1,2,41,2023-01-16,Monday,Laborable,Manana (06-12h),1,Leve,TRUE
2.023e+287,7,Horta-Guinardó,33,el Baix Guinardó,Lepant / Sant Antoni Maria Claret,Dilluns,2023,1,Gener,16,6,Matí,No és causa del  vianant,0,1,0,1,2,2,41,2023-01-16,Monday,Laborable,Manana (06-12h),1,Leve,TRUE
2.023e+288,3,Sants-Montjuïc,16,la Bordeta,Badal,Dilluns,2023,1,Gener,16,10,Matí,No és causa del  vianant,0,1,0,1,1,2,41,2023-01-16,Monday,Laborable,Manana (06-12h),1,Leve,TRUE
2.023e+289,2,Eixample,8,l'Antiga Esquerra de l'Eixample,Diagonal / Francesc Macià,Dimecres,2023,1,Gener,11,8,Matí,No és causa del  vianant,0,1,0,1,1,2,41,2023-01-11,Wednesday,Laborable,Manana (06-12h),1,Leve,TRUE
2.023e+290,5,Sarrià-Sant Gervasi,23,Sarrià,Dalt (Llobregat),Dilluns,2023,1,Gener,16,8,Matí,No és causa del  vianant,0,1,0,1,2,2,41,2023-01-16,Monday,Laborable,Manana (06-12h),1,Leve,TRUE
2.023e+291,5,Sarrià-Sant Gervasi,27,el Putxet i el Farró,Sant Gervasi,Dilluns,2023,1,Gener,16,8,Matí,No és causa del  vianant,0,2,0,2,1,2,41,2023-01-16,Monday,Laborable,Manana (06-12h),2,Leve,TRUE
2.023e+292,5,Sarrià-Sant Gervasi,23,Sarrià,Augusta,Dilluns,2023,1,Gener,16,10,Matí,No és causa del  vianant,0,1,0,1,3,2,41,2023-01-16,Monday,Laborable,Manana (06-12h),1,Leve,TRUE
2.023e+293,4,Les Corts,19,les Corts,Berlín / Entença,Dilluns,2023,1,Gener,16,13,Matí,No és causa del  vianant,0,1,0,1,2,2,41,2023-01-16,Monday,Laborable,Tarde (12-18h),1,Leve,TRUE
2.023e+294,6,Gràcia,32,el Camp d'en Grassot i Gràcia Nova,Nàpols / Rosselló,Dilluns,2023,1,Gener,16,13,Matí,No és causa del  vianant,0,1,0,1,2,2,41,2023-01-16,Monday,Laborable,Tarde (12-18h),1,Leve,TRUE
2.023e+295,3,Sants-Montjuïc,12,la Marina del Prat Vermell,Parc Logístic,Dilluns,2023,1,Gener,16,10,Matí,No és causa del  vianant,0,1,0,1,1,2,41,2023-01-16,Monday,Laborable,Manana (06-12h),1,Leve,TRUE
2.023e+296,2,Eixample,7,la Dreta de l'Eixample,Provença,Dilluns,2023,1,Gener,16,13,Matí,Transitar a peu per la calçada,0,1,0,1,1,2,41,2023-01-16,Monday,Laborable,Tarde (12-18h),1,Leve,TRUE
2.023e+297,2,Eixample,7,la Dreta de l'Eixample,Gràcia / València,Dilluns,2023,1,Gener,16,14,Tarda,No és causa del  vianant,0,1,0,1,2,2,41,2023-01-16,Monday,Laborable,Tarde (12-18h),1,Leve,TRUE
2.023e+298,2,Eixample,6,la Sagrada Família,Aragó,Dilluns,2023,1,Gener,16,15,Tarda,No és causa del  vianant,0,1,0,1,2,2,41,2023-01-16,Monday,Laborable,Tarde (12-18h),1,Leve,TRUE
2.023e+299,10,Sant Martí,70,el Besòs i el Maresme,Marroc / Maresme,Dilluns,2023,1,Gener,16,15,Tarda,No és causa del  vianant,0,1,0,1,2,2,41,2023-01-16,Monday,Laborable,Tarde (12-18h),1,Leve,TRUE
2.023e+300,7,Horta-Guinardó,40,Montbau,B-20 (Llobregat),Dilluns,2023,1,Gener,16,15,Tarda,No és causa del  vianant,0,2,0,2,2,2,41,2023-01-16,Monday,Laborable,Tarde (12-18h),2,Leve,TRUE
2.023e+301,6,Gràcia,32,el Camp d'en Grassot i Gràcia Nova,Sardenya / Pi i Margall,Dilluns,2023,1,Gener,16,16,Tarda,No és causa del  vianant,0,0,1,1,2,2,41,2023-01-16,Monday,Laborable,Tarde (12-18h),1,Grave,TRUE
2.023e+302,10,Sant Martí,64,el Camp de l'Arpa del Clot,Aragó / Meridiana,Dilluns,2023,1,Gener,16,19,Tarda,No és causa del  vianant,0,0,0,0,1,2,41,2023-01-16,Monday,Laborable,Noche (18-24h),0,Leve,FALSE
2.023e+303,2,Eixample,9,la Nova Esquerra de l'Eixample,Roma / Rocafort,Dilluns,2023,1,Gener,16,17,Tarda,No és causa del  vianant,0,1,0,1,2,2,41,2023-01-16,Monday,Laborable,Tarde (12-18h),1,Leve,TRUE
2.023e+304,3,Sants-Montjuïc,14,la Font de la Guatlla,Sant Fructuós / Santa Dorotea,Dilluns,2023,1,Gener,16,19,Tarda,No és causa del  vianant,0,1,0,1,2,2,41,2023-01-16,Monday,Laborable,Noche (18-24h),1,Leve,TRUE
2.023e+305,5,Sarrià-Sant Gervasi,24,les Tres Torres,Sarrià,Dilluns,2023,1,Gener,16,19,Tarda,No és causa del  vianant,0,1,0,1,2,2,41,2023-01-16,Monday,Laborable,Noche (18-24h),1,Leve,TRUE
2.023e+306,2,Eixample,7,la Dreta de l'Eixample,Nàpols / Diputació,Dilluns,2023,1,Gener,16,19,Tarda,Desobeir el senyal del semàfor,0,1,0,1,1,2,41,2023-01-16,Monday,Laborable,Noche (18-24h),1,Leve,TRUE
2.023e+307,1,Ciutat Vella,2,el Barri Gòtic,Colom,Dilluns,2023,1,Gener,16,20,Tarda,No és causa del  vianant,0,1,0,1,2,2,41,2023-01-16,Monday,Laborable,Noche (18-24h),1,Leve,TRUE
20240,9,Sant Andreu,57,la Trinitat Vella,Dalt (Llobregat),Dilluns,2024,1,Gener,1,2,Nit,NA,NA,2,NA,2,1,2,41,2024-01-01,Monday,Laborable,Madrugada (00-06h),NA,Leve,TRUE
202400,2,Eixample,8,l'Antiga Esquerra de l'Eixample,Diagonal,Dilluns,2024,1,Gener,1,3,Nit,NA,NA,1,NA,1,2,2,41,2024-01-01,Monday,Laborable,Madrugada (00-06h),NA,Leve,TRUE
2024000,2,Eixample,10,Sant Antoni,Corts Catalanes,Dilluns,2024,1,Gener,1,4,Nit,NA,NA,4,1,5,2,2,41,2024-01-01,Monday,Laborable,Madrugada (00-06h),5,Grave,TRUE
20240000,1,Ciutat Vella,2,el Barri Gòtic,B-10 (Besòs),Dilluns,2024,1,Gener,1,5,Nit,NA,1,2,1,4,1,2,41,2024-01-01,Monday,Laborable,Madrugada (00-06h),3,Mortal,TRUE
202400000,4,Les Corts,19,les Corts,Numància,Dilluns,2024,1,Gener,1,7,Matí,NA,NA,3,NA,3,4,2,41,2024-01-01,Monday,Laborable,Manana (06-12h),NA,Leve,TRUE
2.024e+09,8,Nou Barris,50,les Roquetes,Torre Baró,Dilluns,2024,1,Gener,1,2,Nit,NA,NA,3,NA,3,1,2,41,2024-01-01,Monday,Laborable,Madrugada (00-06h),NA,Leve,TRUE
2.024e+10,2,Eixample,8,l'Antiga Esquerra de l'Eixample,Diputació,Dilluns,2024,1,Gener,1,3,Nit,NA,NA,1,NA,1,2,2,41,2024-01-01,Monday,Laborable,Madrugada (00-06h),NA,Leve,TRUE
2.024e+11,6,Gràcia,32,el Camp d'en Grassot i Gràcia Nova,Escorial,Dilluns,2024,1,Gener,1,9,Matí,NA,NA,2,NA,2,2,2,41,2024-01-01,Monday,Laborable,Manana (06-12h),NA,Leve,TRUE
2.024e+12,2,Eixample,7,la Dreta de l'Eixample,Catalunya,Dilluns,2024,1,Gener,1,3,Nit,Transitar a peu per la calçada,NA,1,NA,1,1,2,41,2024-01-01,Monday,Laborable,Madrugada (00-06h),NA,Leve,TRUE
2.024e+13,4,Les Corts,19,les Corts,Corts,Dilluns,2024,1,Gener,1,15,Tarda,NA,NA,1,NA,1,2,2,41,2024-01-01,Monday,Laborable,Tarde (12-18h),NA,Leve,TRUE
2.024e+14,7,Horta-Guinardó,43,Horta,Estatut de Catalunya,Dilluns,2024,1,Gener,1,18,Tarda,NA,NA,1,NA,1,2,2,41,2024-01-01,Monday,Laborable,Noche (18-24h),NA,Leve,TRUE
2.024e+15,2,Eixample,6,la Sagrada Família,Aragó,Dilluns,2024,1,Gener,1,19,Tarda,NA,NA,2,NA,2,3,2,41,2024-01-01,Monday,Laborable,Noche (18-24h),NA,Leve,TRUE
2.024e+16,7,Horta-Guinardó,36,la Font d'en Fargues,Maragall,Dilluns,2024,1,Gener,1,19,Tarda,NA,NA,1,NA,1,1,2,41,2024-01-01,Monday,Laborable,Noche (18-24h),NA,Leve,TRUE
2.024e+17,2,Eixample,6,la Sagrada Família,Mallorca,Dilluns,2024,1,Gener,1,19,Tarda,NA,NA,2,NA,2,1,2,41,2024-01-01,Monday,Laborable,Noche (18-24h),NA,Leve,TRUE
2.024e+18,10,Sant Martí,72,Sant Martí de Provençals,Guipúscoa,Dilluns,2024,1,Gener,1,20,Tarda,NA,NA,1,NA,1,2,2,41,2024-01-01,Monday,Laborable,Noche (18-24h),NA,Leve,TRUE
2.024e+19,1,Ciutat Vella,1,el Raval,Rambla,Dimarts,2024,1,Gener,2,7,Matí,NA,NA,1,NA,1,1,2,41,2024-01-02,Tuesday,Laborable,Manana (06-12h),NA,Leve,TRUE
2.024e+20,2,Eixample,5,el Fort Pienc,Sardenya,Dimecres,2024,1,Gener,3,11,Matí,NA,NA,1,NA,1,1,2,41,2024-01-03,Wednesday,Laborable,Manana (06-12h),NA,Leve,TRUE
2.024e+21,2,Eixample,9,la Nova Esquerra de l'Eixample,Provença,Dimarts,2024,1,Gener,2,8,Matí,Desobeir el senyal del semàfor,NA,1,NA,1,1,2,41,2024-01-02,Tuesday,Laborable,Manana (06-12h),NA,Leve,TRUE
2.024e+22,4,Les Corts,19,les Corts,Caballero,Dimarts,2024,1,Gener,2,8,Matí,NA,NA,1,NA,1,2,2,41,2024-01-02,Tuesday,Laborable,Manana (06-12h),NA,Leve,TRUE
2.024e+23,9,Sant Andreu,63,Navas,Concepción Arenal,Dimarts,2024,1,Gener,2,10,Matí,NA,NA,1,NA,1,3,2,41,2024-01-02,Tuesday,Laborable,Manana (06-12h),NA,Leve,TRUE
2.024e+24,5,Sarrià-Sant Gervasi,25,Sant Gervasi - la Bonanova,Tibidabo,Dimarts,2024,1,Gener,2,10,Matí,NA,NA,1,NA,1,2,2,41,2024-01-02,Tuesday,Laborable,Manana (06-12h),NA,Leve,TRUE
2.024e+25,8,Nou Barris,48,la Guineueta,Valldaura,Dimarts,2024,1,Gener,2,13,Matí,NA,NA,1,NA,1,2,2,41,2024-01-02,Tuesday,Laborable,Tarde (12-18h),NA,Leve,TRUE
2.024e+26,2,Eixample,8,l'Antiga Esquerra de l'Eixample,Casanova,Dimarts,2024,1,Gener,2,14,Tarda,NA,NA,1,NA,1,2,2,41,2024-01-02,Tuesday,Laborable,Tarde (12-18h),NA,Leve,TRUE
2.024e+27,10,Sant Martí,64,el Camp de l'Arpa del Clot,Independència,Dimarts,2024,1,Gener,2,14,Tarda,NA,NA,1,NA,1,2,2,41,2024-01-02,Tuesday,Laborable,Tarde (12-18h),NA,Leve,TRUE
2.024e+28,1,Ciutat Vella,1,el Raval,Pelai,Dimarts,2024,1,Gener,2,14,Tarda,NA,NA,1,NA,1,3,2,41,2024-01-02,Tuesday,Laborable,Tarde (12-18h),NA,Leve,TRUE
2.024e+30,4,Les Corts,20,la Maternitat i Sant Ramon,Albert Bastardas,Dimarts,2024,1,Gener,2,17,Tarda,NA,NA,1,NA,1,2,2,41,2024-01-02,Tuesday,Laborable,Tarde (12-18h),NA,Leve,TRUE
2.024e+31,3,Sants-Montjuïc,11,el Poble Sec,Blai,Dimarts,2024,1,Gener,2,20,Tarda,NA,NA,NA,NA,NA,1,2,41,2024-01-02,Tuesday,Laborable,Noche (18-24h),NA,Leve,NA
2.024e+32,4,Les Corts,19,les Corts,Diagonal,Dimarts,2024,1,Gener,2,14,Tarda,NA,NA,2,NA,2,1,2,41,2024-01-02,Tuesday,Laborable,Tarde (12-18h),NA,Leve,TRUE
2.024e+33,2,Eixample,7,la Dreta de l'Eixample,Corts Catalanes,Dimarts,2024,1,Gener,2,18,Tarda,NA,NA,1,NA,1,2,2,41,2024-01-02,Tuesday,Laborable,Noche (18-24h),NA,Leve,TRUE
2.024e+34,2,Eixample,5,el Fort Pienc,Marina,Dimarts,2024,1,Gener,2,22,Nit,NA,NA,1,NA,1,2,2,41,2024-01-02,Tuesday,Laborable,Noche (18-24h),NA,Leve,TRUE
2.024e+35,2,Eixample,8,l'Antiga Esquerra de l'Eixample,Corts Catalanes,Dimecres,2024,1,Gener,3,9,Matí,NA,NA,1,NA,1,2,2,41,2024-01-03,Wednesday,Laborable,Manana (06-12h),NA,Leve,TRUE
2.024e+36,5,Sarrià-Sant Gervasi,24,les Tres Torres,Doctor Roux,Dimecres,2024,1,Gener,3,12,Matí,NA,NA,1,NA,1,2,2,41,2024-01-03,Wednesday,Laborable,Tarde (12-18h),NA,Leve,TRUE
2.024e+37,7,Horta-Guinardó,43,Horta,Karl Marx,Dimecres,2024,1,Gener,3,12,Matí,NA,NA,1,NA,1,1,2,41,2024-01-03,Wednesday,Laborable,Tarde (12-18h),NA,Leve,TRUE
2.024e+38,4,Les Corts,19,les Corts,Equador,Dimecres,2024,1,Gener,3,13,Matí,NA,NA,1,NA,1,2,2,41,2024-01-03,Wednesday,Laborable,Tarde (12-18h),NA,Leve,TRUE
2.024e+39,7,Horta-Guinardó,37,el Carmel,Santuari,Dimecres,2024,1,Gener,3,15,Tarda,NA,NA,1,NA,1,3,2,41,2024-01-03,Wednesday,Laborable,Tarde (12-18h),NA,Leve,TRUE
2.024e+40,8,Nou Barris,52,la Prosperitat,Aiguablava,Dimecres,2024,1,Gener,3,15,Tarda,NA,NA,1,NA,1,1,2,41,2024-01-03,Wednesday,Laborable,Tarde (12-18h),NA,Leve,TRUE
2.024e+41,7,Horta-Guinardó,43,Horta,Maragall,Dimecres,2024,1,Gener,3,17,Tarda,NA,NA,1,NA,1,2,2,41,2024-01-03,Wednesday,Laborable,Tarde (12-18h),NA,Leve,TRUE
2.024e+42,2,Eixample,5,el Fort Pienc,Roger de Flor,Dimecres,2024,1,Gener,3,17,Tarda,NA,NA,1,NA,1,2,2,41,2024-01-03,Wednesday,Laborable,Tarde (12-18h),NA,Leve,TRUE
2.024e+43,5,Sarrià-Sant Gervasi,24,les Tres Torres,Augusta,Dimecres,2024,1,Gener,3,17,Tarda,NA,NA,1,NA,1,2,2,41,2024-01-03,Wednesday,Laborable,Tarde (12-18h),NA,Leve,TRUE
2.024e+44,7,Horta-Guinardó,33,el Baix Guinardó,Guinardó,Dimecres,2024,1,Gener,3,22,Nit,NA,NA,NA,NA,NA,2,2,41,2024-01-03,Wednesday,Laborable,Noche (18-24h),NA,Leve,NA
2.024e+45,6,Gràcia,32,el Camp d'en Grassot i Gràcia Nova,Sant Joan,Dimecres,2024,1,Gener,3,20,Tarda,NA,NA,1,NA,1,2,2,41,2024-01-03,Wednesday,Laborable,Noche (18-24h),NA,Leve,TRUE
2.024e+46,2,Eixample,8,l'Antiga Esquerra de l'Eixample,Diagonal,Dimecres,2024,1,Gener,3,23,Nit,NA,NA,1,NA,1,2,2,41,2024-01-03,Wednesday,Laborable,Noche (18-24h),NA,Leve,TRUE
2.024e+47,7,Horta-Guinardó,35,el Guinardó,Guinardó,Dijous,2024,1,Gener,4,2,Nit,NA,NA,1,1,2,2,2,41,2024-01-04,Thursday,Laborable,Madrugada (00-06h),2,Grave,TRUE
2.024e+48,3,Sants-Montjuïc,11,el Poble Sec,B-10 (Llobregat),Dijous,2024,1,Gener,4,6,Matí,NA,NA,2,NA,2,2,2,41,2024-01-04,Thursday,Laborable,Manana (06-12h),NA,Leve,TRUE
2.024e+49,5,Sarrià-Sant Gervasi,27,el Putxet i el Farró,General Mitre,Dimarts,2024,1,Gener,2,21,Tarda,NA,NA,NA,NA,NA,2,2,41,2024-01-02,Tuesday,Laborable,Noche (18-24h),NA,Leve,NA
2.024e+50,10,Sant Martí,71,Provençals del Poblenou,Perú,Dimecres,2024,1,Gener,3,19,Tarda,NA,NA,1,NA,1,2,2,41,2024-01-03,Wednesday,Laborable,Noche (18-24h),NA,Leve,TRUE
2.024e+51,2,Eixample,7,la Dreta de l'Eixample,Corts Catalanes,Dijous,2024,1,Gener,4,11,Matí,NA,NA,1,NA,1,2,2,41,2024-01-04,Thursday,Laborable,Manana (06-12h),NA,Leve,TRUE
2.024e+52,3,Sants-Montjuïc,15,Hostafrancs,Tarragona,Dijous,2024,1,Gener,4,8,Matí,NA,NA,1,NA,1,2,2,41,2024-01-04,Thursday,Laborable,Manana (06-12h),NA,Leve,TRUE
2.024e+53,2,Eixample,10,Sant Antoni,Calàbria,Dijous,2024,1,Gener,4,9,Matí,NA,NA,1,NA,1,2,2,41,2024-01-04,Thursday,Laborable,Manana (06-12h),NA,Leve,TRUE
2.024e+54,2,Eixample,7,la Dreta de l'Eixample,Aragó,Dijous,2024,1,Gener,4,9,Matí,NA,NA,1,NA,1,2,2,41,2024-01-04,Thursday,Laborable,Manana (06-12h),NA,Leve,TRUE
2.024e+55,5,Sarrià-Sant Gervasi,26,Sant Gervasi - Galvany,Diagonal,Dijous,2024,1,Gener,4,12,Matí,NA,NA,1,NA,1,2,2,41,2024-01-04,Thursday,Laborable,Tarde (12-18h),NA,Leve,TRUE
2.024e+56,9,Sant Andreu,59,el Bon Pastor,Litoral (Besòs),Dijous,2024,1,Gener,4,13,Matí,NA,NA,2,NA,2,3,2,41,2024-01-04,Thursday,Laborable,Tarde (12-18h),NA,Leve,TRUE
2.024e+57,4,Les Corts,19,les Corts,Diagonal,Dijous,2024,1,Gener,4,15,Tarda,NA,NA,NA,1,1,2,2,41,2024-01-04,Thursday,Laborable,Tarde (12-18h),NA,Grave,TRUE
2.024e+58,5,Sarrià-Sant Gervasi,26,Sant Gervasi - Galvany,Lázaro Cárdenas,Dijous,2024,1,Gener,4,14,Tarda,NA,NA,1,NA,1,3,2,41,2024-01-04,Thursday,Laborable,Tarde (12-18h),NA,Leve,TRUE
2.024e+59,5,Sarrià-Sant Gervasi,25,Sant Gervasi - la Bonanova,Ganduxer,Dijous,2024,1,Gener,4,17,Tarda,NA,NA,1,NA,1,2,2,41,2024-01-04,Thursday,Laborable,Tarde (12-18h),NA,Leve,TRUE
2.024e+60,5,Sarrià-Sant Gervasi,27,el Putxet i el Farró,Craywinckel,Dijous,2024,1,Gener,4,13,Matí,NA,NA,2,NA,2,1,2,41,2024-01-04,Thursday,Laborable,Tarde (12-18h),NA,Leve,TRUE
2.024e+61,5,Sarrià-Sant Gervasi,26,Sant Gervasi - Galvany,Diagonal,Dijous,2024,1,Gener,4,20,Tarda,NA,NA,NA,NA,NA,1,2,41,2024-01-04,Thursday,Laborable,Noche (18-24h),NA,Leve,NA
2.024e+62,2,Eixample,6,la Sagrada Família,Dos de Maig,Dijous,2024,1,Gener,4,16,Tarda,NA,NA,1,NA,1,2,2,41,2024-01-04,Thursday,Laborable,Tarde (12-18h),NA,Leve,TRUE
2.024e+63,8,Nou Barris,50,les Roquetes,Favència,Dijous,2024,1,Gener,4,17,Tarda,NA,NA,1,NA,1,1,2,41,2024-01-04,Thursday,Laborable,Tarde (12-18h),NA,Leve,TRUE
2.024e+64,2,Eixample,7,la Dreta de l'Eixample,Corts Catalanes,Dijous,2024,1,Gener,4,21,Tarda,NA,NA,2,NA,2,2,2,41,2024-01-04,Thursday,Laborable,Noche (18-24h),NA,Leve,TRUE
2.024e+65,2,Eixample,6,la Sagrada Família,Provença,Divendres,2024,1,Gener,5,7,Matí,NA,NA,1,NA,1,2,2,41,2024-01-05,Friday,Laborable,Manana (06-12h),NA,Leve,TRUE
2.024e+66,10,Sant Martí,67,la Vila Olímpica del Poblenou,Doctor Trueta,Divendres,2024,1,Gener,5,10,Matí,NA,NA,1,NA,1,2,2,41,2024-01-05,Friday,Laborable,Manana (06-12h),NA,Leve,TRUE
2.024e+67,1,Ciutat Vella,4,"Sant Pere, Santa Caterina i la Ribera",Comercial,Divendres,2024,1,Gener,5,11,Matí,NA,NA,1,NA,1,1,2,41,2024-01-05,Friday,Laborable,Manana (06-12h),NA,Leve,TRUE
2.024e+68,1,Ciutat Vella,1,el Raval,Drassanes,Dijous,2024,1,Gener,4,21,Tarda,NA,NA,1,NA,1,2,2,41,2024-01-04,Thursday,Laborable,Noche (18-24h),NA,Leve,TRUE
2.024e+69,7,Horta-Guinardó,35,el Guinardó,Guinardó,Dijous,2024,1,Gener,4,21,Tarda,NA,NA,1,NA,1,2,2,41,2024-01-04,Thursday,Laborable,Noche (18-24h),NA,Leve,TRUE
2.024e+70,3,Sants-Montjuïc,18,Sants,Josep Tarradellas,Divendres,2024,1,Gener,5,12,Matí,NA,NA,1,NA,1,1,2,41,2024-01-05,Friday,Laborable,Tarde (12-18h),NA,Leve,TRUE
2.024e+71,4,Les Corts,21,Pedralbes,Diagonal,Divendres,2024,1,Gener,5,9,Matí,NA,NA,1,NA,1,2,2,41,2024-01-05,Friday,Laborable,Manana (06-12h),NA,Leve,TRUE
2.024e+72,8,Nou Barris,50,les Roquetes,Mina de la Ciutat,Divendres,2024,1,Gener,5,12,Matí,NA,NA,1,NA,1,1,2,41,2024-01-05,Friday,Laborable,Tarde (12-18h),NA,Leve,TRUE
2.024e+73,2,Eixample,10,Sant Antoni,Paral·lel,Divendres,2024,1,Gener,5,13,Matí,NA,NA,1,NA,1,2,2,41,2024-01-05,Friday,Laborable,Tarde (12-18h),NA,Leve,TRUE
2.024e+74,2,Eixample,5,el Fort Pienc,Corts Catalanes,Divendres,2024,1,Gener,5,13,Matí,NA,NA,1,NA,1,2,2,41,2024-01-05,Friday,Laborable,Tarde (12-18h),NA,Leve,TRUE
2.024e+75,4,Les Corts,20,la Maternitat i Sant Ramon,Diagonal,Divendres,2024,1,Gener,5,14,Tarda,NA,NA,2,NA,2,2,2,41,2024-01-05,Friday,Laborable,Tarde (12-18h),NA,Leve,TRUE
2.024e+76,1,Ciutat Vella,3,la Barceloneta,Marítim de la Barceloneta,Divendres,2024,1,Gener,5,14,Tarda,NA,NA,1,NA,1,1,2,41,2024-01-05,Friday,Laborable,Tarde (12-18h),NA,Leve,TRUE
2.024e+77,2,Eixample,9,la Nova Esquerra de l'Eixample,Entença,Divendres,2024,1,Gener,5,18,Tarda,NA,NA,1,NA,1,2,2,41,2024-01-05,Friday,Laborable,Noche (18-24h),NA,Leve,TRUE
2.024e+78,2,Eixample,8,l'Antiga Esquerra de l'Eixample,Comte d'Urgell,Divendres,2024,1,Gener,5,15,Tarda,NA,NA,1,NA,1,2,2,41,2024-01-05,Friday,Laborable,Tarde (12-18h),NA,Leve,TRUE
2.024e+79,4,Les Corts,21,Pedralbes,Diagonal,Divendres,2024,1,Gener,5,22,Nit,NA,NA,1,NA,1,3,2,41,2024-01-05,Friday,Laborable,Noche (18-24h),NA,Leve,TRUE
2.024e+80,2,Eixample,7,la Dreta de l'Eixample,Rosselló,Divendres,2024,1,Gener,5,23,Nit,NA,NA,1,NA,1,2,2,41,2024-01-05,Friday,Laborable,Noche (18-24h),NA,Leve,TRUE
2.024e+81,2,Eixample,5,el Fort Pienc,Corts Catalanes,Divendres,2024,1,Gener,5,20,Tarda,NA,NA,1,NA,1,1,2,41,2024-01-05,Friday,Laborable,Noche (18-24h),NA,Leve,TRUE
2.024e+82,2,Eixample,7,la Dreta de l'Eixample,Catalunya,Divendres,2024,1,Gener,5,17,Tarda,NA,NA,NA,NA,NA,2,2,41,2024-01-05,Friday,Laborable,Tarde (12-18h),NA,Leve,NA
2.024e+83,3,Sants-Montjuïc,15,Hostafrancs,Indíbil,Divendres,2024,1,Gener,5,20,Tarda,NA,NA,1,NA,1,2,2,41,2024-01-05,Friday,Laborable,Noche (18-24h),NA,Leve,TRUE
2.024e+84,2,Eixample,5,el Fort Pienc,Corts Catalanes,Dissabte,2024,1,Gener,6,11,Matí,NA,NA,1,NA,1,2,2,41,2024-01-06,Saturday,Fin de semana,Manana (06-12h),NA,Leve,TRUE
2.024e+85,7,Horta-Guinardó,43,Horta,Valldaura,Dijous,2024,1,Gener,4,6,Matí,NA,NA,NA,NA,NA,2,2,41,2024-01-04,Thursday,Laborable,Manana (06-12h),NA,Leve,NA
2.024e+86,4,Les Corts,21,Pedralbes,Diagonal,Divendres,2024,1,Gener,5,14,Tarda,NA,NA,4,NA,4,3,2,41,2024-01-05,Friday,Laborable,Tarde (12-18h),NA,Leve,TRUE
2.024e+87,4,Les Corts,21,Pedralbes,Diagonal,Divendres,2024,1,Gener,5,21,Tarda,NA,NA,1,NA,1,2,2,41,2024-01-05,Friday,Laborable,Noche (18-24h),NA,Leve,TRUE
2.024e+88,8,Nou Barris,48,la Guineueta,Valldaura,Dissabte,2024,1,Gener,6,16,Tarda,NA,NA,1,NA,1,1,2,41,2024-01-06,Saturday,Fin de semana,Tarde (12-18h),NA,Leve,TRUE
2.024e+89,4,Les Corts,20,la Maternitat i Sant Ramon,Diagonal,Dissabte,2024,1,Gener,6,18,Tarda,NA,NA,NA,1,1,1,2,41,2024-01-06,Saturday,Fin de semana,Noche (18-24h),NA,Grave,TRUE
2.024e+90,5,Sarrià-Sant Gervasi,25,Sant Gervasi - la Bonanova,Tibidabo,Dissabte,2024,1,Gener,6,20,Tarda,NA,NA,1,1,2,2,2,41,2024-01-06,Saturday,Fin de semana,Noche (18-24h),2,Grave,TRUE
2.024e+91,5,Sarrià-Sant Gervasi,23,Sarrià,B-20 (Llobregat),Dissabte,2024,1,Gener,6,20,Tarda,NA,NA,1,NA,1,2,2,41,2024-01-06,Saturday,Fin de semana,Noche (18-24h),NA,Leve,TRUE
2.024e+92,2,Eixample,8,l'Antiga Esquerra de l'Eixample,Comte d'Urgell,Dissabte,2024,1,Gener,6,21,Tarda,NA,NA,1,NA,1,2,2,41,2024-01-06,Saturday,Fin de semana,Noche (18-24h),NA,Leve,TRUE
2.024e+93,2,Eixample,10,Sant Antoni,Viladomat,Dissabte,2024,1,Gener,6,21,Tarda,NA,NA,1,NA,1,2,2,41,2024-01-06,Saturday,Fin de semana,Noche (18-24h),NA,Leve,TRUE
2.024e+94,5,Sarrià-Sant Gervasi,23,Sarrià,Eduardo Conde,Dissabte,2024,1,Gener,6,17,Tarda,NA,NA,NA,NA,NA,1,2,41,2024-01-06,Saturday,Fin de semana,Tarde (12-18h),NA,Leve,NA
2.024e+95,2,Eixample,6,la Sagrada Família,Rosselló,Diumenge,2024,1,Gener,7,5,Nit,NA,NA,2,NA,2,2,2,41,2024-01-07,Sunday,Fin de semana,Madrugada (00-06h),NA,Leve,TRUE
2.024e+96,1,Ciutat Vella,2,el Barri Gòtic,Laietana,Diumenge,2024,1,Gener,7,10,Matí,NA,NA,2,NA,2,1,2,41,2024-01-07,Sunday,Fin de semana,Manana (06-12h),NA,Leve,TRUE
2.024e+97,7,Horta-Guinardó,33,el Baix Guinardó,Lepant,Diumenge,2024,1,Gener,7,9,Matí,NA,NA,1,NA,1,2,2,41,2024-01-07,Sunday,Fin de semana,Manana (06-12h),NA,Leve,TRUE
2.024e+98,8,Nou Barris,53,la Trinitat Nova,Meridiana,Diumenge,2024,1,Gener,7,12,Matí,NA,NA,3,NA,3,2,2,41,2024-01-07,Sunday,Fin de semana,Tarde (12-18h),NA,Leve,TRUE
2.024e+99,2,Eixample,7,la Dreta de l'Eixample,Provença,Diumenge,2024,1,Gener,7,13,Matí,NA,NA,1,NA,1,1,2,41,2024-01-07,Sunday,Fin de semana,Tarde (12-18h),NA,Leve,TRUE
2.024e+100,1,Ciutat Vella,2,el Barri Gòtic,Rambla,Diumenge,2024,1,Gener,7,14,Tarda,NA,NA,1,NA,1,1,2,41,2024-01-07,Sunday,Fin de semana,Tarde (12-18h),NA,Leve,TRUE
2.024e+101,2,Eixample,8,l'Antiga Esquerra de l'Eixample,París,Diumenge,2024,1,Gener,7,15,Tarda,NA,NA,NA,1,1,2,2,41,2024-01-07,Sunday,Fin de semana,Tarde (12-18h),NA,Grave,TRUE
2.024e+102,10,Sant Martí,71,Provençals del Poblenou,Corts Catalanes,Diumenge,2024,1,Gener,7,18,Tarda,NA,NA,NA,NA,NA,1,2,41,2024-01-07,Sunday,Fin de semana,Noche (18-24h),NA,Leve,NA
2.024e+103,5,Sarrià-Sant Gervasi,25,Sant Gervasi - la Bonanova,Josep M. Lladó,Diumenge,2024,1,Gener,7,17,Tarda,NA,NA,NA,NA,NA,1,2,41,2024-01-07,Sunday,Fin de semana,Tarde (12-18h),NA,Leve,NA
2.024e+104,4,Les Corts,19,les Corts,Entença,Diumenge,2024,1,Gener,7,22,Nit,NA,NA,1,NA,1,2,2,41,2024-01-07,Sunday,Fin de semana,Noche (18-24h),NA,Leve,TRUE
2.024e+105,4,Les Corts,20,la Maternitat i Sant Ramon,Arístides Maillol,Dilluns,2024,1,Gener,8,8,Matí,NA,NA,1,NA,1,1,2,41,2024-01-08,Monday,Laborable,Manana (06-12h),NA,Leve,TRUE
2.024e+106,3,Sants-Montjuïc,12,la Marina del Prat Vermell,Litoral (Besòs),Dilluns,2024,1,Gener,8,9,Matí,NA,NA,5,NA,5,4,2,41,2024-01-08,Monday,Laborable,Manana (06-12h),NA,Leve,TRUE
2.024e+107,5,Sarrià-Sant Gervasi,23,Sarrià,J. V. FOIX,Dilluns,2024,1,Gener,8,10,Matí,NA,NA,1,NA,1,2,2,41,2024-01-08,Monday,Laborable,Manana (06-12h),NA,Leve,TRUE
2.024e+108,6,Gràcia,28,Vallcarca i els Penitents,Alfonso Comín,Dilluns,2024,1,Gener,8,8,Matí,NA,NA,2,NA,2,2,2,41,2024-01-08,Monday,Laborable,Manana (06-12h),NA,Leve,TRUE
2.024e+109,6,Gràcia,28,Vallcarca i els Penitents,Alfonso Comín,Dilluns,2024,1,Gener,8,6,Matí,NA,NA,NA,NA,NA,1,2,41,2024-01-08,Monday,Laborable,Manana (06-12h),NA,Leve,NA
2.024e+110,7,Horta-Guinardó,39,Sant Genís dels Agudells,Sant Cugat,Divendres,2024,1,Gener,5,19,Tarda,NA,NA,1,NA,1,2,2,41,2024-01-05,Friday,Laborable,Noche (18-24h),NA,Leve,TRUE
2.024e+111,7,Horta-Guinardó,35,el Guinardó,Maragall,Dilluns,2024,1,Gener,8,9,Matí,NA,NA,2,NA,2,2,2,41,2024-01-08,Monday,Laborable,Manana (06-12h),NA,Leve,TRUE
2.024e+112,3,Sants-Montjuïc,18,Sants,Masnou,Dilluns,2024,1,Gener,8,10,Matí,NA,NA,1,NA,1,1,2,41,2024-01-08,Monday,Laborable,Manana (06-12h),NA,Leve,TRUE
2.024e+113,2,Eixample,6,la Sagrada Família,Cartagena,Dilluns,2024,1,Gener,8,8,Matí,NA,NA,1,NA,1,1,2,41,2024-01-08,Monday,Laborable,Manana (06-12h),NA,Leve,TRUE
2.024e+114,2,Eixample,10,Sant Antoni,Corts Catalanes,Dilluns,2024,1,Gener,8,11,Matí,NA,NA,2,NA,2,2,2,41,2024-01-08,Monday,Laborable,Manana (06-12h),NA,Leve,TRUE
2.024e+115,2,Eixample,6,la Sagrada Família,Marina,Dilluns,2024,1,Gener,8,12,Matí,NA,NA,1,NA,1,1,2,41,2024-01-08,Monday,Laborable,Tarde (12-18h),NA,Leve,TRUE
2.024e+116,7,Horta-Guinardó,37,el Carmel,Tolrà,Dilluns,2024,1,Gener,8,12,Matí,NA,NA,1,NA,1,1,2,41,2024-01-08,Monday,Laborable,Tarde (12-18h),NA,Leve,TRUE
2.024e+117,7,Horta-Guinardó,43,Horta,Karl Marx,Dilluns,2024,1,Gener,8,12,Matí,NA,NA,1,NA,1,2,2,41,2024-01-08,Monday,Laborable,Tarde (12-18h),NA,Leve,TRUE
2.024e+118,2,Eixample,8,l'Antiga Esquerra de l'Eixample,Aribau,Dilluns,2024,1,Gener,8,13,Matí,NA,NA,2,NA,2,2,2,41,2024-01-08,Monday,Laborable,Tarde (12-18h),NA,Leve,TRUE
2.024e+119,1,Ciutat Vella,2,el Barri Gòtic,Fontanella,Dilluns,2024,1,Gener,8,9,Matí,Desobeir el senyal del semàfor,NA,1,NA,1,1,2,41,2024-01-08,Monday,Laborable,Manana (06-12h),NA,Leve,TRUE
2.024e+120,10,Sant Martí,65,el Clot,Las Navas de Tolosa,Dilluns,2024,1,Gener,8,12,Matí,NA,NA,1,NA,1,3,2,41,2024-01-08,Monday,Laborable,Tarde (12-18h),NA,Leve,TRUE
2.024e+121,2,Eixample,7,la Dreta de l'Eixample,Diagonal,Dilluns,2024,1,Gener,8,18,Tarda,NA,NA,1,NA,1,2,2,41,2024-01-08,Monday,Laborable,Noche (18-24h),NA,Leve,TRUE
2.024e+122,2,Eixample,6,la Sagrada Família,Aragó,Dilluns,2024,1,Gener,8,13,Matí,NA,NA,1,NA,1,2,2,41,2024-01-08,Monday,Laborable,Tarde (12-18h),NA,Leve,TRUE
2.024e+123,8,Nou Barris,50,les Roquetes,Torres,Dilluns,2024,1,Gener,8,20,Tarda,Creuar per fora pas de vianants,NA,2,NA,2,1,2,41,2024-01-08,Monday,Laborable,Noche (18-24h),NA,Leve,TRUE
2.024e+124,10,Sant Martí,67,la Vila Olímpica del Poblenou,Ramon Trias Fargas,Dilluns,2024,1,Gener,8,15,Tarda,NA,NA,NA,NA,NA,2,2,41,2024-01-08,Monday,Laborable,Tarde (12-18h),NA,Leve,NA
2.024e+125,10,Sant Martí,71,Provençals del Poblenou,C-31,Dijous,2024,1,Gener,11,20,Tarda,NA,NA,NA,NA,NA,2,2,41,2024-01-11,Thursday,Laborable,Noche (18-24h),NA,Leve,NA
2.024e+126,7,Horta-Guinardó,43,Horta,Karl Marx,Dilluns,2024,1,Gener,8,20,Tarda,NA,NA,1,NA,1,2,2,41,2024-01-08,Monday,Laborable,Noche (18-24h),NA,Leve,TRUE
2.024e+127,5,Sarrià-Sant Gervasi,25,Sant Gervasi - la Bonanova,Mandri,Dilluns,2024,1,Gener,8,7,Matí,NA,NA,1,NA,1,2,2,41,2024-01-08,Monday,Laborable,Manana (06-12h),NA,Leve,TRUE
2.024e+128,5,Sarrià-Sant Gervasi,25,Sant Gervasi - la Bonanova,Mandri,Dilluns,2024,1,Gener,8,20,Tarda,NA,NA,1,NA,1,2,2,41,2024-01-08,Monday,Laborable,Noche (18-24h),NA,Leve,TRUE
2.024e+129,2,Eixample,7,la Dreta de l'Eixample,Corts Catalanes,Dilluns,2024,1,Gener,8,16,Tarda,NA,NA,1,NA,1,2,2,41,2024-01-08,Monday,Laborable,Tarde (12-18h),NA,Leve,TRUE
2.024e+130,5,Sarrià-Sant Gervasi,26,Sant Gervasi - Galvany,Ganduxer,Dilluns,2024,1,Gener,8,15,Tarda,NA,NA,1,NA,1,2,2,41,2024-01-08,Monday,Laborable,Tarde (12-18h),NA,Leve,TRUE
2.024e+131,2,Eixample,9,la Nova Esquerra de l'Eixample,Aragó,Dilluns,2024,1,Gener,8,15,Tarda,NA,NA,1,NA,1,2,2,41,2024-01-08,Monday,Laborable,Tarde (12-18h),NA,Leve,TRUE
2.024e+132,3,Sants-Montjuïc,13,la Marina de Port,Corts Catalanes,Dilluns,2024,1,Gener,8,20,Tarda,NA,NA,1,NA,1,2,2,41,2024-01-08,Monday,Laborable,Noche (18-24h),NA,Leve,TRUE
2.024e+133,6,Gràcia,28,Vallcarca i els Penitents,Sant Cugat,Dilluns,2024,1,Gener,8,23,Nit,NA,NA,1,NA,1,1,2,41,2024-01-08,Monday,Laborable,Noche (18-24h),NA,Leve,TRUE
2.024e+134,10,Sant Martí,69,Diagonal Mar i el Front Marítim del Poblenou,Bac de Roda,Dilluns,2024,1,Gener,8,22,Nit,NA,NA,1,NA,1,3,2,41,2024-01-08,Monday,Laborable,Noche (18-24h),NA,Leve,TRUE
2.024e+135,10,Sant Martí,71,Provençals del Poblenou,C-31,Dilluns,2024,1,Gener,8,18,Tarda,NA,NA,1,NA,1,2,2,41,2024-01-08,Monday,Laborable,Noche (18-24h),NA,Leve,TRUE
2.024e+136,10,Sant Martí,68,el Poblenou,B-10 (Llobregat),Dimarts,2024,1,Gener,9,7,Matí,NA,NA,1,NA,1,2,2,41,2024-01-09,Tuesday,Laborable,Manana (06-12h),NA,Leve,TRUE
2.024e+137,3,Sants-Montjuïc,18,Sants,Madrid,Dimarts,2024,1,Gener,9,6,Matí,NA,NA,1,NA,1,2,2,41,2024-01-09,Tuesday,Laborable,Manana (06-12h),NA,Leve,TRUE
2.024e+138,5,Sarrià-Sant Gervasi,23,Sarrià,Manuel de Falla,Dimarts,2024,1,Gener,9,8,Matí,NA,NA,NA,NA,NA,6,2,41,2024-01-09,Tuesday,Laborable,Manana (06-12h),NA,Leve,NA
2.024e+139,2,Eixample,7,la Dreta de l'Eixample,Aragó,Dimarts,2024,1,Gener,9,8,Matí,NA,NA,1,NA,1,2,2,41,2024-01-09,Tuesday,Laborable,Manana (06-12h),NA,Leve,TRUE
2.024e+140,4,Les Corts,20,la Maternitat i Sant Ramon,Diagonal,Dimarts,2024,1,Gener,9,9,Matí,NA,NA,2,NA,2,2,2,41,2024-01-09,Tuesday,Laborable,Manana (06-12h),NA,Leve,TRUE
2.024e+141,2,Eixample,9,la Nova Esquerra de l'Eixample,Comte Borrell,Dimarts,2024,1,Gener,9,12,Matí,NA,NA,1,NA,1,1,2,41,2024-01-09,Tuesday,Laborable,Tarde (12-18h),NA,Leve,TRUE
2.024e+142,5,Sarrià-Sant Gervasi,24,les Tres Torres,Augusta,Dimarts,2024,1,Gener,9,8,Matí,NA,NA,1,NA,1,2,2,41,2024-01-09,Tuesday,Laborable,Manana (06-12h),NA,Leve,TRUE
2.024e+143,9,Sant Andreu,63,Navas,Felip II,Dimarts,2024,1,Gener,9,9,Matí,NA,NA,1,NA,1,2,2,41,2024-01-09,Tuesday,Laborable,Manana (06-12h),NA,Leve,TRUE
2.024e+144,2,Eixample,8,l'Antiga Esquerra de l'Eixample,Aragó,Dimarts,2024,1,Gener,9,11,Matí,NA,NA,1,NA,1,2,2,41,2024-01-09,Tuesday,Laborable,Manana (06-12h),NA,Leve,TRUE
2.024e+145,10,Sant Martí,72,Sant Martí de Provençals,Corts Catalanes,Dimarts,2024,1,Gener,9,13,Matí,NA,NA,1,NA,1,1,2,41,2024-01-09,Tuesday,Laborable,Tarde (12-18h),NA,Leve,TRUE
2.024e+146,4,Les Corts,20,la Maternitat i Sant Ramon,Menéndez y Pelayo,Dimarts,2024,1,Gener,9,15,Tarda,NA,NA,1,NA,1,2,2,41,2024-01-09,Tuesday,Laborable,Tarde (12-18h),NA,Leve,TRUE
2.024e+147,7,Horta-Guinardó,41,la Vall d'Hebron,Vall d'Hebron,Dimarts,2024,1,Gener,9,13,Matí,NA,NA,1,NA,1,2,2,41,2024-01-09,Tuesday,Laborable,Tarde (12-18h),NA,Leve,TRUE
2.024e+148,5,Sarrià-Sant Gervasi,26,Sant Gervasi - Galvany,General Mitre,Dimarts,2024,1,Gener,9,15,Tarda,NA,NA,1,NA,1,2,2,41,2024-01-09,Tuesday,Laborable,Tarde (12-18h),NA,Leve,TRUE
2.024e+149,1,Ciutat Vella,1,el Raval,Rambla,Dimarts,2024,1,Gener,9,17,Tarda,NA,NA,1,NA,1,4,2,41,2024-01-09,Tuesday,Laborable,Tarde (12-18h),NA,Leve,TRUE
2.024e+150,8,Nou Barris,50,les Roquetes,Simancas,Dimarts,2024,1,Gener,9,17,Tarda,NA,NA,NA,NA,NA,4,2,41,2024-01-09,Tuesday,Laborable,Tarde (12-18h),NA,Leve,NA
2.024e+151,2,Eixample,9,la Nova Esquerra de l'Eixample,Comte d'Urgell,Dimarts,2024,1,Gener,9,18,Tarda,NA,NA,1,NA,1,2,2,41,2024-01-09,Tuesday,Laborable,Noche (18-24h),NA,Leve,TRUE
2.024e+152,4,Les Corts,20,la Maternitat i Sant Ramon,Pau Gargallo,Dimarts,2024,1,Gener,9,13,Matí,NA,NA,1,NA,1,2,2,41,2024-01-09,Tuesday,Laborable,Tarde (12-18h),NA,Leve,TRUE
2.024e+153,5,Sarrià-Sant Gervasi,26,Sant Gervasi - Galvany,Copèrnic,Dimarts,2024,1,Gener,9,9,Matí,NA,NA,1,NA,1,1,2,41,2024-01-09,Tuesday,Laborable,Manana (06-12h),NA,Leve,TRUE
2.024e+154,2,Eixample,6,la Sagrada Família,Còrsega,Dimarts,2024,1,Gener,9,20,Tarda,NA,NA,1,1,2,2,2,41,2024-01-09,Tuesday,Laborable,Noche (18-24h),2,Grave,TRUE
2.024e+155,1,Ciutat Vella,2,el Barri Gòtic,Laietana,Dimarts,2024,1,Gener,9,13,Matí,NA,NA,1,NA,1,2,2,41,2024-01-09,Tuesday,Laborable,Tarde (12-18h),NA,Leve,TRUE
2.024e+156,2,Eixample,10,Sant Antoni,Sepúlveda,Dimecres,2024,1,Gener,10,9,Matí,NA,NA,1,NA,1,2,2,41,2024-01-10,Wednesday,Laborable,Manana (06-12h),NA,Leve,TRUE
2.024e+157,5,Sarrià-Sant Gervasi,25,Sant Gervasi - la Bonanova,Tibidabo,Dimecres,2024,1,Gener,10,8,Matí,NA,NA,1,NA,1,1,2,41,2024-01-10,Wednesday,Laborable,Manana (06-12h),NA,Leve,TRUE
2.024e+158,2,Eixample,6,la Sagrada Família,Cartagena,Dimecres,2024,1,Gener,10,11,Matí,NA,NA,1,NA,1,2,2,41,2024-01-10,Wednesday,Laborable,Manana (06-12h),NA,Leve,TRUE
2.024e+159,10,Sant Martí,68,el Poblenou,Bac de Roda,Dimecres,2024,1,Gener,10,13,Matí,NA,NA,1,NA,1,2,2,41,2024-01-10,Wednesday,Laborable,Tarde (12-18h),NA,Leve,TRUE
2.024e+160,3,Sants-Montjuïc,18,Sants,Tenor Masini,Dimecres,2024,1,Gener,10,14,Tarda,NA,NA,1,NA,1,2,2,41,2024-01-10,Wednesday,Laborable,Tarde (12-18h),NA,Leve,TRUE
2.024e+161,2,Eixample,5,el Fort Pienc,Sant Joan,Dimecres,2024,1,Gener,10,15,Tarda,NA,NA,1,NA,1,2,2,41,2024-01-10,Wednesday,Laborable,Tarde (12-18h),NA,Leve,TRUE
2.024e+162,2,Eixample,8,l'Antiga Esquerra de l'Eixample,Francesc Macià,Dimecres,2024,1,Gener,10,13,Matí,NA,NA,1,NA,1,1,2,41,2024-01-10,Wednesday,Laborable,Tarde (12-18h),NA,Leve,TRUE
2.024e+163,3,Sants-Montjuïc,18,Sants,Tarragona,Dimecres,2024,1,Gener,10,16,Tarda,NA,NA,1,NA,1,2,2,41,2024-01-10,Wednesday,Laborable,Tarde (12-18h),NA,Leve,TRUE
2.024e+164,7,Horta-Guinardó,35,el Guinardó,Maragall,Dimecres,2024,1,Gener,10,15,Tarda,NA,NA,1,NA,1,2,2,41,2024-01-10,Wednesday,Laborable,Tarde (12-18h),NA,Leve,TRUE
2.024e+165,3,Sants-Montjuïc,12,la Marina del Prat Vermell,Litoral (Besòs),Dimecres,2024,1,Gener,10,17,Tarda,NA,NA,2,NA,2,4,2,41,2024-01-10,Wednesday,Laborable,Tarde (12-18h),NA,Leve,TRUE
2.024e+166,2,Eixample,6,la Sagrada Família,Padilla,Dimecres,2024,1,Gener,10,17,Tarda,NA,NA,1,NA,1,2,2,41,2024-01-10,Wednesday,Laborable,Tarde (12-18h),NA,Leve,TRUE
2.024e+167,10,Sant Martí,64,el Camp de l'Arpa del Clot,València,Dimecres,2024,1,Gener,10,18,Tarda,NA,NA,1,NA,1,2,2,41,2024-01-10,Wednesday,Laborable,Noche (18-24h),NA,Leve,TRUE
2.024e+168,2,Eixample,9,la Nova Esquerra de l'Eixample,Viladomat,Dimecres,2024,1,Gener,10,20,Tarda,NA,NA,NA,NA,NA,2,2,41,2024-01-10,Wednesday,Laborable,Noche (18-24h),NA,Leve,NA
2.024e+169,5,Sarrià-Sant Gervasi,27,el Putxet i el Farró,República Argentina,Dimecres,2024,1,Gener,10,19,Tarda,NA,NA,1,NA,1,1,2,41,2024-01-10,Wednesday,Laborable,Noche (18-24h),NA,Leve,TRUE
2.024e+170,8,Nou Barris,45,Porta,Valldaura,Dimecres,2024,1,Gener,10,18,Tarda,NA,NA,1,NA,1,2,2,41,2024-01-10,Wednesday,Laborable,Noche (18-24h),NA,Leve,TRUE
2.024e+171,4,Les Corts,20,la Maternitat i Sant Ramon,Diagonal,Dimecres,2024,1,Gener,10,19,Tarda,NA,NA,1,NA,1,3,2,41,2024-01-10,Wednesday,Laborable,Noche (18-24h),NA,Leve,TRUE
2.024e+172,10,Sant Martí,67,la Vila Olímpica del Poblenou,Marina,Dimecres,2024,1,Gener,10,17,Tarda,NA,NA,1,NA,1,2,2,41,2024-01-10,Wednesday,Laborable,Tarde (12-18h),NA,Leve,TRUE
2.024e+173,5,Sarrià-Sant Gervasi,26,Sant Gervasi - Galvany,Balmes,Dimecres,2024,1,Gener,10,18,Tarda,NA,NA,1,NA,1,2,2,41,2024-01-10,Wednesday,Laborable,Noche (18-24h),NA,Leve,TRUE
2.024e+174,5,Sarrià-Sant Gervasi,27,el Putxet i el Farró,República Argentina,Dimecres,2024,1,Gener,10,20,Tarda,NA,NA,1,NA,1,2,2,41,2024-01-10,Wednesday,Laborable,Noche (18-24h),NA,Leve,TRUE
2.024e+175,10,Sant Martí,69,Diagonal Mar i el Front Marítim del Poblenou,Litoral (Besòs),Dimecres,2024,1,Gener,10,19,Tarda,NA,NA,2,NA,2,3,2,41,2024-01-10,Wednesday,Laborable,Noche (18-24h),NA,Leve,TRUE
2.024e+176,2,Eixample,8,l'Antiga Esquerra de l'Eixample,Diagonal,Dimecres,2024,1,Gener,10,21,Tarda,NA,NA,1,NA,1,3,2,41,2024-01-10,Wednesday,Laborable,Noche (18-24h),NA,Leve,TRUE
2.024e+177,9,Sant Andreu,60,Sant Andreu,Palomar,Dimecres,2024,1,Gener,10,22,Nit,NA,NA,2,NA,2,2,2,41,2024-01-10,Wednesday,Laborable,Noche (18-24h),NA,Leve,TRUE
2.024e+178,7,Horta-Guinardó,40,Montbau,Harmonia,Dijous,2024,1,Gener,11,0,Nit,NA,NA,NA,NA,NA,1,2,41,2024-01-11,Thursday,Laborable,Madrugada (00-06h),NA,Leve,NA
2.024e+179,5,Sarrià-Sant Gervasi,27,el Putxet i el Farró,Riera de Cassoles,Dijous,2024,1,Gener,11,7,Matí,NA,NA,1,NA,1,2,2,41,2024-01-11,Thursday,Laborable,Manana (06-12h),NA,Leve,TRUE
2.024e+180,2,Eixample,8,l'Antiga Esquerra de l'Eixample,Casanova,Dissabte,2024,1,Gener,6,21,Tarda,NA,NA,NA,NA,NA,2,2,41,2024-01-06,Saturday,Fin de semana,Noche (18-24h),NA,Leve,NA
2.024e+181,8,Nou Barris,50,les Roquetes,B-20 (Llobregat),Dijous,2024,1,Gener,11,9,Matí,NA,NA,1,NA,1,2,2,41,2024-01-11,Thursday,Laborable,Manana (06-12h),NA,Leve,TRUE
2.024e+182,5,Sarrià-Sant Gervasi,25,Sant Gervasi - la Bonanova,Balmes,Dijous,2024,1,Gener,11,10,Matí,Creuar per fora pas de vianants,NA,2,NA,2,1,2,41,2024-01-11,Thursday,Laborable,Manana (06-12h),NA,Leve,TRUE
2.024e+183,9,Sant Andreu,60,Sant Andreu,Santa Coloma,Dijous,2024,1,Gener,11,12,Matí,NA,1,NA,1,2,2,2,41,2024-01-11,Thursday,Laborable,Tarde (12-18h),NA,Mortal,TRUE
2.024e+184,5,Sarrià-Sant Gervasi,23,Sarrià,Vergós,Dijous,2024,1,Gener,11,11,Matí,Altres,NA,1,NA,1,1,2,41,2024-01-11,Thursday,Laborable,Manana (06-12h),NA,Leve,TRUE
2.024e+185,4,Les Corts,19,les Corts,Mig (Ascendent),Dijous,2024,1,Gener,11,13,Matí,NA,NA,1,NA,1,2,2,41,2024-01-11,Thursday,Laborable,Tarde (12-18h),NA,Leve,TRUE
2.024e+186,7,Horta-Guinardó,39,Sant Genís dels Agudells,Natzaret,Dijous,2024,1,Gener,11,13,Matí,NA,NA,1,NA,1,1,2,41,2024-01-11,Thursday,Laborable,Tarde (12-18h),NA,Leve,TRUE
2.024e+187,8,Nou Barris,49,Canyelles,Guineueta Vella,Dijous,2024,1,Gener,11,5,Nit,NA,NA,1,NA,1,1,2,41,2024-01-11,Thursday,Laborable,Madrugada (00-06h),NA,Leve,TRUE
2.024e+188,3,Sants-Montjuïc,17,Sants - Badal,Bacardí,Dijous,2024,1,Gener,11,16,Tarda,NA,NA,1,NA,1,1,2,41,2024-01-11,Thursday,Laborable,Tarde (12-18h),NA,Leve,TRUE
2.024e+189,1,Ciutat Vella,3,la Barceloneta,Ramon Trias Fargas,Dijous,2024,1,Gener,11,15,Tarda,NA,NA,1,NA,1,2,2,41,2024-01-11,Thursday,Laborable,Tarde (12-18h),NA,Leve,TRUE
2.024e+190,6,Gràcia,31,la Vila de Gràcia,Diagonal,Dijous,2024,1,Gener,11,16,Tarda,NA,NA,1,NA,1,2,2,41,2024-01-11,Thursday,Laborable,Tarde (12-18h),NA,Leve,TRUE
2.024e+191,2,Eixample,8,l'Antiga Esquerra de l'Eixample,Diagonal,Dijous,2024,1,Gener,11,14,Tarda,NA,NA,2,NA,2,3,2,41,2024-01-11,Thursday,Laborable,Tarde (12-18h),NA,Leve,TRUE
2.024e+192,5,Sarrià-Sant Gervasi,25,Sant Gervasi - la Bonanova,Calvó,Dijous,2024,1,Gener,11,16,Tarda,NA,NA,1,NA,1,2,2,41,2024-01-11,Thursday,Laborable,Tarde (12-18h),NA,Leve,TRUE
2.024e+193,8,Nou Barris,45,Porta,Rio de Janeiro,Dijous,2024,1,Gener,11,16,Tarda,Altres,NA,1,NA,1,1,2,41,2024-01-11,Thursday,Laborable,Tarde (12-18h),NA,Leve,TRUE
2.024e+194,4,Les Corts,20,la Maternitat i Sant Ramon,Mig (Descendent),Dijous,2024,1,Gener,11,18,Tarda,NA,NA,2,NA,2,2,2,41,2024-01-11,Thursday,Laborable,Noche (18-24h),NA,Leve,TRUE
2.024e+195,5,Sarrià-Sant Gervasi,25,Sant Gervasi - la Bonanova,B-20 (Llobregat),Dijous,2024,1,Gener,11,21,Tarda,NA,NA,1,NA,1,3,2,41,2024-01-11,Thursday,Laborable,Noche (18-24h),NA,Leve,TRUE
2.024e+196,10,Sant Martí,71,Provençals del Poblenou,Corts Catalanes,Dijous,2024,1,Gener,11,21,Tarda,NA,NA,2,NA,2,2,2,41,2024-01-11,Thursday,Laborable,Noche (18-24h),NA,Leve,TRUE
2.024e+197,7,Horta-Guinardó,35,el Guinardó,Guinardó,Dijous,2024,1,Gener,11,18,Tarda,NA,NA,2,NA,2,2,2,41,2024-01-11,Thursday,Laborable,Noche (18-24h),NA,Leve,TRUE
2.024e+198,6,Gràcia,31,la Vila de Gràcia,Gran de Gràcia,Divendres,2024,1,Gener,12,3,Nit,NA,NA,2,NA,2,2,2,41,2024-01-12,Friday,Laborable,Madrugada (00-06h),NA,Leve,TRUE
2.024e+199,2,Eixample,6,la Sagrada Família,Lepant,Divendres,2024,1,Gener,12,5,Nit,NA,NA,1,NA,1,2,2,41,2024-01-12,Friday,Laborable,Madrugada (00-06h),NA,Leve,TRUE
2.024e+200,4,Les Corts,21,Pedralbes,Diagonal,Divendres,2024,1,Gener,12,10,Matí,NA,NA,1,NA,1,1,2,41,2024-01-12,Friday,Laborable,Manana (06-12h),NA,Leve,TRUE
2.024e+201,2,Eixample,5,el Fort Pienc,Diputació,Divendres,2024,1,Gener,12,11,Matí,NA,NA,1,NA,1,1,2,41,2024-01-12,Friday,Laborable,Manana (06-12h),NA,Leve,TRUE
2.024e+202,10,Sant Martí,67,la Vila Olímpica del Poblenou,Ramon Turró,Divendres,2024,1,Gener,12,9,Matí,NA,NA,1,NA,1,2,2,41,2024-01-12,Friday,Laborable,Manana (06-12h),NA,Leve,TRUE
2.024e+203,7,Horta-Guinardó,35,el Guinardó,Guinardó,Divendres,2024,1,Gener,12,12,Matí,Desobeir el senyal del semàfor,NA,1,NA,1,1,2,41,2024-01-12,Friday,Laborable,Tarde (12-18h),NA,Leve,TRUE
2.024e+204,3,Sants-Montjuïc,16,la Bordeta,Badal,Divendres,2024,1,Gener,12,13,Matí,NA,NA,1,NA,1,2,2,41,2024-01-12,Friday,Laborable,Tarde (12-18h),NA,Leve,TRUE
2.024e+205,10,Sant Martí,67,la Vila Olímpica del Poblenou,Litoral,Divendres,2024,1,Gener,12,14,Tarda,NA,NA,1,NA,1,2,2,41,2024-01-12,Friday,Laborable,Tarde (12-18h),NA,Leve,TRUE
2.024e+206,4,Les Corts,19,les Corts,Diagonal,Divendres,2024,1,Gener,12,13,Matí,NA,NA,1,NA,1,2,2,41,2024-01-12,Friday,Laborable,Tarde (12-18h),NA,Leve,TRUE
2.024e+207,4,Les Corts,21,Pedralbes,Diagonal,Divendres,2024,1,Gener,12,15,Tarda,NA,NA,1,NA,1,2,2,41,2024-01-12,Friday,Laborable,Tarde (12-18h),NA,Leve,TRUE
2.024e+208,9,Sant Andreu,63,Navas,Maragall,Dilluns,2024,1,Gener,15,15,Tarda,NA,NA,2,NA,2,2,2,41,2024-01-15,Monday,Laborable,Tarde (12-18h),NA,Leve,TRUE
2.024e+209,2,Eixample,8,l'Antiga Esquerra de l'Eixample,València,Divendres,2024,1,Gener,12,18,Tarda,NA,NA,2,NA,2,2,2,41,2024-01-12,Friday,Laborable,Noche (18-24h),NA,Leve,TRUE
2.024e+210,5,Sarrià-Sant Gervasi,25,Sant Gervasi - la Bonanova,Sant Gervasi,Divendres,2024,1,Gener,12,17,Tarda,Desobeir el senyal del semàfor,NA,2,NA,2,1,2,41,2024-01-12,Friday,Laborable,Tarde (12-18h),NA,Leve,TRUE
2.024e+211,2,Eixample,7,la Dreta de l'Eixample,Sant Pere,Divendres,2024,1,Gener,12,12,Matí,Transitar a peu per la calçada,NA,1,NA,1,1,2,41,2024-01-12,Friday,Laborable,Tarde (12-18h),NA,Leve,TRUE
2.024e+212,6,Gràcia,31,la Vila de Gràcia,Gran de Gràcia,Divendres,2024,1,Gener,12,19,Tarda,NA,NA,2,NA,2,3,2,41,2024-01-12,Friday,Laborable,Noche (18-24h),NA,Leve,TRUE
2.024e+213,9,Sant Andreu,60,Sant Andreu,Meridiana,Divendres,2024,1,Gener,12,16,Tarda,NA,NA,1,NA,1,1,2,41,2024-01-12,Friday,Laborable,Tarde (12-18h),NA,Leve,TRUE
2.024e+214,9,Sant Andreu,61,la Sagrera,Concepción Arenal,Divendres,2024,1,Gener,12,17,Tarda,NA,NA,1,NA,1,2,2,41,2024-01-12,Friday,Laborable,Tarde (12-18h),NA,Leve,TRUE
2.024e+215,10,Sant Martí,68,el Poblenou,B-10 (Besòs),Divendres,2024,1,Gener,12,23,Nit,NA,NA,1,NA,1,2,2,41,2024-01-12,Friday,Laborable,Noche (18-24h),NA,Leve,TRUE
2.024e+216,2,Eixample,5,el Fort Pienc,Casp,Divendres,2024,1,Gener,12,21,Tarda,NA,NA,2,NA,2,2,2,41,2024-01-12,Friday,Laborable,Noche (18-24h),NA,Leve,TRUE
2.024e+217,4,Les Corts,19,les Corts,Sarrià,Dissabte,2024,1,Gener,13,2,Nit,NA,NA,4,NA,4,2,2,41,2024-01-13,Saturday,Fin de semana,Madrugada (00-06h),NA,Leve,TRUE
2.024e+218,6,Gràcia,30,la Salut,Dalt,Dissabte,2024,1,Gener,13,3,Nit,NA,NA,1,NA,1,1,2,41,2024-01-13,Saturday,Fin de semana,Madrugada (00-06h),NA,Leve,TRUE
2.024e+219,1,Ciutat Vella,2,el Barri Gòtic,Ferran,Dissabte,2024,1,Gener,13,5,Nit,NA,NA,NA,NA,NA,6,2,41,2024-01-13,Saturday,Fin de semana,Madrugada (00-06h),NA,Leve,NA
2.024e+220,8,Nou Barris,52,la Prosperitat,Dalt (Llobregat),Dissabte,2024,1,Gener,13,7,Matí,NA,NA,NA,NA,NA,1,2,41,2024-01-13,Saturday,Fin de semana,Manana (06-12h),NA,Leve,NA
2.024e+221,2,Eixample,9,la Nova Esquerra de l'Eixample,Entença,Dissabte,2024,1,Gener,13,4,Nit,NA,NA,1,NA,1,4,2,41,2024-01-13,Saturday,Fin de semana,Madrugada (00-06h),NA,Leve,TRUE
2.024e+222,7,Horta-Guinardó,38,la Teixonera,Jordà,Dissabte,2024,1,Gener,13,11,Matí,NA,NA,1,NA,1,2,2,41,2024-01-13,Saturday,Fin de semana,Manana (06-12h),NA,Leve,TRUE
2.024e+223,9,Sant Andreu,60,Sant Andreu,Virgili,Dissabte,2024,1,Gener,13,11,Matí,NA,NA,1,NA,1,2,2,41,2024-01-13,Saturday,Fin de semana,Manana (06-12h),NA,Leve,TRUE
2.024e+224,5,Sarrià-Sant Gervasi,25,Sant Gervasi - la Bonanova,B-20 (Besòs),Dissabte,2024,1,Gener,13,13,Matí,NA,NA,2,NA,2,3,2,41,2024-01-13,Saturday,Fin de semana,Tarde (12-18h),NA,Leve,TRUE
2.024e+225,9,Sant Andreu,63,Navas,Meridiana,Dissabte,2024,1,Gener,13,14,Tarda,NA,NA,1,NA,1,2,2,41,2024-01-13,Saturday,Fin de semana,Tarde (12-18h),NA,Leve,TRUE
2.024e+226,3,Sants-Montjuïc,12,la Marina del Prat Vermell,Número 4 Zona Franca,Dissabte,2024,1,Gener,13,13,Matí,NA,NA,1,NA,1,1,2,41,2024-01-13,Saturday,Fin de semana,Tarde (12-18h),NA,Leve,TRUE
2.024e+227,5,Sarrià-Sant Gervasi,26,Sant Gervasi - Galvany,Balmes,Divendres,2024,1,Gener,12,12,Matí,Creuar per fora pas de vianants,NA,2,NA,2,1,2,41,2024-01-12,Friday,Laborable,Tarde (12-18h),NA,Leve,TRUE
2.024e+228,10,Sant Martí,65,el Clot,Guipúscoa,Dissabte,2024,1,Gener,13,16,Tarda,NA,NA,1,NA,1,2,2,41,2024-01-13,Saturday,Fin de semana,Tarde (12-18h),NA,Leve,TRUE
2.024e+229,6,Gràcia,28,Vallcarca i els Penitents,Anna Piferrer,Dissabte,2024,1,Gener,13,10,Matí,NA,NA,1,NA,1,1,2,41,2024-01-13,Saturday,Fin de semana,Manana (06-12h),NA,Leve,TRUE
2.024e+230,7,Horta-Guinardó,38,la Teixonera,Vall d'Hebron,Dissabte,2024,1,Gener,13,17,Tarda,NA,NA,2,NA,2,2,2,41,2024-01-13,Saturday,Fin de semana,Tarde (12-18h),NA,Leve,TRUE
2.024e+231,9,Sant Andreu,59,el Bon Pastor,Potosí,Dissabte,2024,1,Gener,13,16,Tarda,NA,NA,1,NA,1,2,2,41,2024-01-13,Saturday,Fin de semana,Tarde (12-18h),NA,Leve,TRUE
2.024e+232,2,Eixample,6,la Sagrada Família,Mallorca,Dissabte,2024,1,Gener,13,14,Tarda,NA,NA,1,NA,1,2,2,41,2024-01-13,Saturday,Fin de semana,Tarde (12-18h),NA,Leve,TRUE
2.024e+233,5,Sarrià-Sant Gervasi,25,Sant Gervasi - la Bonanova,B-20 (Besòs),Dissabte,2024,1,Gener,13,15,Tarda,NA,NA,2,NA,2,2,2,41,2024-01-13,Saturday,Fin de semana,Tarde (12-18h),NA,Leve,TRUE
2.024e+234,9,Sant Andreu,59,el Bon Pastor,Litoral (Besòs),Dissabte,2024,1,Gener,13,21,Tarda,NA,NA,4,NA,4,2,2,41,2024-01-13,Saturday,Fin de semana,Noche (18-24h),NA,Leve,TRUE
2.024e+235,2,Eixample,7,la Dreta de l'Eixample,Sant Joan,Dissabte,2024,1,Gener,13,18,Tarda,NA,NA,3,NA,3,2,2,41,2024-01-13,Saturday,Fin de semana,Noche (18-24h),NA,Leve,TRUE
2.024e+236,2,Eixample,8,l'Antiga Esquerra de l'Eixample,Aragó,Diumenge,2024,1,Gener,14,1,Nit,NA,NA,2,NA,2,2,2,41,2024-01-14,Sunday,Fin de semana,Madrugada (00-06h),NA,Leve,TRUE
2.024e+237,2,Eixample,6,la Sagrada Família,Sant Antoni Maria Claret,Divendres,2024,1,Gener,12,19,Tarda,NA,NA,1,NA,1,2,2,41,2024-01-12,Friday,Laborable,Noche (18-24h),NA,Leve,TRUE
2.024e+238,3,Sants-Montjuïc,11,el Poble Sec,Paral·lel,Dissabte,2024,1,Gener,13,22,Nit,Desobeir el senyal del semàfor,NA,1,NA,1,1,2,41,2024-01-13,Saturday,Fin de semana,Noche (18-24h),NA,Leve,TRUE
2.024e+239,9,Sant Andreu,63,Navas,Felip II,Diumenge,2024,1,Gener,14,11,Matí,NA,NA,1,NA,1,2,2,41,2024-01-14,Sunday,Fin de semana,Manana (06-12h),NA,Leve,TRUE
2.024e+240,2,Eixample,8,l'Antiga Esquerra de l'Eixample,Muntaner,Diumenge,2024,1,Gener,14,15,Tarda,NA,NA,1,NA,1,2,2,41,2024-01-14,Sunday,Fin de semana,Tarde (12-18h),NA,Leve,TRUE
2.024e+241,9,Sant Andreu,60,Sant Andreu,Torras i Bages,Diumenge,2024,1,Gener,14,16,Tarda,NA,NA,1,NA,1,1,2,41,2024-01-14,Sunday,Fin de semana,Tarde (12-18h),NA,Leve,TRUE
2.024e+242,9,Sant Andreu,60,Sant Andreu,Virgili,Diumenge,2024,1,Gener,14,15,Tarda,Altres,NA,1,NA,1,1,2,41,2024-01-14,Sunday,Fin de semana,Tarde (12-18h),NA,Leve,TRUE
2.024e+243,3,Sants-Montjuïc,11,el Poble Sec,Litoral (Llobregat),Diumenge,2024,1,Gener,14,17,Tarda,NA,NA,1,NA,1,3,2,41,2024-01-14,Sunday,Fin de semana,Tarde (12-18h),NA,Leve,TRUE
2.024e+244,6,Gràcia,32,el Camp d'en Grassot i Gràcia Nova,Còrsega,Diumenge,2024,1,Gener,14,19,Tarda,NA,NA,2,NA,2,2,2,41,2024-01-14,Sunday,Fin de semana,Noche (18-24h),NA,Leve,TRUE
2.024e+245,3,Sants-Montjuïc,17,Sants - Badal,Blanca,Diumenge,2024,1,Gener,14,22,Nit,NA,NA,1,NA,1,2,2,41,2024-01-14,Sunday,Fin de semana,Noche (18-24h),NA,Leve,TRUE
2.024e+246,4,Les Corts,19,les Corts,Reina Maria Cristina,Dilluns,2024,1,Gener,15,6,Matí,NA,NA,1,NA,1,2,2,41,2024-01-15,Monday,Laborable,Manana (06-12h),NA,Leve,TRUE
2.024e+247,8,Nou Barris,53,la Trinitat Nova,Dalt (Besòs),Dilluns,2024,1,Gener,15,8,Matí,NA,NA,NA,1,1,2,2,41,2024-01-15,Monday,Laborable,Manana (06-12h),NA,Grave,TRUE
2.024e+248,8,Nou Barris,52,la Prosperitat,Dalt (Llobregat),Dilluns,2024,1,Gener,15,7,Matí,NA,NA,1,NA,1,2,2,41,2024-01-15,Monday,Laborable,Manana (06-12h),NA,Leve,TRUE
2.024e+249,8,Nou Barris,48,la Guineueta,Major de Nou Barris,Dissabte,2024,1,Gener,13,18,Tarda,NA,NA,1,NA,1,1,2,41,2024-01-13,Saturday,Fin de semana,Noche (18-24h),NA,Leve,TRUE
2.024e+250,4,Les Corts,19,les Corts,Diagonal,Dilluns,2024,1,Gener,15,10,Matí,NA,NA,1,NA,1,2,2,41,2024-01-15,Monday,Laborable,Manana (06-12h),NA,Leve,TRUE
2.024e+251,3,Sants-Montjuïc,14,la Font de la Guatlla,Corts Catalanes,Dilluns,2024,1,Gener,15,12,Matí,NA,NA,NA,1,1,2,2,41,2024-01-15,Monday,Laborable,Tarde (12-18h),NA,Grave,TRUE
2.024e+252,5,Sarrià-Sant Gervasi,23,Sarrià,Dalt (Besòs),Dilluns,2024,1,Gener,15,12,Matí,NA,NA,1,NA,1,4,2,41,2024-01-15,Monday,Laborable,Tarde (12-18h),NA,Leve,TRUE
2.024e+253,6,Gràcia,30,la Salut,Dalt,Dilluns,2024,1,Gener,15,12,Matí,NA,NA,4,NA,4,4,2,41,2024-01-15,Monday,Laborable,Tarde (12-18h),NA,Leve,TRUE
2.024e+254,2,Eixample,7,la Dreta de l'Eixample,Corts Catalanes,Dilluns,2024,1,Gener,15,12,Matí,NA,NA,2,NA,2,2,2,41,2024-01-15,Monday,Laborable,Tarde (12-18h),NA,Leve,TRUE
2.024e+255,10,Sant Martí,64,el Camp de l'Arpa del Clot,Indústria,Dilluns,2024,1,Gener,15,13,Matí,NA,NA,1,NA,1,1,2,41,2024-01-15,Monday,Laborable,Tarde (12-18h),NA,Leve,TRUE
2.024e+256,7,Horta-Guinardó,43,Horta,Maragall,Dilluns,2024,1,Gener,15,13,Matí,NA,NA,1,NA,1,2,2,41,2024-01-15,Monday,Laborable,Tarde (12-18h),NA,Leve,TRUE
2.024e+257,4,Les Corts,19,les Corts,Sarrià,Dilluns,2024,1,Gener,15,13,Matí,NA,NA,1,NA,1,2,2,41,2024-01-15,Monday,Laborable,Tarde (12-18h),NA,Leve,TRUE
2.024e+258,2,Eixample,7,la Dreta de l'Eixample,Universitat,Dilluns,2024,1,Gener,15,15,Tarda,NA,NA,1,NA,1,2,2,41,2024-01-15,Monday,Laborable,Tarde (12-18h),NA,Leve,TRUE
2.024e+259,5,Sarrià-Sant Gervasi,25,Sant Gervasi - la Bonanova,Sant Gervasi,Dilluns,2024,1,Gener,15,15,Tarda,NA,NA,1,NA,1,2,2,41,2024-01-15,Monday,Laborable,Tarde (12-18h),NA,Leve,TRUE
2.024e+260,3,Sants-Montjuïc,17,Sants - Badal,Madrid,Dilluns,2024,1,Gener,15,17,Tarda,NA,NA,1,NA,1,2,2,41,2024-01-15,Monday,Laborable,Tarde (12-18h),NA,Leve,TRUE
2.024e+261,6,Gràcia,31,la Vila de Gràcia,Gran de Gràcia,Dilluns,2024,1,Gener,15,20,Tarda,NA,NA,1,NA,1,1,2,41,2024-01-15,Monday,Laborable,Noche (18-24h),NA,Leve,TRUE
2.024e+262,8,Nou Barris,45,Porta,Rio de Janeiro,Dilluns,2024,1,Gener,15,18,Tarda,NA,NA,1,NA,1,1,2,41,2024-01-15,Monday,Laborable,Noche (18-24h),NA,Leve,TRUE
2.024e+263,2,Eixample,7,la Dreta de l'Eixample,Tetuan,Dilluns,2024,1,Gener,15,22,Nit,NA,NA,1,NA,1,1,2,41,2024-01-15,Monday,Laborable,Noche (18-24h),NA,Leve,TRUE
2.024e+264,1,Ciutat Vella,3,la Barceloneta,Atlàntida,Dilluns,2024,1,Gener,15,22,Nit,NA,NA,2,NA,2,2,2,41,2024-01-15,Monday,Laborable,Noche (18-24h),NA,Leve,TRUE
2.024e+265,3,Sants-Montjuïc,15,Hostafrancs,Leiva,Dilluns,2024,1,Gener,15,23,Nit,NA,NA,1,NA,1,2,2,41,2024-01-15,Monday,Laborable,Noche (18-24h),NA,Leve,TRUE
2.024e+266,4,Les Corts,19,les Corts,Diagonal,Dimarts,2024,1,Gener,16,0,Nit,NA,NA,1,NA,1,2,2,41,2024-01-16,Tuesday,Laborable,Madrugada (00-06h),NA,Leve,TRUE
2.024e+267,2,Eixample,5,el Fort Pienc,Corts Catalanes,Dimarts,2024,1,Gener,16,8,Matí,NA,NA,1,NA,1,2,2,41,2024-01-16,Tuesday,Laborable,Manana (06-12h),NA,Leve,TRUE
2.024e+268,3,Sants-Montjuïc,11,el Poble Sec,B-10 (Llobregat),Dimarts,2024,1,Gener,16,9,Matí,NA,NA,1,NA,1,2,2,41,2024-01-16,Tuesday,Laborable,Manana (06-12h),NA,Leve,TRUE
2.024e+269,2,Eixample,7,la Dreta de l'Eixample,Mallorca,Dimarts,2024,1,Gener,16,8,Matí,NA,NA,1,NA,1,2,2,41,2024-01-16,Tuesday,Laborable,Manana (06-12h),NA,Leve,TRUE
2.024e+270,2,Eixample,8,l'Antiga Esquerra de l'Eixample,Aragó,Dimarts,2024,1,Gener,16,12,Matí,NA,NA,1,NA,1,2,2,41,2024-01-16,Tuesday,Laborable,Tarde (12-18h),NA,Leve,TRUE
2.024e+271,9,Sant Andreu,57,la Trinitat Vella,Dalt (Llobregat),Dimarts,2024,1,Gener,16,12,Matí,NA,NA,2,NA,2,1,2,41,2024-01-16,Tuesday,Laborable,Tarde (12-18h),NA,Leve,TRUE
2.024e+272,10,Sant Martí,67,la Vila Olímpica del Poblenou,Litoral,Dimarts,2024,1,Gener,16,15,Tarda,NA,NA,1,NA,1,2,2,41,2024-01-16,Tuesday,Laborable,Tarde (12-18h),NA,Leve,TRUE
2.024e+273,5,Sarrià-Sant Gervasi,25,Sant Gervasi - la Bonanova,Ganduxer,Dimarts,2024,1,Gener,16,9,Matí,NA,NA,NA,NA,NA,1,2,41,2024-01-16,Tuesday,Laborable,Manana (06-12h),NA,Leve,NA
2.024e+274,5,Sarrià-Sant Gervasi,26,Sant Gervasi - Galvany,Diagonal,Dimarts,2024,1,Gener,16,15,Tarda,NA,NA,1,NA,1,2,2,41,2024-01-16,Tuesday,Laborable,Tarde (12-18h),NA,Leve,TRUE
2.024e+275,2,Eixample,7,la Dreta de l'Eixample,Girona,Dimarts,2024,1,Gener,16,16,Tarda,NA,NA,NA,NA,NA,1,2,41,2024-01-16,Tuesday,Laborable,Tarde (12-18h),NA,Leve,NA
2.024e+276,8,Nou Barris,48,la Guineueta,Valldaura,Dimarts,2024,1,Gener,16,17,Tarda,NA,NA,1,NA,1,1,2,41,2024-01-16,Tuesday,Laborable,Tarde (12-18h),NA,Leve,TRUE
2.024e+277,7,Horta-Guinardó,35,el Guinardó,Guinardó,Dimarts,2024,1,Gener,16,17,Tarda,NA,NA,1,NA,1,2,2,41,2024-01-16,Tuesday,Laborable,Tarde (12-18h),NA,Leve,TRUE
2.024e+278,2,Eixample,10,Sant Antoni,Paral·lel,Dimarts,2024,1,Gener,16,18,Tarda,NA,NA,1,NA,1,2,2,41,2024-01-16,Tuesday,Laborable,Noche (18-24h),NA,Leve,TRUE
2.024e+279,4,Les Corts,21,Pedralbes,Diagonal,Dimarts,2024,1,Gener,16,21,Tarda,NA,NA,NA,NA,NA,2,2,41,2024-01-16,Tuesday,Laborable,Noche (18-24h),NA,Leve,NA
2.024e+280,8,Nou Barris,48,la Guineueta,Valldaura,Dimarts,2024,1,Gener,16,19,Tarda,NA,NA,2,NA,2,2,2,41,2024-01-16,Tuesday,Laborable,Noche (18-24h),NA,Leve,TRUE
2.024e+281,5,Sarrià-Sant Gervasi,26,Sant Gervasi - Galvany,Augusta,Dimarts,2024,1,Gener,16,21,Tarda,NA,NA,1,NA,1,2,2,41,2024-01-16,Tuesday,Laborable,Noche (18-24h),NA,Leve,TRUE
2.024e+282,10,Sant Martí,69,Diagonal Mar i el Front Marítim del Poblenou,Bac de Roda,Dimecres,2024,1,Gener,17,5,Nit,NA,NA,1,NA,1,2,2,41,2024-01-17,Wednesday,Laborable,Madrugada (00-06h),NA,Leve,TRUE
2.024e+283,4,Les Corts,19,les Corts,General Mitre,Dimecres,2024,1,Gener,17,7,Matí,Desobeir el senyal del semàfor,NA,NA,1,1,1,2,41,2024-01-17,Wednesday,Laborable,Manana (06-12h),NA,Grave,TRUE
2.024e+284,8,Nou Barris,45,Porta,República,Dimecres,2024,1,Gener,17,9,Matí,NA,NA,1,NA,1,1,2,41,2024-01-17,Wednesday,Laborable,Manana (06-12h),NA,Leve,TRUE
2.024e+285,2,Eixample,5,el Fort Pienc,Sardenya,Dimecres,2024,1,Gener,17,9,Matí,NA,NA,1,NA,1,3,2,41,2024-01-17,Wednesday,Laborable,Manana (06-12h),NA,Leve,TRUE
2.024e+286,5,Sarrià-Sant Gervasi,26,Sant Gervasi - Galvany,Augusta,Dimecres,2024,1,Gener,17,13,Matí,NA,NA,1,NA,1,1,2,41,2024-01-17,Wednesday,Laborable,Tarde (12-18h),NA,Leve,TRUE
2.024e+287,2,Eixample,8,l'Antiga Esquerra de l'Eixample,Comte d'Urgell,Dimarts,2024,1,Gener,16,21,Tarda,NA,NA,1,NA,1,2,2,41,2024-01-16,Tuesday,Laborable,Noche (18-24h),NA,Leve,TRUE
2.024e+288,7,Horta-Guinardó,43,Horta,Dalt (Besòs),Dimecres,2024,1,Gener,17,13,Matí,NA,NA,1,NA,1,2,2,41,2024-01-17,Wednesday,Laborable,Tarde (12-18h),NA,Leve,TRUE
2.024e+289,8,Nou Barris,50,les Roquetes,B-20 (Llobregat),Dimecres,2024,1,Gener,17,13,Matí,NA,NA,3,NA,3,3,2,41,2024-01-17,Wednesday,Laborable,Tarde (12-18h),NA,Leve,TRUE
2.024e+290,2,Eixample,6,la Sagrada Família,Indústria,Dimecres,2024,1,Gener,17,14,Tarda,Desobeir el senyal del semàfor,NA,1,NA,1,2,2,41,2024-01-17,Wednesday,Laborable,Tarde (12-18h),NA,Leve,TRUE
2.024e+291,2,Eixample,7,la Dreta de l'Eixample,Balmes,Dimecres,2024,1,Gener,17,16,Tarda,NA,NA,1,NA,1,2,2,41,2024-01-17,Wednesday,Laborable,Tarde (12-18h),NA,Leve,TRUE
2.024e+292,10,Sant Martí,71,Provençals del Poblenou,Selva de Mar,Dimecres,2024,1,Gener,17,15,Tarda,NA,NA,1,NA,1,2,2,41,2024-01-17,Wednesday,Laborable,Tarde (12-18h),NA,Leve,TRUE
2.024e+293,7,Horta-Guinardó,41,la Vall d'Hebron,B-20 (Llobregat),Dimecres,2024,1,Gener,17,17,Tarda,NA,NA,2,NA,2,2,2,41,2024-01-17,Wednesday,Laborable,Tarde (12-18h),NA,Leve,TRUE
2.024e+294,1,Ciutat Vella,2,el Barri Gòtic,Colom,Dimecres,2024,1,Gener,17,14,Tarda,NA,NA,1,NA,1,2,2,41,2024-01-17,Wednesday,Laborable,Tarde (12-18h),NA,Leve,TRUE
2.024e+295,3,Sants-Montjuïc,12,la Marina del Prat Vermell,B-10 (Llobregat),Dimecres,2024,1,Gener,17,17,Tarda,NA,NA,1,NA,1,2,2,41,2024-01-17,Wednesday,Laborable,Tarde (12-18h),NA,Leve,TRUE
2.024e+296,10,Sant Martí,70,el Besòs i el Maresme,Cristóbal de Moura,Dimecres,2024,1,Gener,17,19,Tarda,NA,NA,1,NA,1,2,2,41,2024-01-17,Wednesday,Laborable,Noche (18-24h),NA,Leve,TRUE
2.024e+297,5,Sarrià-Sant Gervasi,24,les Tres Torres,General Mitre,Dimecres,2024,1,Gener,17,21,Tarda,NA,NA,1,NA,1,2,2,41,2024-01-17,Wednesday,Laborable,Noche (18-24h),NA,Leve,TRUE
2.024e+298,6,Gràcia,30,la Salut,Dalt,Dimecres,2024,1,Gener,17,16,Tarda,NA,NA,1,NA,1,2,2,41,2024-01-17,Wednesday,Laborable,Tarde (12-18h),NA,Leve,TRUE
2.024e+299,5,Sarrià-Sant Gervasi,26,Sant Gervasi - Galvany,Gràcia,Dimecres,2024,1,Gener,17,18,Tarda,NA,NA,1,NA,1,2,2,41,2024-01-17,Wednesday,Laborable,Noche (18-24h),NA,Leve,TRUE
2.024e+300,10,Sant Martí,65,el Clot,Meridiana,Dimecres,2024,1,Gener,17,19,Tarda,NA,NA,1,NA,1,3,2,41,2024-01-17,Wednesday,Laborable,Noche (18-24h),NA,Leve,TRUE
2.024e+301,2,Eixample,7,la Dreta de l'Eixample,Sant Pere,Dimecres,2024,1,Gener,17,22,Nit,NA,NA,1,NA,1,1,2,41,2024-01-17,Wednesday,Laborable,Noche (18-24h),NA,Leve,TRUE
2.024e+302,1,Ciutat Vella,2,el Barri Gòtic,Rambla,Dimecres,2024,1,Gener,17,23,Nit,Transitar a peu per la calçada,NA,1,NA,1,1,2,41,2024-01-17,Wednesday,Laborable,Noche (18-24h),NA,Leve,TRUE
2.024e+303,2,Eixample,10,Sant Antoni,Universitat,Dijous,2024,1,Gener,18,3,Nit,NA,NA,NA,NA,NA,1,2,41,2024-01-18,Thursday,Laborable,Madrugada (00-06h),NA,Leve,NA
2.024e+304,6,Gràcia,32,el Camp d'en Grassot i Gràcia Nova,Gràcia,Dijous,2024,1,Gener,18,7,Matí,Desobeir el senyal del semàfor,NA,NA,NA,NA,1,2,41,2024-01-18,Thursday,Laborable,Manana (06-12h),NA,Leve,NA
2.024e+305,6,Gràcia,32,el Camp d'en Grassot i Gràcia Nova,Gràcia,Dijous,2024,1,Gener,18,7,Matí,Desobeir el senyal del semàfor,NA,2,NA,2,1,2,41,2024-01-18,Thursday,Laborable,Manana (06-12h),NA,Leve,TRUE
2.024e+306,10,Sant Martí,71,Provençals del Poblenou,C-31,Dijous,2024,1,Gener,18,7,Matí,NA,NA,1,NA,1,1,2,41,2024-01-18,Thursday,Laborable,Manana (06-12h),NA,Leve,TRUE
2.024e+307,10,Sant Martí,69,Diagonal Mar i el Front Marítim del Poblenou,Litoral (Llobregat),Dijous,2024,1,Gener,18,9,Matí,NA,NA,1,NA,1,2,2,41,2024-01-18,Thursday,Laborable,Manana (06-12h),NA,Leve,TRUE
20250,3,Sants-Montjuïc,11,el Poble Sec,Migdia,Dimecres,2025,1,Gener,1,4,Nit,NA,NA,NA,NA,NA,1,2,41,2025-01-01,Wednesday,Laborable,Madrugada (00-06h),NA,Leve,NA
202500,10,Sant Martí,65,el Clot,Aragó,Dimecres,2025,1,Gener,1,11,Matí,NA,NA,1,NA,1,2,2,41,2025-01-01,Wednesday,Laborable,Manana (06-12h),NA,Leve,TRUE
2025000,10,Sant Martí,66,el Parc i la Llacuna del Poblenou,Almogàvers,Dimecres,2025,1,Gener,1,12,Matí,NA,NA,1,NA,1,1,2,41,2025-01-01,Wednesday,Laborable,Tarde (12-18h),NA,Leve,TRUE
20250000,5,Sarrià-Sant Gervasi,26,Sant Gervasi - Galvany,Aribau,Dijous,2025,1,Gener,2,7,Matí,Creuar per fora pas de vianants,NA,2,NA,2,1,2,41,2025-01-02,Thursday,Laborable,Manana (06-12h),NA,Leve,TRUE
202500000,4,Les Corts,19,les Corts,Gerard Piera,Dimecres,2025,1,Gener,1,20,Tarda,NA,NA,NA,NA,NA,1,2,41,2025-01-01,Wednesday,Laborable,Noche (18-24h),NA,Leve,NA
2.025e+09,2,Eixample,6,la Sagrada Família,Lepant,Dimecres,2025,1,Gener,1,21,Tarda,NA,NA,1,NA,1,2,2,41,2025-01-01,Wednesday,Laborable,Noche (18-24h),NA,Leve,TRUE
2.025e+10,3,Sants-Montjuïc,12,la Marina del Prat Vermell,A Zona Franca,Dimecres,2025,1,Gener,1,20,Tarda,NA,NA,1,NA,1,1,2,41,2025-01-01,Wednesday,Laborable,Noche (18-24h),NA,Leve,TRUE
2.025e+11,2,Eixample,7,la Dreta de l'Eixample,Aragó,Dimecres,2025,1,Gener,1,20,Tarda,NA,NA,2,NA,2,2,2,41,2025-01-01,Wednesday,Laborable,Noche (18-24h),NA,Leve,TRUE
2.025e+12,5,Sarrià-Sant Gervasi,25,Sant Gervasi - la Bonanova,Dalt (Besòs),Dijous,2025,1,Gener,2,18,Tarda,Altres,NA,1,NA,1,3,2,41,2025-01-02,Thursday,Laborable,Noche (18-24h),NA,Leve,TRUE
2.025e+13,2,Eixample,7,la Dreta de l'Eixample,Tetuan,Dijous,2025,1,Gener,2,19,Tarda,Altres,NA,1,NA,1,1,2,41,2025-01-02,Thursday,Laborable,Noche (18-24h),NA,Leve,TRUE
2.025e+14,3,Sants-Montjuïc,13,la Marina de Port,Ildefons Cerdà,Dimecres,2025,1,Gener,1,0,Nit,NA,NA,1,NA,1,2,2,41,2025-01-01,Wednesday,Laborable,Madrugada (00-06h),NA,Leve,TRUE
2.025e+15,3,Sants-Montjuïc,12,la Marina del Prat Vermell,A Zona Franca,Dijous,2025,1,Gener,2,14,Tarda,NA,NA,2,NA,2,2,2,41,2025-01-02,Thursday,Laborable,Tarde (12-18h),NA,Leve,TRUE
2.025e+16,8,Nou Barris,44,Vilapicina i la Torre Llobeta,Arnau d'Oms,Dijous,2025,1,Gener,2,15,Tarda,NA,NA,1,NA,1,2,2,41,2025-01-02,Thursday,Laborable,Tarde (12-18h),NA,Leve,TRUE
2.025e+17,2,Eixample,9,la Nova Esquerra de l'Eixample,Aragó,Dijous,2025,1,Gener,2,13,Matí,NA,NA,1,NA,1,2,2,41,2025-01-02,Thursday,Laborable,Tarde (12-18h),NA,Leve,TRUE
2.025e+18,5,Sarrià-Sant Gervasi,26,Sant Gervasi - Galvany,General Mitre,Dijous,2025,1,Gener,2,13,Matí,NA,NA,1,NA,1,2,2,41,2025-01-02,Thursday,Laborable,Tarde (12-18h),NA,Leve,TRUE
2.025e+19,9,Sant Andreu,58,Baró de Viver,Santa Coloma,Divendres,2025,1,Gener,3,6,Matí,NA,NA,1,NA,1,2,2,41,2025-01-03,Friday,Laborable,Manana (06-12h),NA,Leve,TRUE
2.025e+20,3,Sants-Montjuïc,18,Sants,Sant Antoni,Dijous,2025,1,Gener,2,11,Matí,NA,NA,1,NA,1,1,2,41,2025-01-02,Thursday,Laborable,Manana (06-12h),NA,Leve,TRUE
2.025e+21,2,Eixample,5,el Fort Pienc,Corts Catalanes,Divendres,2025,1,Gener,3,7,Matí,NA,NA,2,NA,2,2,2,41,2025-01-03,Friday,Laborable,Manana (06-12h),NA,Leve,TRUE
2.025e+22,4,Les Corts,21,Pedralbes,Espasa,Dimecres,2025,1,Gener,1,12,Matí,NA,NA,1,NA,1,2,2,41,2025-01-01,Wednesday,Laborable,Tarde (12-18h),NA,Leve,TRUE
2.025e+23,5,Sarrià-Sant Gervasi,25,Sant Gervasi - la Bonanova,Dalt (Llobregat),Dijous,2025,1,Gener,2,6,Matí,NA,NA,1,NA,1,2,2,41,2025-01-02,Thursday,Laborable,Manana (06-12h),NA,Leve,TRUE
2.025e+24,9,Sant Andreu,60,Sant Andreu,B-20 (Besòs),Dijous,2025,1,Gener,2,13,Matí,NA,NA,1,NA,1,2,2,41,2025-01-02,Thursday,Laborable,Tarde (12-18h),NA,Leve,TRUE
2.025e+25,5,Sarrià-Sant Gervasi,23,Sarrià,Dalt (Besòs),Dijous,2025,1,Gener,2,12,Matí,NA,NA,1,NA,1,2,2,41,2025-01-02,Thursday,Laborable,Tarde (12-18h),NA,Leve,TRUE
2.025e+26,6,Gràcia,31,la Vila de Gràcia,Torrent de l'Olla,Dijous,2025,1,Gener,2,8,Matí,NA,NA,NA,NA,NA,2,2,41,2025-01-02,Thursday,Laborable,Manana (06-12h),NA,Leve,NA
2.025e+27,2,Eixample,5,el Fort Pienc,Sant Joan,Dijous,2025,1,Gener,2,16,Tarda,NA,NA,1,NA,1,2,2,41,2025-01-02,Thursday,Laborable,Tarde (12-18h),NA,Leve,TRUE
2.025e+28,10,Sant Martí,66,el Parc i la Llacuna del Poblenou,C-31,Dijous,2025,1,Gener,2,16,Tarda,NA,NA,1,NA,1,3,2,41,2025-01-02,Thursday,Laborable,Tarde (12-18h),NA,Leve,TRUE
2.025e+29,4,Les Corts,20,la Maternitat i Sant Ramon,Diagonal,Dijous,2025,1,Gener,2,12,Matí,NA,NA,1,NA,1,2,2,41,2025-01-02,Thursday,Laborable,Tarde (12-18h),NA,Leve,TRUE
2.025e+30,4,Les Corts,21,Pedralbes,Diagonal,Dijous,2025,1,Gener,2,18,Tarda,NA,NA,1,NA,1,2,2,41,2025-01-02,Thursday,Laborable,Noche (18-24h),NA,Leve,TRUE
2.025e+31,7,Horta-Guinardó,35,el Guinardó,Llobet i Vall-llosera,Divendres,2025,1,Gener,3,12,Matí,Altres,NA,1,NA,1,1,2,41,2025-01-03,Friday,Laborable,Tarde (12-18h),NA,Leve,TRUE
2.025e+32,9,Sant Andreu,60,Sant Andreu,Segre,Dijous,2025,1,Gener,2,19,Tarda,NA,NA,1,NA,1,1,2,41,2025-01-02,Thursday,Laborable,Noche (18-24h),NA,Leve,TRUE
2.025e+33,5,Sarrià-Sant Gervasi,26,Sant Gervasi - Galvany,Augusta,Dijous,2025,1,Gener,2,20,Tarda,NA,NA,1,NA,1,2,2,41,2025-01-02,Thursday,Laborable,Noche (18-24h),NA,Leve,TRUE
2.025e+34,8,Nou Barris,52,la Prosperitat,Dalt (Llobregat),Divendres,2025,1,Gener,3,14,Tarda,NA,NA,1,NA,1,2,2,41,2025-01-03,Friday,Laborable,Tarde (12-18h),NA,Leve,TRUE
2.025e+35,10,Sant Martí,71,Provençals del Poblenou,Diagonal,Dijous,2025,1,Gener,2,19,Tarda,NA,NA,1,NA,1,2,2,41,2025-01-02,Thursday,Laborable,Noche (18-24h),NA,Leve,TRUE
2.025e+36,10,Sant Martí,68,el Poblenou,Poblenou,Dijous,2025,1,Gener,2,9,Matí,NA,NA,NA,NA,NA,1,2,41,2025-01-02,Thursday,Laborable,Manana (06-12h),NA,Leve,NA
2.025e+37,3,Sants-Montjuïc,11,el Poble Sec,Blai,Divendres,2025,1,Gener,3,14,Tarda,NA,NA,NA,NA,NA,1,2,41,2025-01-03,Friday,Laborable,Tarde (12-18h),NA,Leve,NA
2.025e+38,2,Eixample,7,la Dreta de l'Eixample,Corts Catalanes,Dimecres,2025,1,Gener,1,8,Matí,NA,NA,1,NA,1,2,2,41,2025-01-01,Wednesday,Laborable,Manana (06-12h),NA,Leve,TRUE
2.025e+39,6,Gràcia,32,el Camp d'en Grassot i Gràcia Nova,Indústria,Divendres,2025,1,Gener,3,16,Tarda,NA,NA,1,NA,1,2,2,41,2025-01-03,Friday,Laborable,Tarde (12-18h),NA,Leve,TRUE
2.025e+40,3,Sants-Montjuïc,12,la Marina del Prat Vermell,Zona Franca,Divendres,2025,1,Gener,3,22,Nit,NA,NA,2,NA,2,2,2,41,2025-01-03,Friday,Laborable,Noche (18-24h),NA,Leve,TRUE
2.025e+41,10,Sant Martí,68,el Poblenou,Pere IV,Divendres,2025,1,Gener,3,12,Matí,NA,NA,1,NA,1,2,2,41,2025-01-03,Friday,Laborable,Tarde (12-18h),NA,Leve,TRUE
2.025e+42,1,Ciutat Vella,4,"Sant Pere, Santa Caterina i la Ribera",Laietana,Divendres,2025,1,Gener,3,11,Matí,NA,NA,2,NA,2,1,2,41,2025-01-03,Friday,Laborable,Manana (06-12h),NA,Leve,TRUE
2.025e+43,7,Horta-Guinardó,35,el Guinardó,Teodor Llorente,Dijous,2025,1,Gener,2,13,Matí,NA,NA,1,NA,1,2,2,41,2025-01-02,Thursday,Laborable,Tarde (12-18h),NA,Leve,TRUE
2.025e+44,2,Eixample,9,la Nova Esquerra de l'Eixample,Mallorca,Dijous,2025,1,Gener,2,12,Matí,NA,NA,1,NA,1,1,2,41,2025-01-02,Thursday,Laborable,Tarde (12-18h),NA,Leve,TRUE
2.025e+45,10,Sant Martí,68,el Poblenou,Llull,Divendres,2025,1,Gener,3,12,Matí,NA,NA,1,NA,1,1,2,41,2025-01-03,Friday,Laborable,Tarde (12-18h),NA,Leve,TRUE
2.025e+46,10,Sant Martí,66,el Parc i la Llacuna del Poblenou,Marina,Divendres,2025,1,Gener,3,18,Tarda,NA,NA,1,NA,1,2,2,41,2025-01-03,Friday,Laborable,Noche (18-24h),NA,Leve,TRUE
2.025e+47,8,Nou Barris,44,Vilapicina i la Torre Llobeta,Fabra i Puig,Divendres,2025,1,Gener,3,19,Tarda,NA,NA,1,NA,1,2,2,41,2025-01-03,Friday,Laborable,Noche (18-24h),NA,Leve,TRUE
2.025e+48,2,Eixample,9,la Nova Esquerra de l'Eixample,València,Divendres,2025,1,Gener,3,20,Tarda,NA,NA,1,NA,1,2,2,41,2025-01-03,Friday,Laborable,Noche (18-24h),NA,Leve,TRUE
2.025e+49,10,Sant Martí,72,Sant Martí de Provençals,Fluvià,Divendres,2025,1,Gener,3,22,Nit,NA,NA,2,NA,2,2,2,41,2025-01-03,Friday,Laborable,Noche (18-24h),NA,Leve,TRUE
2.025e+50,3,Sants-Montjuïc,16,la Bordeta,Ildefons Cerdà,Divendres,2025,1,Gener,3,19,Tarda,NA,NA,2,NA,2,2,2,41,2025-01-03,Friday,Laborable,Noche (18-24h),NA,Leve,TRUE
2.025e+51,2,Eixample,10,Sant Antoni,Mistral,Divendres,2025,1,Gener,3,19,Tarda,NA,NA,1,NA,1,1,2,41,2025-01-03,Friday,Laborable,Noche (18-24h),NA,Leve,TRUE
2.025e+52,7,Horta-Guinardó,33,el Baix Guinardó,Camèlies,Dissabte,2025,1,Gener,4,19,Tarda,NA,NA,2,NA,2,1,2,41,2025-01-04,Saturday,Fin de semana,Noche (18-24h),NA,Leve,TRUE
2.025e+53,5,Sarrià-Sant Gervasi,25,Sant Gervasi - la Bonanova,Isaac Newton,Dissabte,2025,1,Gener,4,20,Tarda,NA,NA,1,NA,1,2,2,41,2025-01-04,Saturday,Fin de semana,Noche (18-24h),NA,Leve,TRUE
2.025e+54,10,Sant Martí,71,Provençals del Poblenou,Corts Catalanes,Divendres,2025,1,Gener,3,22,Nit,NA,NA,1,NA,1,2,2,41,2025-01-03,Friday,Laborable,Noche (18-24h),NA,Leve,TRUE
2.025e+55,5,Sarrià-Sant Gervasi,22,"Vallvidrera, el Tibidabo i les Planes",Vallvidrera al Tibidabo,Dissabte,2025,1,Gener,4,12,Matí,NA,NA,1,NA,1,2,2,41,2025-01-04,Saturday,Fin de semana,Tarde (12-18h),NA,Leve,TRUE
2.025e+56,2,Eixample,5,el Fort Pienc,Casp,Diumenge,2025,1,Gener,5,0,Nit,NA,NA,1,NA,1,2,2,41,2025-01-05,Sunday,Fin de semana,Madrugada (00-06h),NA,Leve,TRUE
2.025e+57,9,Sant Andreu,63,Navas,Maragall,Dissabte,2025,1,Gener,4,13,Matí,NA,NA,1,NA,1,2,2,41,2025-01-04,Saturday,Fin de semana,Tarde (12-18h),NA,Leve,TRUE
2.025e+58,2,Eixample,8,l'Antiga Esquerra de l'Eixample,Muntaner,Diumenge,2025,1,Gener,5,2,Nit,NA,NA,1,NA,1,2,2,41,2025-01-05,Sunday,Fin de semana,Madrugada (00-06h),NA,Leve,TRUE
2.025e+59,5,Sarrià-Sant Gervasi,26,Sant Gervasi - Galvany,Balmes,Dissabte,2025,1,Gener,4,15,Tarda,Creuar per fora pas de vianants,NA,NA,1,1,1,2,41,2025-01-04,Saturday,Fin de semana,Tarde (12-18h),NA,Grave,TRUE
2.025e+60,2,Eixample,10,Sant Antoni,Sepúlveda,Dissabte,2025,1,Gener,4,17,Tarda,NA,NA,1,NA,1,3,2,41,2025-01-04,Saturday,Fin de semana,Tarde (12-18h),NA,Leve,TRUE
2.025e+61,10,Sant Martí,67,la Vila Olímpica del Poblenou,Voluntaris Olímpics,Dijous,2025,1,Gener,2,15,Tarda,NA,NA,NA,NA,NA,2,2,41,2025-01-02,Thursday,Laborable,Tarde (12-18h),NA,Leve,NA
2.025e+62,4,Les Corts,19,les Corts,Deu i Mata,Diumenge,2025,1,Gener,5,11,Matí,NA,NA,NA,1,1,2,2,41,2025-01-05,Sunday,Fin de semana,Manana (06-12h),NA,Grave,TRUE
2.025e+63,2,Eixample,9,la Nova Esquerra de l'Eixample,Corts Catalanes,Diumenge,2025,1,Gener,5,11,Matí,NA,NA,2,1,3,2,2,41,2025-01-05,Sunday,Fin de semana,Manana (06-12h),3,Grave,TRUE
2.025e+64,10,Sant Martí,67,la Vila Olímpica del Poblenou,Voluntaris Olímpics,Diumenge,2025,1,Gener,5,15,Tarda,NA,NA,1,NA,1,2,2,41,2025-01-05,Sunday,Fin de semana,Tarde (12-18h),NA,Leve,TRUE
2.025e+65,4,Les Corts,19,les Corts,Sarrià,Diumenge,2025,1,Gener,5,15,Tarda,NA,NA,2,NA,2,2,2,41,2025-01-05,Sunday,Fin de semana,Tarde (12-18h),NA,Leve,TRUE
2.025e+66,4,Les Corts,19,les Corts,Constança,Diumenge,2025,1,Gener,5,15,Tarda,NA,NA,1,NA,1,2,2,41,2025-01-05,Sunday,Fin de semana,Tarde (12-18h),NA,Leve,TRUE
2.025e+67,9,Sant Andreu,61,la Sagrera,Gran de la Sagrera,Diumenge,2025,1,Gener,5,14,Tarda,Altres,NA,1,NA,1,1,2,41,2025-01-05,Sunday,Fin de semana,Tarde (12-18h),NA,Leve,TRUE
2.025e+68,1,Ciutat Vella,1,el Raval,Paral·lel,Diumenge,2025,1,Gener,5,14,Tarda,NA,NA,1,NA,1,2,2,41,2025-01-05,Sunday,Fin de semana,Tarde (12-18h),NA,Leve,TRUE
2.025e+69,2,Eixample,9,la Nova Esquerra de l'Eixample,València,Diumenge,2025,1,Gener,5,17,Tarda,NA,NA,1,NA,1,2,2,41,2025-01-05,Sunday,Fin de semana,Tarde (12-18h),NA,Leve,TRUE
2.025e+70,2,Eixample,9,la Nova Esquerra de l'Eixample,Corts Catalanes,Diumenge,2025,1,Gener,5,19,Tarda,Altres,NA,1,NA,1,1,2,41,2025-01-05,Sunday,Fin de semana,Noche (18-24h),NA,Leve,TRUE
2.025e+71,1,Ciutat Vella,3,la Barceloneta,B-10 (Besòs),Diumenge,2025,1,Gener,5,20,Tarda,NA,NA,1,NA,1,2,2,41,2025-01-05,Sunday,Fin de semana,Noche (18-24h),NA,Leve,TRUE
2.025e+72,3,Sants-Montjuïc,11,el Poble Sec,Paral·lel,Dissabte,2025,1,Gener,4,20,Tarda,NA,NA,1,NA,1,2,2,41,2025-01-04,Saturday,Fin de semana,Noche (18-24h),NA,Leve,TRUE
2.025e+73,3,Sants-Montjuïc,16,la Bordeta,Constitució,Dilluns,2025,1,Gener,6,0,Nit,Creuar per fora pas de vianants,NA,1,NA,1,1,2,41,2025-01-06,Monday,Laborable,Madrugada (00-06h),NA,Leve,TRUE
2.025e+74,8,Nou Barris,48,la Guineueta,Valldaura,Dilluns,2025,1,Gener,6,7,Matí,NA,NA,1,NA,1,2,2,41,2025-01-06,Monday,Laborable,Manana (06-12h),NA,Leve,TRUE
2.025e+75,7,Horta-Guinardó,33,el Baix Guinardó,Guinardó,Dilluns,2025,1,Gener,6,11,Matí,NA,NA,1,NA,1,2,2,41,2025-01-06,Monday,Laborable,Manana (06-12h),NA,Leve,TRUE
2.025e+76,7,Horta-Guinardó,43,Horta,Dalt (Besòs),Dilluns,2025,1,Gener,6,12,Matí,NA,NA,3,NA,3,2,2,41,2025-01-06,Monday,Laborable,Tarde (12-18h),NA,Leve,TRUE
2.025e+77,8,Nou Barris,50,les Roquetes,Cantera,Dilluns,2025,1,Gener,6,13,Matí,NA,NA,1,NA,1,1,2,41,2025-01-06,Monday,Laborable,Tarde (12-18h),NA,Leve,TRUE
2.025e+78,7,Horta-Guinardó,40,Montbau,Vall d'Hebron,Dilluns,2025,1,Gener,6,13,Matí,NA,NA,1,NA,1,2,2,41,2025-01-06,Monday,Laborable,Tarde (12-18h),NA,Leve,TRUE
2.025e+79,5,Sarrià-Sant Gervasi,23,Sarrià,B-20 (Besòs),Dilluns,2025,1,Gener,6,18,Tarda,NA,NA,NA,2,2,2,2,41,2025-01-06,Monday,Laborable,Noche (18-24h),NA,Grave,TRUE
2.025e+80,9,Sant Andreu,57,la Trinitat Vella,Trinitat,Dilluns,2025,1,Gener,6,18,Tarda,NA,NA,1,NA,1,2,2,41,2025-01-06,Monday,Laborable,Noche (18-24h),NA,Leve,TRUE
2.025e+81,2,Eixample,7,la Dreta de l'Eixample,València,Dilluns,2025,1,Gener,6,17,Tarda,NA,NA,1,NA,1,1,2,41,2025-01-06,Monday,Laborable,Tarde (12-18h),NA,Leve,TRUE
2.025e+82,5,Sarrià-Sant Gervasi,26,Sant Gervasi - Galvany,Diagonal,Dilluns,2025,1,Gener,6,16,Tarda,NA,NA,1,NA,1,2,2,41,2025-01-06,Monday,Laborable,Tarde (12-18h),NA,Leve,TRUE
2.025e+83,3,Sants-Montjuïc,13,la Marina de Port,Corts Catalanes,Dimarts,2025,1,Gener,7,7,Matí,NA,NA,3,NA,3,2,2,41,2025-01-07,Tuesday,Laborable,Manana (06-12h),NA,Leve,TRUE
2.025e+84,3,Sants-Montjuïc,11,el Poble Sec,Paral·lel,Dimarts,2025,1,Gener,7,8,Matí,NA,NA,1,NA,1,2,2,41,2025-01-07,Tuesday,Laborable,Manana (06-12h),NA,Leve,TRUE
2.025e+85,2,Eixample,7,la Dreta de l'Eixample,Sant Joan,Dimarts,2025,1,Gener,7,9,Matí,NA,NA,NA,NA,NA,1,2,41,2025-01-07,Tuesday,Laborable,Manana (06-12h),NA,Leve,NA
2.025e+86,5,Sarrià-Sant Gervasi,26,Sant Gervasi - Galvany,Balmes,Dimarts,2025,1,Gener,7,8,Matí,NA,NA,1,NA,1,2,2,41,2025-01-07,Tuesday,Laborable,Manana (06-12h),NA,Leve,TRUE
2.025e+87,3,Sants-Montjuïc,17,Sants - Badal,Sants,Dimarts,2025,1,Gener,7,10,Matí,NA,NA,1,NA,1,1,2,41,2025-01-07,Tuesday,Laborable,Manana (06-12h),NA,Leve,TRUE
2.025e+88,6,Gràcia,28,Vallcarca i els Penitents,Mons,Dilluns,2025,1,Gener,6,16,Tarda,NA,NA,NA,NA,NA,1,2,41,2025-01-06,Monday,Laborable,Tarde (12-18h),NA,Leve,NA
2.025e+89,2,Eixample,7,la Dreta de l'Eixample,Diagonal,Dilluns,2025,1,Gener,6,19,Tarda,NA,NA,1,NA,1,1,2,41,2025-01-06,Monday,Laborable,Noche (18-24h),NA,Leve,TRUE
2.025e+90,2,Eixample,7,la Dreta de l'Eixample,Sant Joan,Dimarts,2025,1,Gener,7,11,Matí,NA,NA,NA,1,1,1,2,41,2025-01-07,Tuesday,Laborable,Manana (06-12h),NA,Grave,TRUE
2.025e+91,5,Sarrià-Sant Gervasi,27,el Putxet i el Farró,República Argentina,Dimarts,2025,1,Gener,7,14,Tarda,NA,NA,1,NA,1,2,2,41,2025-01-07,Tuesday,Laborable,Tarde (12-18h),NA,Leve,TRUE
2.025e+92,5,Sarrià-Sant Gervasi,25,Sant Gervasi - la Bonanova,Iradier,Dimarts,2025,1,Gener,7,13,Matí,NA,NA,1,NA,1,2,2,41,2025-01-07,Tuesday,Laborable,Tarde (12-18h),NA,Leve,TRUE
2.025e+93,9,Sant Andreu,60,Sant Andreu,Gran de Sant Andreu,Dimarts,2025,1,Gener,7,13,Matí,Desobeir el senyal del semàfor,NA,2,NA,2,1,2,41,2025-01-07,Tuesday,Laborable,Tarde (12-18h),NA,Leve,TRUE
2.025e+94,5,Sarrià-Sant Gervasi,23,Sarrià,Vallvidrera,Dimarts,2025,1,Gener,7,15,Tarda,NA,NA,1,NA,1,2,2,41,2025-01-07,Tuesday,Laborable,Tarde (12-18h),NA,Leve,TRUE
2.025e+95,9,Sant Andreu,60,Sant Andreu,Segre,Dimarts,2025,1,Gener,7,15,Tarda,NA,NA,1,NA,1,2,2,41,2025-01-07,Tuesday,Laborable,Tarde (12-18h),NA,Leve,TRUE
2.025e+96,9,Sant Andreu,63,Navas,Maragall,Dimarts,2025,1,Gener,7,15,Tarda,NA,NA,1,NA,1,2,2,41,2025-01-07,Tuesday,Laborable,Tarde (12-18h),NA,Leve,TRUE
2.025e+97,6,Gràcia,32,el Camp d'en Grassot i Gràcia Nova,Indústria,Dimarts,2025,1,Gener,7,20,Tarda,NA,NA,NA,NA,NA,2,2,41,2025-01-07,Tuesday,Laborable,Noche (18-24h),NA,Leve,NA
2.025e+98,2,Eixample,7,la Dreta de l'Eixample,Aragó,Dimarts,2025,1,Gener,7,16,Tarda,NA,NA,1,NA,1,3,2,41,2025-01-07,Tuesday,Laborable,Tarde (12-18h),NA,Leve,TRUE
2.025e+99,8,Nou Barris,45,Porta,Fabra i Puig,Dimarts,2025,1,Gener,7,16,Tarda,NA,NA,1,NA,1,2,2,41,2025-01-07,Tuesday,Laborable,Tarde (12-18h),NA,Leve,TRUE
2.025e+100,4,Les Corts,19,les Corts,Diagonal,Dimarts,2025,1,Gener,7,22,Nit,NA,NA,1,NA,1,2,2,41,2025-01-07,Tuesday,Laborable,Noche (18-24h),NA,Leve,TRUE
2.025e+101,6,Gràcia,31,la Vila de Gràcia,Torrijos,Dimarts,2025,1,Gener,7,20,Tarda,NA,NA,1,NA,1,2,2,41,2025-01-07,Tuesday,Laborable,Noche (18-24h),NA,Leve,TRUE
2.025e+102,2,Eixample,7,la Dreta de l'Eixample,Gràcia,Dimarts,2025,1,Gener,7,21,Tarda,NA,NA,1,NA,1,2,2,41,2025-01-07,Tuesday,Laborable,Noche (18-24h),NA,Leve,TRUE
2.025e+103,2,Eixample,7,la Dreta de l'Eixample,Tetuan,Dimecres,2025,1,Gener,8,1,Nit,NA,NA,1,NA,1,2,2,41,2025-01-08,Wednesday,Laborable,Madrugada (00-06h),NA,Leve,TRUE
2.025e+104,9,Sant Andreu,59,el Bon Pastor,Santander,Dimecres,2025,1,Gener,8,6,Matí,NA,NA,1,NA,1,2,2,41,2025-01-08,Wednesday,Laborable,Manana (06-12h),NA,Leve,TRUE
2.025e+105,6,Gràcia,32,el Camp d'en Grassot i Gràcia Nova,Indústria,Dimarts,2025,1,Gener,7,18,Tarda,NA,NA,NA,NA,NA,1,2,41,2025-01-07,Tuesday,Laborable,Noche (18-24h),NA,Leve,NA
2.025e+106,3,Sants-Montjuïc,18,Sants,Berlín,Dimecres,2025,1,Gener,8,10,Matí,NA,NA,1,NA,1,2,2,41,2025-01-08,Wednesday,Laborable,Manana (06-12h),NA,Leve,TRUE
2.025e+107,2,Eixample,5,el Fort Pienc,Marina,Dimecres,2025,1,Gener,8,8,Matí,NA,NA,2,NA,2,3,2,41,2025-01-08,Wednesday,Laborable,Manana (06-12h),NA,Leve,TRUE
2.025e+108,6,Gràcia,31,la Vila de Gràcia,Gran de Gràcia,Dimarts,2025,1,Gener,7,20,Tarda,NA,NA,1,NA,1,2,2,41,2025-01-07,Tuesday,Laborable,Noche (18-24h),NA,Leve,TRUE
2.025e+109,2,Eixample,9,la Nova Esquerra de l'Eixample,Calàbria,Dimecres,2025,1,Gener,8,11,Matí,Desobeir el senyal del semàfor,NA,2,NA,2,1,2,41,2025-01-08,Wednesday,Laborable,Manana (06-12h),NA,Leve,TRUE
2.025e+110,2,Eixample,10,Sant Antoni,Corts Catalanes,Dimecres,2025,1,Gener,8,11,Matí,NA,NA,1,NA,1,2,2,41,2025-01-08,Wednesday,Laborable,Manana (06-12h),NA,Leve,TRUE
2.025e+111,10,Sant Martí,69,Diagonal Mar i el Front Marítim del Poblenou,B-10 (Llobregat),Dimecres,2025,1,Gener,8,11,Matí,NA,NA,NA,NA,NA,2,2,41,2025-01-08,Wednesday,Laborable,Manana (06-12h),NA,Leve,NA
2.025e+112,9,Sant Andreu,60,Sant Andreu,Meridiana,Dimecres,2025,1,Gener,8,13,Matí,NA,NA,1,NA,1,2,2,41,2025-01-08,Wednesday,Laborable,Tarde (12-18h),NA,Leve,TRUE
2.025e+113,5,Sarrià-Sant Gervasi,26,Sant Gervasi - Galvany,Ganduxer,Dimecres,2025,1,Gener,8,13,Matí,NA,NA,1,NA,1,2,2,41,2025-01-08,Wednesday,Laborable,Tarde (12-18h),NA,Leve,TRUE
2.025e+114,3,Sants-Montjuïc,11,el Poble Sec,Font-trobada,Dimecres,2025,1,Gener,8,17,Tarda,NA,NA,3,NA,3,2,2,41,2025-01-08,Wednesday,Laborable,Tarde (12-18h),NA,Leve,TRUE
2.025e+115,4,Les Corts,20,la Maternitat i Sant Ramon,Diagonal,Dimecres,2025,1,Gener,8,18,Tarda,NA,NA,1,NA,1,2,2,41,2025-01-08,Wednesday,Laborable,Noche (18-24h),NA,Leve,TRUE
2.025e+116,2,Eixample,6,la Sagrada Família,Sicília,Dimecres,2025,1,Gener,8,20,Tarda,NA,NA,1,NA,1,2,2,41,2025-01-08,Wednesday,Laborable,Noche (18-24h),NA,Leve,TRUE
2.025e+117,2,Eixample,10,Sant Antoni,Tamarit,Dimecres,2025,1,Gener,8,22,Nit,NA,NA,1,NA,1,1,2,41,2025-01-08,Wednesday,Laborable,Noche (18-24h),NA,Leve,TRUE
2.025e+118,10,Sant Martí,64,el Camp de l'Arpa del Clot,Meridiana,Dijous,2025,1,Gener,9,9,Matí,Desobeir el senyal del semàfor,NA,2,NA,2,1,2,41,2025-01-09,Thursday,Laborable,Manana (06-12h),NA,Leve,TRUE
2.025e+119,6,Gràcia,32,el Camp d'en Grassot i Gràcia Nova,Ca l'Alegre de Dalt,Dijous,2025,1,Gener,9,9,Matí,NA,NA,1,NA,1,2,2,41,2025-01-09,Thursday,Laborable,Manana (06-12h),NA,Leve,TRUE
2.025e+120,2,Eixample,7,la Dreta de l'Eixample,Sant Joan,Dijous,2025,1,Gener,9,10,Matí,NA,NA,1,NA,1,1,2,41,2025-01-09,Thursday,Laborable,Manana (06-12h),NA,Leve,TRUE
2.025e+121,3,Sants-Montjuïc,18,Sants,Sants,Dijous,2025,1,Gener,9,11,Matí,NA,NA,2,NA,2,2,2,41,2025-01-09,Thursday,Laborable,Manana (06-12h),NA,Leve,TRUE
2.025e+122,2,Eixample,7,la Dreta de l'Eixample,Casp,Dijous,2025,1,Gener,9,11,Matí,NA,NA,1,NA,1,2,2,41,2025-01-09,Thursday,Laborable,Manana (06-12h),NA,Leve,TRUE
2.025e+123,5,Sarrià-Sant Gervasi,23,Sarrià,Anglí,Dijous,2025,1,Gener,9,12,Matí,NA,NA,1,NA,1,2,2,41,2025-01-09,Thursday,Laborable,Tarde (12-18h),NA,Leve,TRUE
2.025e+124,5,Sarrià-Sant Gervasi,26,Sant Gervasi - Galvany,Diagonal,Dijous,2025,1,Gener,9,13,Matí,NA,NA,1,NA,1,2,2,41,2025-01-09,Thursday,Laborable,Tarde (12-18h),NA,Leve,TRUE
2.025e+125,1,Ciutat Vella,4,"Sant Pere, Santa Caterina i la Ribera",Pujades,Dijous,2025,1,Gener,9,10,Matí,NA,NA,1,NA,1,1,2,41,2025-01-09,Thursday,Laborable,Manana (06-12h),NA,Leve,TRUE
2.025e+126,4,Les Corts,20,la Maternitat i Sant Ramon,Madrid,Dijous,2025,1,Gener,9,8,Matí,NA,NA,1,NA,1,2,2,41,2025-01-09,Thursday,Laborable,Manana (06-12h),NA,Leve,TRUE
2.025e+127,10,Sant Martí,71,Provençals del Poblenou,Marroc,Dijous,2025,1,Gener,9,11,Matí,Desobeir el senyal del semàfor,NA,1,NA,1,1,2,41,2025-01-09,Thursday,Laborable,Manana (06-12h),NA,Leve,TRUE
2.025e+128,7,Horta-Guinardó,35,el Guinardó,Maragall,Dijous,2025,1,Gener,9,14,Tarda,Transitar a peu per la calçada,NA,1,NA,1,1,2,41,2025-01-09,Thursday,Laborable,Tarde (12-18h),NA,Leve,TRUE
2.025e+129,1,Ciutat Vella,2,el Barri Gòtic,B-10 (Besòs),Dijous,2025,1,Gener,9,15,Tarda,NA,NA,1,NA,1,3,2,41,2025-01-09,Thursday,Laborable,Tarde (12-18h),NA,Leve,TRUE
2.025e+130,2,Eixample,10,Sant Antoni,Viladomat,Dijous,2025,1,Gener,9,14,Tarda,NA,NA,1,NA,1,3,2,41,2025-01-09,Thursday,Laborable,Tarde (12-18h),NA,Leve,TRUE
2.025e+131,7,Horta-Guinardó,35,el Guinardó,Maragall,Dijous,2025,1,Gener,9,15,Tarda,NA,NA,1,NA,1,2,2,41,2025-01-09,Thursday,Laborable,Tarde (12-18h),NA,Leve,TRUE
2.025e+132,2,Eixample,6,la Sagrada Família,Lepant,Dijous,2025,1,Gener,9,19,Tarda,NA,NA,2,NA,2,2,2,41,2025-01-09,Thursday,Laborable,Noche (18-24h),NA,Leve,TRUE
2.025e+133,5,Sarrià-Sant Gervasi,23,Sarrià,Sant Joan Bosco,Dijous,2025,1,Gener,9,20,Tarda,NA,1,NA,NA,1,2,2,41,2025-01-09,Thursday,Laborable,Noche (18-24h),NA,Mortal,TRUE
2.025e+134,10,Sant Martí,68,el Poblenou,Bac de Roda,Dijous,2025,1,Gener,9,17,Tarda,NA,NA,1,NA,1,2,2,41,2025-01-09,Thursday,Laborable,Tarde (12-18h),NA,Leve,TRUE
2.025e+135,7,Horta-Guinardó,39,Sant Genís dels Agudells,Cànoves,Dijous,2025,1,Gener,9,19,Tarda,NA,NA,1,NA,1,1,2,41,2025-01-09,Thursday,Laborable,Noche (18-24h),NA,Leve,TRUE
2.025e+136,1,Ciutat Vella,1,el Raval,Peu de la Creu,Dijous,2025,1,Gener,9,23,Nit,NA,NA,1,NA,1,1,2,41,2025-01-09,Thursday,Laborable,Noche (18-24h),NA,Leve,TRUE
2.025e+137,9,Sant Andreu,59,el Bon Pastor,Monterrey,Dijous,2025,1,Gener,9,16,Tarda,NA,NA,1,NA,1,2,2,41,2025-01-09,Thursday,Laborable,Tarde (12-18h),NA,Leve,TRUE
2.025e+138,4,Les Corts,21,Pedralbes,Diagonal,Dijous,2025,1,Gener,9,16,Tarda,NA,NA,1,NA,1,2,2,41,2025-01-09,Thursday,Laborable,Tarde (12-18h),NA,Leve,TRUE
2.025e+139,3,Sants-Montjuïc,11,el Poble Sec,Palaudàries,Dijous,2025,1,Gener,9,14,Tarda,NA,NA,1,NA,1,1,2,41,2025-01-09,Thursday,Laborable,Tarde (12-18h),NA,Leve,TRUE
2.025e+140,5,Sarrià-Sant Gervasi,24,les Tres Torres,Sarrià,Dijous,2025,1,Gener,9,17,Tarda,NA,NA,1,NA,1,2,2,41,2025-01-09,Thursday,Laborable,Tarde (12-18h),NA,Leve,TRUE
2.025e+141,2,Eixample,5,el Fort Pienc,Corts Catalanes,Divendres,2025,1,Gener,10,1,Nit,NA,NA,1,NA,1,2,2,41,2025-01-10,Friday,Laborable,Madrugada (00-06h),NA,Leve,TRUE
2.025e+142,3,Sants-Montjuïc,13,la Marina de Port,Corts Catalanes,Divendres,2025,1,Gener,10,18,Tarda,NA,NA,1,NA,1,2,2,41,2025-01-10,Friday,Laborable,Noche (18-24h),NA,Leve,TRUE
2.025e+143,10,Sant Martí,66,el Parc i la Llacuna del Poblenou,Marina,Divendres,2025,1,Gener,10,9,Matí,NA,NA,1,NA,1,2,2,41,2025-01-10,Friday,Laborable,Manana (06-12h),NA,Leve,TRUE
2.025e+144,2,Eixample,8,l'Antiga Esquerra de l'Eixample,Aribau,Divendres,2025,1,Gener,10,9,Matí,NA,NA,1,NA,1,2,2,41,2025-01-10,Friday,Laborable,Manana (06-12h),NA,Leve,TRUE
2.025e+145,10,Sant Martí,65,el Clot,València,Divendres,2025,1,Gener,10,8,Matí,NA,NA,1,NA,1,2,2,41,2025-01-10,Friday,Laborable,Manana (06-12h),NA,Leve,TRUE
2.025e+146,6,Gràcia,30,la Salut,Maignon,Divendres,2025,1,Gener,10,7,Matí,NA,NA,NA,NA,NA,2,2,41,2025-01-10,Friday,Laborable,Manana (06-12h),NA,Leve,NA
2.025e+147,2,Eixample,7,la Dreta de l'Eixample,Corts Catalanes,Divendres,2025,1,Gener,10,11,Matí,NA,NA,2,NA,2,3,2,41,2025-01-10,Friday,Laborable,Manana (06-12h),NA,Leve,TRUE
2.025e+148,4,Les Corts,20,la Maternitat i Sant Ramon,Diagonal,Divendres,2025,1,Gener,10,11,Matí,NA,NA,1,NA,1,2,2,41,2025-01-10,Friday,Laborable,Manana (06-12h),NA,Leve,TRUE
2.025e+149,9,Sant Andreu,63,Navas,Felip II,Divendres,2025,1,Gener,10,9,Matí,Desobeir el senyal del semàfor,NA,1,NA,1,1,2,41,2025-01-10,Friday,Laborable,Manana (06-12h),NA,Leve,TRUE
2.025e+150,5,Sarrià-Sant Gervasi,27,el Putxet i el Farró,Riera de Cassoles,Divendres,2025,1,Gener,10,14,Tarda,NA,NA,1,NA,1,2,2,41,2025-01-10,Friday,Laborable,Tarde (12-18h),NA,Leve,TRUE
2.025e+151,9,Sant Andreu,62,el Congrés i els Indians,Felip II,Divendres,2025,1,Gener,10,12,Matí,NA,NA,NA,NA,NA,2,2,41,2025-01-10,Friday,Laborable,Tarde (12-18h),NA,Leve,NA
2.025e+152,2,Eixample,6,la Sagrada Família,València,Dijous,2025,1,Gener,9,21,Tarda,NA,NA,1,NA,1,2,2,41,2025-01-09,Thursday,Laborable,Noche (18-24h),NA,Leve,TRUE
2.025e+153,10,Sant Martí,73,la Verneda i la Pau,Corts Catalanes,Divendres,2025,1,Gener,10,18,Tarda,NA,NA,1,NA,1,3,2,41,2025-01-10,Friday,Laborable,Noche (18-24h),NA,Leve,TRUE
2.025e+154,1,Ciutat Vella,3,la Barceloneta,Marítim de la Barceloneta,Divendres,2025,1,Gener,10,16,Tarda,NA,NA,1,NA,1,1,2,41,2025-01-10,Friday,Laborable,Tarde (12-18h),NA,Leve,TRUE
2.025e+155,2,Eixample,7,la Dreta de l'Eixample,Gràcia,Divendres,2025,1,Gener,10,14,Tarda,NA,NA,2,NA,2,2,2,41,2025-01-10,Friday,Laborable,Tarde (12-18h),NA,Leve,TRUE
2.025e+156,2,Eixample,10,Sant Antoni,Calàbria,Divendres,2025,1,Gener,10,18,Tarda,NA,NA,1,NA,1,1,2,41,2025-01-10,Friday,Laborable,Noche (18-24h),NA,Leve,TRUE
2.025e+157,2,Eixample,6,la Sagrada Família,Indústria,Divendres,2025,1,Gener,10,16,Tarda,NA,NA,1,NA,1,2,2,41,2025-01-10,Friday,Laborable,Tarde (12-18h),NA,Leve,TRUE
2.025e+158,4,Les Corts,19,les Corts,Corts,Divendres,2025,1,Gener,10,20,Tarda,Creuar per fora pas de vianants,NA,1,NA,1,1,2,41,2025-01-10,Friday,Laborable,Noche (18-24h),NA,Leve,TRUE
2.025e+159,9,Sant Andreu,61,la Sagrera,Coll,Dissabte,2025,1,Gener,11,3,Nit,NA,NA,3,NA,3,1,2,41,2025-01-11,Saturday,Fin de semana,Madrugada (00-06h),NA,Leve,TRUE
2.025e+160,4,Les Corts,21,Pedralbes,Sor Eulàlia d'Anzizu,Dissabte,2025,1,Gener,11,3,Nit,NA,NA,2,NA,2,2,2,41,2025-01-11,Saturday,Fin de semana,Madrugada (00-06h),NA,Leve,TRUE
2.025e+161,7,Horta-Guinardó,37,el Carmel,Carmel,Divendres,2025,1,Gener,10,11,Matí,NA,NA,1,NA,1,1,2,41,2025-01-10,Friday,Laborable,Manana (06-12h),NA,Leve,TRUE
2.025e+162,1,Ciutat Vella,1,el Raval,Rambla,Divendres,2025,1,Gener,10,13,Matí,NA,NA,1,NA,1,2,2,41,2025-01-10,Friday,Laborable,Tarde (12-18h),NA,Leve,TRUE
2.025e+163,8,Nou Barris,44,Vilapicina i la Torre Llobeta,Quinze,Dijous,2025,1,Gener,9,12,Matí,NA,NA,1,NA,1,2,2,41,2025-01-09,Thursday,Laborable,Tarde (12-18h),NA,Leve,TRUE
2.025e+164,8,Nou Barris,53,la Trinitat Nova,B-20 (Besòs),Divendres,2025,1,Gener,10,19,Tarda,NA,NA,1,NA,1,2,2,41,2025-01-10,Friday,Laborable,Noche (18-24h),NA,Leve,TRUE
2.025e+165,5,Sarrià-Sant Gervasi,26,Sant Gervasi - Galvany,Augusta,Divendres,2025,1,Gener,10,20,Tarda,NA,NA,NA,NA,NA,2,2,41,2025-01-10,Friday,Laborable,Noche (18-24h),NA,Leve,NA
2.025e+166,2,Eixample,8,l'Antiga Esquerra de l'Eixample,Sarrià,Divendres,2025,1,Gener,10,18,Tarda,NA,NA,1,NA,1,2,2,41,2025-01-10,Friday,Laborable,Noche (18-24h),NA,Leve,TRUE
2.025e+167,2,Eixample,5,el Fort Pienc,Corts Catalanes,Divendres,2025,1,Gener,10,17,Tarda,NA,NA,1,NA,1,2,2,41,2025-01-10,Friday,Laborable,Tarde (12-18h),NA,Leve,TRUE
2.025e+168,8,Nou Barris,48,la Guineueta,Valldaura,Divendres,2025,1,Gener,10,19,Tarda,NA,NA,1,NA,1,2,2,41,2025-01-10,Friday,Laborable,Noche (18-24h),NA,Leve,TRUE
2.025e+169,2,Eixample,7,la Dreta de l'Eixample,Rosselló,Divendres,2025,1,Gener,10,17,Tarda,NA,NA,1,NA,1,2,2,41,2025-01-10,Friday,Laborable,Tarde (12-18h),NA,Leve,TRUE
2.025e+170,4,Les Corts,21,Pedralbes,Rosa Leveroni,Dissabte,2025,1,Gener,4,17,Tarda,NA,NA,NA,NA,NA,1,2,41,2025-01-04,Saturday,Fin de semana,Tarde (12-18h),NA,Leve,NA
2.025e+171,7,Horta-Guinardó,33,el Baix Guinardó,Guinardó,Divendres,2025,1,Gener,10,8,Matí,NA,NA,1,NA,1,2,2,41,2025-01-10,Friday,Laborable,Manana (06-12h),NA,Leve,TRUE
2.025e+172,10,Sant Martí,72,Sant Martí de Provençals,Bac de Roda,Dissabte,2025,1,Gener,11,15,Tarda,NA,NA,1,NA,1,2,2,41,2025-01-11,Saturday,Fin de semana,Tarde (12-18h),NA,Leve,TRUE
2.025e+173,9,Sant Andreu,60,Sant Andreu,Meridiana,Dissabte,2025,1,Gener,11,14,Tarda,NA,NA,1,NA,1,2,2,41,2025-01-11,Saturday,Fin de semana,Tarde (12-18h),NA,Leve,TRUE
2.025e+174,2,Eixample,7,la Dreta de l'Eixample,Balmes,Dissabte,2025,1,Gener,11,16,Tarda,NA,NA,1,NA,1,2,2,41,2025-01-11,Saturday,Fin de semana,Tarde (12-18h),NA,Leve,TRUE
2.025e+175,5,Sarrià-Sant Gervasi,26,Sant Gervasi - Galvany,Gràcia,Dissabte,2025,1,Gener,11,19,Tarda,NA,NA,2,NA,2,2,2,41,2025-01-11,Saturday,Fin de semana,Noche (18-24h),NA,Leve,TRUE
2.025e+176,2,Eixample,9,la Nova Esquerra de l'Eixample,Viladomat,Dissabte,2025,1,Gener,11,15,Tarda,Creuar per fora pas de vianants,NA,1,NA,1,1,2,41,2025-01-11,Saturday,Fin de semana,Tarde (12-18h),NA,Leve,TRUE
2.025e+177,4,Les Corts,21,Pedralbes,Ardena,Diumenge,2025,1,Gener,12,4,Nit,NA,NA,NA,NA,NA,3,2,41,2025-01-12,Sunday,Fin de semana,Madrugada (00-06h),NA,Leve,NA
2.025e+178,10,Sant Martí,72,Sant Martí de Provençals,Corts Catalanes,Diumenge,2025,1,Gener,12,6,Matí,NA,NA,NA,NA,NA,1,2,41,2025-01-12,Sunday,Fin de semana,Manana (06-12h),NA,Leve,NA
2.025e+179,2,Eixample,5,el Fort Pienc,Aragó,Dissabte,2025,1,Gener,11,11,Matí,NA,NA,2,NA,2,3,2,41,2025-01-11,Saturday,Fin de semana,Manana (06-12h),NA,Leve,TRUE
2.025e+180,10,Sant Martí,71,Provençals del Poblenou,Espronceda,Diumenge,2025,1,Gener,12,9,Matí,NA,NA,1,NA,1,2,2,41,2025-01-12,Sunday,Fin de semana,Manana (06-12h),NA,Leve,TRUE
2.025e+181,2,Eixample,5,el Fort Pienc,Sant Joan,Dissabte,2025,1,Gener,11,18,Tarda,NA,NA,1,NA,1,2,2,41,2025-01-11,Saturday,Fin de semana,Noche (18-24h),NA,Leve,TRUE
2.025e+182,6,Gràcia,30,la Salut,Coll del Portell,Dissabte,2025,1,Gener,11,21,Tarda,NA,NA,NA,NA,NA,1,2,41,2025-01-11,Saturday,Fin de semana,Noche (18-24h),NA,Leve,NA
2.025e+183,9,Sant Andreu,60,Sant Andreu,Valentí Iglésias,Dissabte,2025,1,Gener,11,21,Tarda,NA,NA,NA,NA,NA,2,2,41,2025-01-11,Saturday,Fin de semana,Noche (18-24h),NA,Leve,NA
2.025e+184,6,Gràcia,31,la Vila de Gràcia,Riera de Sant Miquel,Dissabte,2025,1,Gener,11,13,Matí,NA,NA,NA,NA,NA,1,2,41,2025-01-11,Saturday,Fin de semana,Tarde (12-18h),NA,Leve,NA
2.025e+185,7,Horta-Guinardó,33,el Baix Guinardó,Lepant,Dissabte,2025,1,Gener,11,18,Tarda,NA,NA,1,NA,1,2,2,41,2025-01-11,Saturday,Fin de semana,Noche (18-24h),NA,Leve,TRUE
2.025e+186,4,Les Corts,21,Pedralbes,Capità Arenas,Dissabte,2025,1,Gener,11,17,Tarda,NA,NA,1,NA,1,2,2,41,2025-01-11,Saturday,Fin de semana,Tarde (12-18h),NA,Leve,TRUE
2.025e+187,2,Eixample,6,la Sagrada Família,València,Dissabte,2025,1,Gener,11,16,Tarda,NA,NA,1,NA,1,2,2,41,2025-01-11,Saturday,Fin de semana,Tarde (12-18h),NA,Leve,TRUE
2.025e+188,1,Ciutat Vella,3,la Barceloneta,Joan Borbó Comte Barcelona,Dissabte,2025,1,Gener,11,14,Tarda,NA,NA,1,NA,1,2,2,41,2025-01-11,Saturday,Fin de semana,Tarde (12-18h),NA,Leve,TRUE
2.025e+189,2,Eixample,8,l'Antiga Esquerra de l'Eixample,Josep Tarradellas,Dissabte,2025,1,Gener,11,13,Matí,NA,NA,1,NA,1,2,2,41,2025-01-11,Saturday,Fin de semana,Tarde (12-18h),NA,Leve,TRUE
2.025e+190,2,Eixample,8,l'Antiga Esquerra de l'Eixample,Villarroel,Divendres,2025,1,Gener,10,23,Nit,NA,NA,1,NA,1,1,2,41,2025-01-10,Friday,Laborable,Noche (18-24h),NA,Leve,TRUE
2.025e+191,7,Horta-Guinardó,35,el Guinardó,Arc de Sant Martí,Diumenge,2025,1,Gener,12,1,Nit,NA,NA,1,NA,1,2,2,41,2025-01-12,Sunday,Fin de semana,Madrugada (00-06h),NA,Leve,TRUE
2.025e+192,7,Horta-Guinardó,35,el Guinardó,Sant Quintí,Dissabte,2025,1,Gener,11,3,Nit,NA,NA,NA,NA,NA,2,2,41,2025-01-11,Saturday,Fin de semana,Madrugada (00-06h),NA,Leve,NA
2.025e+193,5,Sarrià-Sant Gervasi,26,Sant Gervasi - Galvany,Gràcia,Diumenge,2025,1,Gener,12,20,Tarda,NA,NA,1,NA,1,2,2,41,2025-01-12,Sunday,Fin de semana,Noche (18-24h),NA,Leve,TRUE
2.025e+194,2,Eixample,8,l'Antiga Esquerra de l'Eixample,València,Dissabte,2025,1,Gener,11,15,Tarda,NA,NA,NA,1,1,2,2,41,2025-01-11,Saturday,Fin de semana,Tarde (12-18h),NA,Grave,TRUE
2.025e+195,7,Horta-Guinardó,43,Horta,Tajo,Dissabte,2025,1,Gener,11,17,Tarda,NA,NA,NA,NA,NA,2,2,41,2025-01-11,Saturday,Fin de semana,Tarde (12-18h),NA,Leve,NA
2.025e+196,10,Sant Martí,71,Provençals del Poblenou,Bilbao,Dissabte,2025,1,Gener,11,10,Matí,NA,NA,1,NA,1,2,2,41,2025-01-11,Saturday,Fin de semana,Manana (06-12h),NA,Leve,TRUE
2.025e+197,7,Horta-Guinardó,35,el Guinardó,Guinardó,Dilluns,2025,1,Gener,13,0,Nit,NA,NA,NA,1,1,1,2,41,2025-01-13,Monday,Laborable,Madrugada (00-06h),NA,Grave,TRUE
2.025e+198,5,Sarrià-Sant Gervasi,25,Sant Gervasi - la Bonanova,Gaziel,Diumenge,2025,1,Gener,12,19,Tarda,NA,NA,1,NA,1,1,2,41,2025-01-12,Sunday,Fin de semana,Noche (18-24h),NA,Leve,TRUE
2.025e+199,2,Eixample,5,el Fort Pienc,Corts Catalanes,Dissabte,2025,1,Gener,11,13,Matí,NA,NA,3,NA,3,3,2,41,2025-01-11,Saturday,Fin de semana,Tarde (12-18h),NA,Leve,TRUE
2.025e+200,9,Sant Andreu,57,la Trinitat Vella,Litoral (Besòs),Dilluns,2025,1,Gener,13,6,Matí,NA,NA,1,NA,1,2,2,41,2025-01-13,Monday,Laborable,Manana (06-12h),NA,Leve,TRUE
2.025e+201,5,Sarrià-Sant Gervasi,24,les Tres Torres,Sarrià,Dilluns,2025,1,Gener,13,8,Matí,NA,NA,1,NA,1,2,2,41,2025-01-13,Monday,Laborable,Manana (06-12h),NA,Leve,TRUE
2.025e+202,9,Sant Andreu,60,Sant Andreu,Meridiana,Dilluns,2025,1,Gener,13,7,Matí,NA,NA,1,NA,1,2,2,41,2025-01-13,Monday,Laborable,Manana (06-12h),NA,Leve,TRUE
2.025e+203,7,Horta-Guinardó,33,el Baix Guinardó,Rovira (ascendent),Dilluns,2025,1,Gener,13,9,Matí,NA,NA,NA,NA,NA,1,2,41,2025-01-13,Monday,Laborable,Manana (06-12h),NA,Leve,NA
2.025e+204,10,Sant Martí,69,Diagonal Mar i el Front Marítim del Poblenou,Diagonal,Dilluns,2025,1,Gener,13,11,Matí,NA,NA,1,NA,1,2,2,41,2025-01-13,Monday,Laborable,Manana (06-12h),NA,Leve,TRUE
2.025e+205,6,Gràcia,31,la Vila de Gràcia,Gran de Gràcia,Diumenge,2025,1,Gener,12,21,Tarda,NA,NA,1,NA,1,2,2,41,2025-01-12,Sunday,Fin de semana,Noche (18-24h),NA,Leve,TRUE
2.025e+206,2,Eixample,9,la Nova Esquerra de l'Eixample,Calàbria,Diumenge,2025,1,Gener,12,14,Tarda,Desobeir el senyal del semàfor,NA,1,NA,1,1,2,41,2025-01-12,Sunday,Fin de semana,Tarde (12-18h),NA,Leve,TRUE
2.025e+207,10,Sant Martí,66,el Parc i la Llacuna del Poblenou,Badajoz,Dilluns,2025,1,Gener,13,14,Tarda,NA,NA,1,NA,1,2,2,41,2025-01-13,Monday,Laborable,Tarde (12-18h),NA,Leve,TRUE
2.025e+208,2,Eixample,7,la Dreta de l'Eixample,Sant Joan,Diumenge,2025,1,Gener,12,21,Tarda,NA,NA,1,NA,1,2,2,41,2025-01-12,Sunday,Fin de semana,Noche (18-24h),NA,Leve,TRUE
2.025e+209,10,Sant Martí,67,la Vila Olímpica del Poblenou,Litoral (Besòs),Dilluns,2025,1,Gener,13,15,Tarda,NA,NA,3,NA,3,3,2,41,2025-01-13,Monday,Laborable,Tarde (12-18h),NA,Leve,TRUE
2.025e+210,3,Sants-Montjuïc,13,la Marina de Port,Alts Forns,Dilluns,2025,1,Gener,13,15,Tarda,NA,NA,1,NA,1,2,2,41,2025-01-13,Monday,Laborable,Tarde (12-18h),NA,Leve,TRUE
2.025e+211,4,Les Corts,21,Pedralbes,Pedralbes,Dilluns,2025,1,Gener,13,14,Tarda,NA,NA,1,NA,1,2,2,41,2025-01-13,Monday,Laborable,Tarde (12-18h),NA,Leve,TRUE
2.025e+212,2,Eixample,7,la Dreta de l'Eixample,Aragó,Diumenge,2025,1,Gener,12,22,Nit,NA,NA,1,NA,1,3,2,41,2025-01-12,Sunday,Fin de semana,Noche (18-24h),NA,Leve,TRUE
2.025e+213,2,Eixample,7,la Dreta de l'Eixample,Sant Joan,Dilluns,2025,1,Gener,13,20,Tarda,NA,NA,1,NA,1,2,2,41,2025-01-13,Monday,Laborable,Noche (18-24h),NA,Leve,TRUE
2.025e+214,6,Gràcia,28,Vallcarca i els Penitents,Vallcarca,Dilluns,2025,1,Gener,13,19,Tarda,NA,NA,1,NA,1,2,2,41,2025-01-13,Monday,Laborable,Noche (18-24h),NA,Leve,TRUE
2.025e+215,2,Eixample,8,l'Antiga Esquerra de l'Eixample,Aragó,Dilluns,2025,1,Gener,13,15,Tarda,NA,NA,1,NA,1,2,2,41,2025-01-13,Monday,Laborable,Tarde (12-18h),NA,Leve,TRUE
2.025e+216,2,Eixample,6,la Sagrada Família,Rosselló,Dilluns,2025,1,Gener,13,18,Tarda,NA,NA,1,NA,1,2,2,41,2025-01-13,Monday,Laborable,Noche (18-24h),NA,Leve,TRUE
2.025e+217,7,Horta-Guinardó,37,el Carmel,Mare de Déu del Coll,Dissabte,2025,1,Gener,11,13,Matí,NA,NA,2,NA,2,2,2,41,2025-01-11,Saturday,Fin de semana,Tarde (12-18h),NA,Leve,TRUE
2.025e+218,4,Les Corts,19,les Corts,Mig (Ascendent),Dimarts,2025,1,Gener,14,8,Matí,NA,NA,1,NA,1,2,2,41,2025-01-14,Tuesday,Laborable,Manana (06-12h),NA,Leve,TRUE
2.025e+219,9,Sant Andreu,59,el Bon Pastor,B-10 (Llobregat),Dilluns,2025,1,Gener,13,11,Matí,NA,NA,1,NA,1,2,2,41,2025-01-13,Monday,Laborable,Manana (06-12h),NA,Leve,TRUE
2.025e+220,3,Sants-Montjuïc,11,el Poble Sec,Litoral (Llobregat),Dilluns,2025,1,Gener,13,14,Tarda,NA,NA,2,NA,2,2,2,41,2025-01-13,Monday,Laborable,Tarde (12-18h),NA,Leve,TRUE
2.025e+221,2,Eixample,7,la Dreta de l'Eixample,Sant Joan,Dilluns,2025,1,Gener,13,11,Matí,NA,NA,1,NA,1,2,2,41,2025-01-13,Monday,Laborable,Manana (06-12h),NA,Leve,TRUE
2.025e+222,7,Horta-Guinardó,38,la Teixonera,Coll i Alentorn,Dimarts,2025,1,Gener,14,9,Matí,NA,NA,1,NA,1,2,2,41,2025-01-14,Tuesday,Laborable,Manana (06-12h),NA,Leve,TRUE
2.025e+223,5,Sarrià-Sant Gervasi,23,Sarrià,B-20 (Besòs),Dilluns,2025,1,Gener,13,9,Matí,NA,NA,1,NA,1,2,2,41,2025-01-13,Monday,Laborable,Manana (06-12h),NA,Leve,TRUE
2.025e+224,7,Horta-Guinardó,37,el Carmel,Santuari,Dimarts,2025,1,Gener,14,12,Matí,NA,NA,1,NA,1,2,2,41,2025-01-14,Tuesday,Laborable,Tarde (12-18h),NA,Leve,TRUE
2.025e+225,10,Sant Martí,66,el Parc i la Llacuna del Poblenou,Badajoz,Dilluns,2025,1,Gener,13,16,Tarda,NA,NA,1,NA,1,2,2,41,2025-01-13,Monday,Laborable,Tarde (12-18h),NA,Leve,TRUE
2.025e+226,2,Eixample,5,el Fort Pienc,Marina,Dilluns,2025,1,Gener,13,15,Tarda,NA,NA,NA,1,1,1,2,41,2025-01-13,Monday,Laborable,Tarde (12-18h),NA,Grave,TRUE
2.025e+227,3,Sants-Montjuïc,12,la Marina del Prat Vermell,Número 50 Zona Franca,Dimarts,2025,1,Gener,14,14,Tarda,NA,NA,1,NA,1,1,2,41,2025-01-14,Tuesday,Laborable,Tarde (12-18h),NA,Leve,TRUE
2.025e+228,9,Sant Andreu,58,Baró de Viver,Santa Coloma,Dimarts,2025,1,Gener,14,15,Tarda,NA,NA,1,NA,1,2,2,41,2025-01-14,Tuesday,Laborable,Tarde (12-18h),NA,Leve,TRUE
2.025e+229,1,Ciutat Vella,2,el Barri Gòtic,Duc de Medinaceli,Dimarts,2025,1,Gener,14,10,Matí,NA,NA,1,NA,1,2,2,41,2025-01-14,Tuesday,Laborable,Manana (06-12h),NA,Leve,TRUE
2.025e+230,5,Sarrià-Sant Gervasi,25,Sant Gervasi - la Bonanova,Sant Gervasi,Dimarts,2025,1,Gener,14,15,Tarda,NA,NA,1,NA,1,2,2,41,2025-01-14,Tuesday,Laborable,Tarde (12-18h),NA,Leve,TRUE
2.025e+231,4,Les Corts,20,la Maternitat i Sant Ramon,Mig (Descendent),Dimarts,2025,1,Gener,14,13,Matí,NA,NA,1,NA,1,2,2,41,2025-01-14,Tuesday,Laborable,Tarde (12-18h),NA,Leve,TRUE
2.025e+232,10,Sant Martí,71,Provençals del Poblenou,Corts Catalanes,Dimarts,2025,1,Gener,14,19,Tarda,NA,NA,1,NA,1,2,2,41,2025-01-14,Tuesday,Laborable,Noche (18-24h),NA,Leve,TRUE
2.025e+233,2,Eixample,9,la Nova Esquerra de l'Eixample,València,Divendres,2025,1,Gener,10,9,Matí,NA,NA,NA,1,1,1,2,41,2025-01-10,Friday,Laborable,Manana (06-12h),NA,Grave,TRUE
2.025e+234,2,Eixample,9,la Nova Esquerra de l'Eixample,Corts Catalanes,Dimarts,2025,1,Gener,14,12,Matí,NA,NA,1,NA,1,2,2,41,2025-01-14,Tuesday,Laborable,Tarde (12-18h),NA,Leve,TRUE
2.025e+235,8,Nou Barris,45,Porta,Rio de Janeiro,Dimarts,2025,1,Gener,14,16,Tarda,NA,NA,1,NA,1,2,2,41,2025-01-14,Tuesday,Laborable,Tarde (12-18h),NA,Leve,TRUE
2.025e+236,2,Eixample,6,la Sagrada Família,València,Dimarts,2025,1,Gener,14,17,Tarda,NA,NA,NA,NA,NA,2,2,41,2025-01-14,Tuesday,Laborable,Tarde (12-18h),NA,Leve,NA
2.025e+237,2,Eixample,8,l'Antiga Esquerra de l'Eixample,Aragó,Dimarts,2025,1,Gener,14,16,Tarda,NA,NA,1,NA,1,2,2,41,2025-01-14,Tuesday,Laborable,Tarde (12-18h),NA,Leve,TRUE
2.025e+238,2,Eixample,7,la Dreta de l'Eixample,Aragó,Dimarts,2025,1,Gener,14,20,Tarda,Desobeir el senyal del semàfor,NA,1,NA,1,1,2,41,2025-01-14,Tuesday,Laborable,Noche (18-24h),NA,Leve,TRUE
2.025e+239,2,Eixample,10,Sant Antoni,Comte d'Urgell,Diumenge,2025,1,Gener,12,7,Matí,NA,NA,1,NA,1,2,2,41,2025-01-12,Sunday,Fin de semana,Manana (06-12h),NA,Leve,TRUE
2.025e+240,7,Horta-Guinardó,37,el Carmel,Carmel,Dissabte,2025,1,Gener,11,10,Matí,NA,NA,NA,NA,NA,2,2,41,2025-01-11,Saturday,Fin de semana,Manana (06-12h),NA,Leve,NA
2.025e+241,2,Eixample,9,la Nova Esquerra de l'Eixample,Provença,Dilluns,2025,1,Gener,13,10,Matí,NA,NA,1,NA,1,2,2,41,2025-01-13,Monday,Laborable,Manana (06-12h),NA,Leve,TRUE
2.025e+242,9,Sant Andreu,63,Navas,Espronceda,Dimecres,2025,1,Gener,15,7,Matí,NA,NA,1,NA,1,2,2,41,2025-01-15,Wednesday,Laborable,Manana (06-12h),NA,Leve,TRUE
2.025e+243,3,Sants-Montjuïc,18,Sants,Mig (Ascendent),Dimecres,2025,1,Gener,15,7,Matí,NA,NA,2,NA,2,2,2,41,2025-01-15,Wednesday,Laborable,Manana (06-12h),NA,Leve,TRUE
2.025e+244,2,Eixample,7,la Dreta de l'Eixample,Rosselló,Dilluns,2025,1,Gener,13,12,Matí,NA,NA,NA,NA,NA,5,2,41,2025-01-13,Monday,Laborable,Tarde (12-18h),NA,Leve,NA
2.025e+245,2,Eixample,10,Sant Antoni,Sepúlveda,Dilluns,2025,1,Gener,13,15,Tarda,NA,NA,1,NA,1,2,2,41,2025-01-13,Monday,Laborable,Tarde (12-18h),NA,Leve,TRUE
2.025e+246,2,Eixample,7,la Dreta de l'Eixample,Pau Claris,Dilluns,2025,1,Gener,13,12,Matí,NA,NA,1,NA,1,2,2,41,2025-01-13,Monday,Laborable,Tarde (12-18h),NA,Leve,TRUE
2.025e+247,5,Sarrià-Sant Gervasi,23,Sarrià,Artós,Dimarts,2025,1,Gener,14,9,Matí,NA,NA,NA,NA,NA,1,2,41,2025-01-14,Tuesday,Laborable,Manana (06-12h),NA,Leve,NA
2.025e+248,2,Eixample,9,la Nova Esquerra de l'Eixample,Josep Tarradellas,Dimecres,2025,1,Gener,15,9,Matí,NA,NA,1,NA,1,1,2,41,2025-01-15,Wednesday,Laborable,Manana (06-12h),NA,Leve,TRUE
2.025e+249,5,Sarrià-Sant Gervasi,26,Sant Gervasi - Galvany,Laforja,Dimecres,2025,1,Gener,15,11,Matí,Desobeir altres senyals,NA,1,NA,1,2,2,41,2025-01-15,Wednesday,Laborable,Manana (06-12h),NA,Leve,TRUE
2.025e+250,7,Horta-Guinardó,43,Horta,Lisboa,Dimecres,2025,1,Gener,15,11,Matí,NA,NA,1,NA,1,1,2,41,2025-01-15,Wednesday,Laborable,Manana (06-12h),NA,Leve,TRUE
2.025e+251,7,Horta-Guinardó,40,Montbau,Vall d'Hebron,Dimecres,2025,1,Gener,15,10,Matí,NA,NA,NA,1,1,1,2,41,2025-01-15,Wednesday,Laborable,Manana (06-12h),NA,Grave,TRUE
2.025e+252,2,Eixample,5,el Fort Pienc,Ausiàs Marc,Dimarts,2025,1,Gener,14,11,Matí,NA,NA,1,NA,1,2,2,41,2025-01-14,Tuesday,Laborable,Manana (06-12h),NA,Leve,TRUE
2.025e+253,4,Les Corts,20,la Maternitat i Sant Ramon,Corts,Dimecres,2025,1,Gener,15,13,Matí,NA,NA,1,NA,1,2,2,41,2025-01-15,Wednesday,Laborable,Tarde (12-18h),NA,Leve,TRUE
2.025e+254,10,Sant Martí,69,Diagonal Mar i el Front Marítim del Poblenou,Bac de Roda,Dimecres,2025,1,Gener,15,9,Matí,NA,NA,1,NA,1,2,2,41,2025-01-15,Wednesday,Laborable,Manana (06-12h),NA,Leve,TRUE
2.025e+255,10,Sant Martí,64,el Camp de l'Arpa del Clot,València,Dimecres,2025,1,Gener,15,13,Matí,NA,NA,2,NA,2,2,2,41,2025-01-15,Wednesday,Laborable,Tarde (12-18h),NA,Leve,TRUE
2.025e+256,2,Eixample,8,l'Antiga Esquerra de l'Eixample,València,Dijous,2025,1,Gener,23,16,Tarda,NA,NA,1,NA,1,2,2,41,2025-01-23,Thursday,Laborable,Tarde (12-18h),NA,Leve,TRUE
2.025e+257,2,Eixample,8,l'Antiga Esquerra de l'Eixample,Corts Catalanes,Dimecres,2025,1,Gener,15,14,Tarda,NA,NA,1,NA,1,2,2,41,2025-01-15,Wednesday,Laborable,Tarde (12-18h),NA,Leve,TRUE
2.025e+258,4,Les Corts,21,Pedralbes,B-20 (Besòs),Dimecres,2025,1,Gener,15,16,Tarda,NA,NA,2,NA,2,4,2,41,2025-01-15,Wednesday,Laborable,Tarde (12-18h),NA,Leve,TRUE
2.025e+259,1,Ciutat Vella,1,el Raval,Guifré,Dimecres,2025,1,Gener,15,16,Tarda,NA,NA,1,NA,1,1,2,41,2025-01-15,Wednesday,Laborable,Tarde (12-18h),NA,Leve,TRUE
2.025e+260,3,Sants-Montjuïc,11,el Poble Sec,Francesc Ferrer i Guàrdia,Dimecres,2025,1,Gener,15,20,Tarda,NA,NA,1,NA,1,2,2,41,2025-01-15,Wednesday,Laborable,Noche (18-24h),NA,Leve,TRUE
2.025e+261,5,Sarrià-Sant Gervasi,27,el Putxet i el Farró,Sant Gervasi,Dimecres,2025,1,Gener,15,17,Tarda,NA,NA,1,NA,1,1,2,41,2025-01-15,Wednesday,Laborable,Tarde (12-18h),NA,Leve,TRUE
2.025e+262,7,Horta-Guinardó,39,Sant Genís dels Agudells,Vall d'Hebron,Dimecres,2025,1,Gener,15,18,Tarda,NA,NA,1,NA,1,2,2,41,2025-01-15,Wednesday,Laborable,Noche (18-24h),NA,Leve,TRUE
2.025e+263,6,Gràcia,31,la Vila de Gràcia,Sant Salvador,Dimecres,2025,1,Gener,15,20,Tarda,Desobeir altres senyals,NA,1,NA,1,2,2,41,2025-01-15,Wednesday,Laborable,Noche (18-24h),NA,Leve,TRUE
2.025e+264,2,Eixample,6,la Sagrada Família,València,Dimecres,2025,1,Gener,15,20,Tarda,NA,NA,1,NA,1,1,2,41,2025-01-15,Wednesday,Laborable,Noche (18-24h),NA,Leve,TRUE
2.025e+265,10,Sant Martí,70,el Besòs i el Maresme,Garcia Fària,Dimecres,2025,1,Gener,15,18,Tarda,NA,NA,1,NA,1,2,2,41,2025-01-15,Wednesday,Laborable,Noche (18-24h),NA,Leve,TRUE
2.025e+266,10,Sant Martí,69,Diagonal Mar i el Front Marítim del Poblenou,B-10 (Besòs),Dimecres,2025,1,Gener,15,23,Nit,NA,NA,3,NA,3,4,2,41,2025-01-15,Wednesday,Laborable,Noche (18-24h),NA,Leve,TRUE
2.025e+267,4,Les Corts,21,Pedralbes,Capità Arenas,Dimecres,2025,1,Gener,15,19,Tarda,NA,NA,3,NA,3,2,2,41,2025-01-15,Wednesday,Laborable,Noche (18-24h),NA,Leve,TRUE
2.025e+268,4,Les Corts,21,Pedralbes,Diagonal,Dimecres,2025,1,Gener,15,15,Tarda,NA,NA,2,NA,2,2,2,41,2025-01-15,Wednesday,Laborable,Tarde (12-18h),NA,Leve,TRUE
2.025e+269,6,Gràcia,28,Vallcarca i els Penitents,B-20 (Besòs),Dimecres,2025,1,Gener,15,18,Tarda,NA,NA,1,NA,1,2,2,41,2025-01-15,Wednesday,Laborable,Noche (18-24h),NA,Leve,TRUE
2.025e+270,9,Sant Andreu,63,Navas,Meridiana,Dimecres,2025,1,Gener,15,11,Matí,NA,NA,1,NA,1,2,2,41,2025-01-15,Wednesday,Laborable,Manana (06-12h),NA,Leve,TRUE
2.025e+271,5,Sarrià-Sant Gervasi,26,Sant Gervasi - Galvany,General Mitre,Divendres,2025,2,Febrer,7,19,Tarda,NA,NA,1,NA,1,2,2,41,2025-02-07,Friday,Laborable,Noche (18-24h),NA,Leve,TRUE
2.025e+272,4,Les Corts,21,Pedralbes,Jordi Girona,Dimecres,2025,1,Gener,15,21,Tarda,NA,NA,1,NA,1,1,2,41,2025-01-15,Wednesday,Laborable,Noche (18-24h),NA,Leve,TRUE
2.025e+273,5,Sarrià-Sant Gervasi,24,les Tres Torres,Ganduxer,Dijous,2025,1,Gener,16,10,Matí,Altres,NA,NA,1,1,1,2,41,2025-01-16,Thursday,Laborable,Manana (06-12h),NA,Grave,TRUE
2.025e+274,8,Nou Barris,49,Canyelles,B-20 (Llobregat),Dijous,2025,1,Gener,16,10,Matí,NA,NA,1,NA,1,2,2,41,2025-01-16,Thursday,Laborable,Manana (06-12h),NA,Leve,TRUE
2.025e+275,3,Sants-Montjuïc,15,Hostafrancs,Espanya,Dijous,2025,1,Gener,16,11,Matí,NA,NA,1,NA,1,2,2,41,2025-01-16,Thursday,Laborable,Manana (06-12h),NA,Leve,TRUE
2.025e+276,7,Horta-Guinardó,35,el Guinardó,Mare de Déu de Montserrat,Dimecres,2025,1,Gener,15,19,Tarda,Altres,NA,1,NA,1,1,2,41,2025-01-15,Wednesday,Laborable,Noche (18-24h),NA,Leve,TRUE
2.025e+277,9,Sant Andreu,59,el Bon Pastor,Ciutat d'Asunción,Dijous,2025,1,Gener,16,12,Matí,NA,NA,1,NA,1,2,2,41,2025-01-16,Thursday,Laborable,Tarde (12-18h),NA,Leve,TRUE
2.025e+278,7,Horta-Guinardó,39,Sant Genís dels Agudells,Vall d'Hebron,Dimecres,2025,1,Gener,15,19,Tarda,NA,NA,2,NA,2,2,2,41,2025-01-15,Wednesday,Laborable,Noche (18-24h),NA,Leve,TRUE
2.025e+279,9,Sant Andreu,59,el Bon Pastor,Potosí,Dijous,2025,1,Gener,16,14,Tarda,NA,NA,3,NA,3,2,2,41,2025-01-16,Thursday,Laborable,Tarde (12-18h),NA,Leve,TRUE
2.025e+280,2,Eixample,10,Sant Antoni,Manso,Dijous,2025,1,Gener,16,15,Tarda,NA,NA,1,NA,1,1,2,41,2025-01-16,Thursday,Laborable,Tarde (12-18h),NA,Leve,TRUE
2.025e+281,8,Nou Barris,44,Vilapicina i la Torre Llobeta,Maragall,Dijous,2025,1,Gener,16,20,Tarda,NA,NA,1,NA,1,2,2,41,2025-01-16,Thursday,Laborable,Noche (18-24h),NA,Leve,TRUE
2.025e+282,3,Sants-Montjuïc,16,la Bordeta,Ildefons Cerdà,Dijous,2025,1,Gener,16,17,Tarda,NA,NA,NA,NA,NA,3,2,41,2025-01-16,Thursday,Laborable,Tarde (12-18h),NA,Leve,NA
2.025e+283,7,Horta-Guinardó,39,Sant Genís dels Agudells,Dalt (Besòs),Dijous,2025,1,Gener,16,16,Tarda,NA,NA,1,NA,1,2,2,41,2025-01-16,Thursday,Laborable,Tarde (12-18h),NA,Leve,TRUE
2.025e+284,8,Nou Barris,48,la Guineueta,Karl Marx,Dijous,2025,1,Gener,16,19,Tarda,NA,NA,1,NA,1,2,2,41,2025-01-16,Thursday,Laborable,Noche (18-24h),NA,Leve,TRUE
2.025e+285,9,Sant Andreu,63,Navas,Gran de la Sagrera,Dijous,2025,1,Gener,16,20,Tarda,NA,NA,1,NA,1,2,2,41,2025-01-16,Thursday,Laborable,Noche (18-24h),NA,Leve,TRUE
2.025e+286,10,Sant Martí,68,el Poblenou,Ciutat de Granada,Dimarts,2025,1,Gener,14,5,Nit,NA,NA,2,NA,2,4,2,41,2025-01-14,Tuesday,Laborable,Madrugada (00-06h),NA,Leve,TRUE
2.025e+287,10,Sant Martí,73,la Verneda i la Pau,Guipúscoa,Divendres,2025,1,Gener,17,1,Nit,NA,NA,1,NA,1,2,2,41,2025-01-17,Friday,Laborable,Madrugada (00-06h),NA,Leve,TRUE
2.025e+288,6,Gràcia,31,la Vila de Gràcia,Augusta,Divendres,2025,1,Gener,17,5,Nit,NA,NA,NA,NA,NA,1,2,41,2025-01-17,Friday,Laborable,Madrugada (00-06h),NA,Leve,NA
2.025e+289,9,Sant Andreu,61,la Sagrera,Pont de Sant Martí,Dijous,2025,1,Gener,16,10,Matí,NA,NA,1,NA,1,2,2,41,2025-01-16,Thursday,Laborable,Manana (06-12h),NA,Leve,TRUE
2.025e+290,3,Sants-Montjuïc,12,la Marina del Prat Vermell,B-10 (Besòs),Dijous,2025,1,Gener,16,9,Matí,NA,NA,2,NA,2,2,2,41,2025-01-16,Thursday,Laborable,Manana (06-12h),NA,Leve,TRUE
2.025e+291,10,Sant Martí,66,el Parc i la Llacuna del Poblenou,Meridiana,Divendres,2025,1,Gener,17,5,Nit,NA,NA,3,NA,3,2,2,41,2025-01-17,Friday,Laborable,Madrugada (00-06h),NA,Leve,TRUE
2.025e+292,2,Eixample,7,la Dreta de l'Eixample,Balmes,Dimarts,2025,1,Gener,14,11,Matí,NA,NA,5,NA,5,1,2,41,2025-01-14,Tuesday,Laborable,Manana (06-12h),NA,Leve,TRUE
2.025e+293,6,Gràcia,31,la Vila de Gràcia,Riera de Cassoles,Dijous,2025,1,Gener,16,9,Matí,Desobeir el senyal del semàfor,NA,1,NA,1,1,2,41,2025-01-16,Thursday,Laborable,Manana (06-12h),NA,Leve,TRUE
2.025e+294,2,Eixample,8,l'Antiga Esquerra de l'Eixample,Comte d'Urgell,Divendres,2025,1,Gener,17,8,Matí,NA,NA,NA,NA,NA,1,2,41,2025-01-17,Friday,Laborable,Manana (06-12h),NA,Leve,NA
2.025e+295,2,Eixample,6,la Sagrada Família,Aragó,Divendres,2025,1,Gener,17,6,Matí,NA,NA,1,NA,1,2,2,41,2025-01-17,Friday,Laborable,Manana (06-12h),NA,Leve,TRUE
2.025e+296,5,Sarrià-Sant Gervasi,24,les Tres Torres,Augusta,Divendres,2025,1,Gener,17,9,Matí,NA,NA,1,NA,1,2,2,41,2025-01-17,Friday,Laborable,Manana (06-12h),NA,Leve,TRUE
2.025e+297,8,Nou Barris,48,la Guineueta,Favència,Dijous,2025,1,Gener,16,20,Tarda,NA,NA,1,NA,1,2,2,41,2025-01-16,Thursday,Laborable,Noche (18-24h),NA,Leve,TRUE
2.025e+298,7,Horta-Guinardó,33,el Baix Guinardó,Mare de Déu de Montserrat,Dijous,2025,1,Gener,16,10,Matí,NA,NA,1,NA,1,2,2,41,2025-01-16,Thursday,Laborable,Manana (06-12h),NA,Leve,TRUE
2.025e+299,2,Eixample,6,la Sagrada Família,Provença,Dijous,2025,1,Gener,16,21,Tarda,NA,NA,1,NA,1,2,2,41,2025-01-16,Thursday,Laborable,Noche (18-24h),NA,Leve,TRUE
2.025e+300,4,Les Corts,20,la Maternitat i Sant Ramon,Joan XXIII,Dijous,2025,1,Gener,16,17,Tarda,Creuar per fora pas de vianants,NA,1,NA,1,1,2,41,2025-01-16,Thursday,Laborable,Tarde (12-18h),NA,Leve,TRUE
2.025e+301,8,Nou Barris,48,la Guineueta,Urrutia,Diumenge,2025,1,Gener,12,17,Tarda,NA,NA,NA,NA,NA,1,2,41,2025-01-12,Sunday,Fin de semana,Tarde (12-18h),NA,Leve,NA
2.025e+302,10,Sant Martí,70,el Besòs i el Maresme,Diagonal,Dijous,2025,1,Gener,16,20,Tarda,NA,NA,2,NA,2,2,2,41,2025-01-16,Thursday,Laborable,Noche (18-24h),NA,Leve,TRUE
2.025e+303,2,Eixample,5,el Fort Pienc,Diputació,Divendres,2025,1,Gener,17,8,Matí,NA,NA,1,NA,1,1,2,41,2025-01-17,Friday,Laborable,Manana (06-12h),NA,Leve,TRUE
2.025e+304,1,Ciutat Vella,1,el Raval,Portal de Santa Madrona,Dijous,2025,1,Gener,16,18,Tarda,NA,NA,1,NA,1,2,2,41,2025-01-16,Thursday,Laborable,Noche (18-24h),NA,Leve,TRUE
2.025e+305,5,Sarrià-Sant Gervasi,26,Sant Gervasi - Galvany,Bori i Fontestà,Dijous,2025,1,Gener,16,20,Tarda,NA,NA,2,NA,2,2,2,41,2025-01-16,Thursday,Laborable,Noche (18-24h),NA,Leve,TRUE
2.025e+306,6,Gràcia,28,Vallcarca i els Penitents,Vallcarca,Divendres,2025,1,Gener,17,15,Tarda,Desobeir el senyal del semàfor,NA,1,NA,1,1,2,41,2025-01-17,Friday,Laborable,Tarde (12-18h),NA,Leve,TRUE
2.025e+307,2,Eixample,9,la Nova Esquerra de l'Eixample,Roma,Divendres,2025,1,Gener,17,17,Tarda,NA,NA,3,NA,3,2,2,41,2025-01-17,Friday,Laborable,Tarde (12-18h),NA,Leve,TRUE
